Workbook
Name Table4: #REF!
Name Table5: #REF!

Sheet About
A1: BCEU BAU Components Energy Use
A3: Sources: | B3: Energy Consumption in Residential (Household) Sector
B4: ESDM
B5: 2019
B6: Handbook of Energy and Economic Statistics of Indonesia
B7: https://www.esdm.go.id/id/publikasi/handbook-of-energy-economic-statistics-of-indonesia
B8: Table 5.2.2
B10: Energy End-Use Assumptions
B11: ESDM
B12: 2019
B13: Indonesia Energy Outlook
B14: https://www.esdm.go.id/assets/media/content/content-indonesia-energy-outlook-2019-english-version.pdf
B16: Urbanization Rate
B17: Badan Pusat Statistik
B18: 2020
B19: https://www.bps.go.id/statictable/2014/02/18/1276/persentase-penduduk-daerah-perkotaan-hasil-proyeksi-penduduk-menurut-provinsi-2015---2035.html
B21: Residential End Use Data
B22: CLASP and Ipsos
B23: 2020
B24: Indonesia Residential End Use Survey
B25: https://www.clasp.ngo/wp-content/uploads/2021/01/Indonesia-Residential-End-Use-Survey.pdf
B27: Commercial End Use Percentage
B28: ESDM
B29: 2016
B30: Kalkulator 2050
B31: discontinued, but data is taken from previous version of Indonesia EPS
A33: Notes:
B34: How data is processed and projected
B35: Energy consumption in residential and commercial sector data is available in HEESI 2019 with corresponding energy source, but end-use is not specified. To find the end-use fraction in residential area, some assumption are taken (see 'MAPPING' sheet for details) based on notes in Indonesia Energy Outlook. To verify the assumptions, Welfare Statistics 2019 (BPS) that shows fraction of end-use (not final energy demand) was also checked. Whereas for commercial sector, there is no report found, therefore the end-use fraction are taken from processing the old data (previous EPS used Kalkulator 2050 that was discontinued). The end-use 'cooking' is categorized as 'appliances'.
A43: 44965 | B43: Reformatted to v3 of file format. There was already many zeros highlighted in red, so left all to those.
B44: Also, noting that the US file format included a variable for "Start year = 2019" on the About page. Not included in this file.
B45: In Urban Residential, biogas was combined with natural gas.
A47: 45237 | B47: Residential values are from the LEAP projection data
B48: Commercial values are from the Handbook of Energy and Economic Statistics of Indonesia
B49: Categorized gas oil and industrial diesel oil as ‘appliances’ and biogas oil as ‘other’.

Sheet MAPPING
A1: Urban residential
B2: cooling | C2: cooking | D2: appliances | E2: lighting | F2: other | G2: heating
A3: biomass | B3: 0 | C3: 0 | D3: 0 | E3: 0 | F3: 0 | G3: 0
A4: gas | B4: 0 | C4: v | D4: 0 | E4: 0 | F4: 0 | G4: 0
A5: kerosene | B5: 0 | C5: 0 | D5: 0 | E5: 0 | F5: 0 | G5: 0
A6: lpg | B6: 0 | C6: v | D6: 0 | E6: 0 | F6: 0 | G6: 0
A7: biogas | B7: 0 | C7: v | D7: 0 | E7: 0 | F7: 0 | G7: 0
A8: electricity | B8: v | C8: v | D8: v | E8: v | F8: v | G8: 0
A10: Rural residential
B11: cooling | C11: cooking | D11: appliances | E11: lighting | F11: other | G11: heating
A12: biomass | B12: 0 | C12: v | D12: 0 | E12: 0 | F12: 0 | G12: 0
A13: gas | B13: 0 | C13: v | D13: 0 | E13: 0 | F13: 0 | G13: 0
A14: kerosene | B14: 0 | C14: 0 | D14: 0 | E14: v | F14: 0 | G14: 0
A15: lpg | B15: 0 | C15: v | D15: 0 | E15: 0 | F15: 0 | G15: 0
A16: biogas | B16: 0 | C16: 0 | D16: 0 | E16: 0 | F16: 0 | G16: 0
A17: electricity | B17: v | C17: v | D17: v | E17: v | F17: v | G17: 0

Sheet Electricity Residential
B21: year: 2019
B22: electricity, by end use
A23: GWh | B23: Category in CLASP | C23: Category in EPS | D23: Total in EPS | F23: This data is then divided for urban and rural use based on urbanization rate (electricity end-use % consumption rate is assumed to be the same)
A24: 5057 | B24: air conditioner | C24: cooling | D24: =A24+A25 -> 11739
A25: 6682 | B25: electric fan
A26: 15296 | B26: refrigerator | C26: cooking | D26: =A26+A27 -> 30353
A27: 15057 | B27: rice cooker/warmer
A28: 6378 | B28: television | C28: appliances | D28: =SUM(A28:A33) -> 13120
A29: 1232 | B29: other 32 appliances
A30: 1063 | B30: iron
A31: 1066 | B31: washing machine
A32: 2420 | B32: dispenser | F32: Total electricity consumption in household (2019)
A33: 961 | B33: water pump | F33: PLN 2019: | G33: 102917 | H33: GWh
A34: 13112 | B34: lighting | C34: lighting | D34: =A34 -> 13112 | F34: HEESI 2019: | G34: 103016 | H34: GWh
A35: 37064 | B35: uncategorized | C35: other | D35: =A35+A36 -> 37163 | F35: conclusion: data is valid since the difference between 2 sources is low
A36: =G34-G33 -> 99 | B36: modulus (unmatch between PLN and HSEE)

Sheet Energy in Residential
A1: Energy consumption in household sector (HEESI, 2019)
A2: year | B2: biomass (thousand ton) | C2: gas (mmscf) | D2: kerosene (kilo liter) | E2: LPG (thousand ton) | F2: biogas (thousand m3) | G2: electricity (GWh) | K2: 2010 | L2: 2011 | M2: 2012 | N2: 2013 | O2: 2014 | P2: 2015 | Q2: 2016 | R2: 2017 | S2: 2018 | T2: 2019
A3: 2009 | B3: 27452 | C3: 722 | D3: 4091982 | E3: 2671 | F3: n.a | G3: 54945 | J3: Urban Households (%) | K3: 0.498 | L3: 0.505 | M3: 0.512 | N3: 0.519 | O3: 0.526 | P3: 0.533 | Q3: 0.5398 | R3: 0.5466 | S3: 0.5534 | T3: 0.5602
A4: 2010 | B4: 27445 | C4: 751 | D4: 2436009 | E4: 3564 | F4: n.a | G4: 59825 | J4: Rural Households (%) | K4: 0.502 | L4: 0.495 | M4: 0.488 | N4: 0.481 | O4: 0.474 | P4: 0.467 | Q4: 0.4602 | R4: 0.4534 | S4: 0.4466 | T4: 0.4398
A5: 2011 | B5: 26173 | C5: 635 | D5: 1699298 | E5: 4144 | F5: n.a | G5: 65112
A6: 2012 | B6: 23996 | C6: 748 | D6: 1183526 | E6: 4824 | F6: n.a | G6: 72133
A7: 2013 | B7: 21553 | C7: 681 | D7: 1079100 | E7: 5377 | F7: n.a | G7: 77211
A8: 2014 | B8: 20108 | C8: 636 | D8: 831641 | E8: 5843 | F8: n.a | G8: 84086
A9: 2015 | B9: 16740 | C9: 648 | D9: 658537 | E9: 6115 | F9: 18953 | G9: 88682 | I9: conversion factor from original to btu (HEESI, 2019)
A10: 2016 | B10: 14965 | C10: 761 | D10: 512604 | E10: 6370 | F10: 22800 | G10: 93635 | I10: biomass (thousand ton) | J10: gas (mmscf) | K10: kerosene (kilo liter) | L10: LPG (thousand ton) | M10: biogas (thousand m3) | N10: electricity (GWh)
A11: 2017 | B11: 12642 | C11: 983 | D11: 525429 | E11: 6896 | F11: 24786 | G11: 94457 | I11: =I13/B13 -> 1.3325312e+10 | J11: =J13/C13 -> 1.0421131e+09 | K11: =K13/D13 -> 34370776 | L11: =L13/E13 -> 4.9432835e+10 | M11: =M13/F13 -> 36854778 | N11: 3412141632
A12: 2018 | B12: 10018 | C12: 1131 | D12: 513411 | E12: 7252 | F12: 25670 | G12: 102712
A13: 2019 | B13: 7490 | C13: 1291 | D13: 484392 | E13: 7447 | F13: 26277 | G13: 103016 | I13: 99806589000000 | J13: 1345368000000 | K13: 1.6648929e+13 | L13: 368126319000000 | M13: 9.68433e+11
A14: original unit | I14: in btu
A15: 2019 | B15: biomass (thousand ton) | C15: gas (mmscf) | D15: kerosene (kilo liter) | E15: LPG (thousand ton) | F15: biogas (thousand m3) | G15: electricity (GWh) | I15: biomass (thousand ton) | J15: gas (mmscf) | K15: kerosene (kilo liter) | L15: LPG (thousand ton) | M15: biogas (thousand m3) | N15: electricity (GWh)
A16: urban | B16: 0 | C16: =C13*$T$3 -> 723.2182 | D16: 0 | E16: =E13*$T$3 -> 4171.8094 | F16: =F13 -> 26277 | G16: =G13*$T$3 -> 57709.563 | H16: urban | I16: =B16*I11 -> 0 | J16: =C16*J11 -> 7.5367515e+11 | K16: =D16*K11 -> 0 | L16: =E16*L11 -> 2.0622436e+14 | M16: =F16*M11 -> 9.68433e+11
A17: rural | B17: =B13-B16 -> 7490 | C17: =C13-C16 -> 567.7818 | D17: =D13-D16 -> 484392 | E17: =E13-E16 -> 3275.1906 | F17: 0 | G17: =G13-G16 -> 45306.437 | H17: rural | I17: =B17*I11 -> 99806589000000 | J17: =C17*J11 -> 5.9169285e+11 | K17: =D17*K11 -> 1.6648929e+13 | L17: =E17*L11 -> 1.6190196e+14 | M17: =F17*M11 -> 0
A19: Urban residential
B20: cooling | C20: cooking | D20: appliances | E20: lighting | F20: other | G20: heating
A21: biomass | B21: 0 | C21: 0 | D21: 0 | E21: 0 | F21: 0 | G21: 0
A22: gas | B22: 0 | C22: =J16 -> 7.5367515e+11 | D22: 0 | E22: 0 | F22: 0 | G22: 0
A23: kerosene | B23: 0 | C23: 0 | D23: 0 | E23: 0 | F23: 0 | G23: 0
A24: lpg | B24: 0 | C24: =L16 -> 2.0622436e+14 | D24: 0 | E24: 0 | F24: 0 | G24: 0
A25: biogas | B25: 0 | C25: =M16 -> 9.68433e+11 | D25: 0 | E25: 0 | F25: 0 | G25: 0
A26: electricity | B26: ='Electricity Residential'!D24*$T$3*$N$11 -> 2.2438884e+13 | C26: ='Electricity Residential'!D26*$T$3*$N$11 -> 5.8019205e+13 | D26: ='Electricity Residential'!D28*$T$3*$N$11 -> 2.507864e+13 | E26: ='Electricity Residential'!D34*$T$3*$N$11 -> 2.5063349e+13 | F26: ='Electricity Residential'!D35*$T$3*$N$11 -> 7.1036396e+13 | G26: 0
A28: Rural residential
B29: cooling | C29: cooking | D29: appliances | E29: lighting | F29: other | G29: heating
A30: biomass | B30: 0 | C30: =I17 -> 99806589000000 | D30: 0 | E30: 0 | F30: 0 | G30: 0
A31: gas | B31: 0 | C31: =J17 -> 5.9169285e+11 | D31: 0 | E31: 0 | F31: 0 | G31: 0
A32: kerosene | B32: 0 | C32: 0 | D32: 0 | E32: =K17 -> 1.6648929e+13 | F32: 0 | G32: 0
A33: lpg | B33: 0 | C33: =L17 -> 1.6190196e+14 | D33: 0 | E33: 0 | F33: 0 | G33: 0
A34: biogas | B34: 0 | C34: 0 | D34: 0 | E34: 0 | F34: 0 | G34: 0
A35: electricity | B35: ='Electricity Residential'!D24*$N$11-B26 -> 1.7616246e+13 | C35: ='Electricity Residential'!D26*$N$11-C26 -> 4.554953e+13 | D35: ='Electricity Residential'!D28*$N$11-D26 -> 1.9688658e+13 | E35: ='Electricity Residential'!D34*$N$11-E26 -> 1.9676652e+13 | F35: ='Electricity Residential'!D35*$N$11-F26 -> 5.5769023e+13 | G35: 0

Sheet Energy in Commercial
B1: Thousand ton | C1: MMSCF | D1: Kilo liter | E1: Kilo liter | F1: Kilo liter | G1: Kilo liter | H1: Kilo liter | I1: Thousand ton | J1: GWh
B2: biomass (thousand ton) | C2: gas (mmscf) | D2: kerosene (kilo liter) | E2: gasoil CN 48 (kilo liter) | F2: biogasoil (kilo liter) | G2: IDO | H2: total fuel (kilo liter) | I2: lpg (thousand ton) | J2: electricity (GWh)
A3: 2019 | B3: 574 | C3: 172 | D3: 26748 | E3: 48063 | F3: 295720 | G3: 334 | H3: 370865 | I3: 206 | J3: 62704
B4: Thousand BOE | C4: Thousand BOE | D4: Thousand BOE | E4: Thousand BOE | F4: Thousand BOE | G4: Thousand BOE | H4: Thousand BOE | I4: Thousand BOE | J4: Thousand BOE
A5: 2019 | B5: =1320 -> 1320 | C5: 31 | D5: 159 | E5: 312 | F5: 1918 | G5: 2 | H5: 2391 | I5: 1758 | J5: 38438
B6: BTU | C6: BTU | D6: BTU | E6: BTU | F6: BTU | G6: BTU | H6: BTU | I6: BTU | J6: BTU
A7: 2019 | B7: =B5*$C$10*1000 -> 7656000000000 | C7: =C5*$C$10*1000 -> 179800000000 | D7: =D5*$C$10*1000 -> 922200000000 | E7: =E5*$C$10*1000 -> 1809600000000 | F7: =F5*$C$10*1000 -> 11124400000000 | G7: =G5*$C$10*1000 -> 11600000000 | I7: =I5*$C$10*1000 -> 10196400000000 | J7: =J5*$C$10*1000 -> 222940400000000
B9: BOE | C9: BTU
B10: 1 | C10: 5800000
A12: Source: Handbook of Energy and Economic Statistics of Indonesia 2021.pdf
I13: LEAP Projection example for 2019
I14: Commercial | J14: 5.9957772e+19
B15: cooling | C15: cooking | D15: appliances | E15: lighting | F15: other | G15: heating | I15: Cooking | J15: 1.0183199e+13
A16: electricity | B16: =J7*B17 -> 1.0086059e+14 | C16: 0 | D16: =J7*D17 -> 1.5867519e+13 | E16: =J7*E17 -> 4.0344237e+13 | F16: =J7*F17 -> 6.586805e+13 | G16: 0 | I16: LPG | J16: 1.0183199e+13
A17: fraction for electricity | B17: 0.45241057 | C17: 0 | D17: 0.071173818 | E17: 0.18096423 | F17: 0.29545138 | G17: 0 | I17: lighting | J17: 3.8718197e+13
A18: Based on the LEAP projection categorization, LPG was used for cooking; electricity was used for lighting, appliances, cooling, and other (divided by the ratio); fuel oil (kerosene, gasoil, biogasoil, IDO) was used for appliances | I18: electricity | J18: 3.8718197e+13
I19: appliances | J19: 2.8154141e+13
A20: Year | B20: heating | C20: cooling & ventilation | D20: envelope | E20: lighting | F20: appliances | G20: other | I20: gas | J20: 1.7924299e+11
A21: electricity (BTU) | B21: 0 | C21: =B16 -> 1.0086059e+14 | D21: 0 | E21: =E16 -> 4.0344237e+13 | F21: =D16 -> 1.5867519e+13 | G21: =F16 -> 6.586805e+13 | I21: fuel oil | J21: 1.2746899e+13
A22: coal (BTU) | B22: 0 | C22: 0 | D22: 0 | E22: 0 | F22: 0 | G22: 0 | I22: Electricity | J22: 1.5227999e+13
A23: natural gas (BTU) | B23: 0 | C23: 0 | D23: 0 | E23: 0 | F23: =C7 -> 179800000000 | G23: 0 | I23: cooling | J23: 9.6795494e+13
A24: petroleum diesel (BTU) | B24: 0 | C24: 0 | D24: 0 | E24: 0 | F24: =G7 -> 11600000000 | G24: 0 | I24: electricity | J24: 9.6795494e+13
A25: heat (BTU) | B25: 0 | C25: 0 | D25: 0 | E25: 0 | F25: 0 | G25: 0 | I25: other | J25: 5.9957598e+19
A26: biomass (BTU) | B26: 0 | C26: 0 | D26: 0 | E26: 0 | F26: =B7+F7 -> 18780400000000 | G26: 0 | I26: electricity
A27: kerosene (BTU) | B27: 0 | C27: 0 | D27: 0 | E27: 0 | F27: =D7 -> 922200000000 | G27: 0
A28: heavy or residual fuel oil (BTU) | B28: 0 | C28: 0 | D28: 0 | E28: 0 | F28: =E7 -> 1809600000000 | G28: 0
A29: LPG propane or butane (BTU) | B29: 0 | C29: 0 | D29: 0 | E29: 0 | F29: =I7 -> 10196400000000 | G29: 0
A30: hydrogen (BTU) | B30: 0 | C30: 0 | D30: 0 | E30: 0 | F30: 0 | G30: 0

Sheet LEAP projection
A1: Energy Demand Final Units
A2: Scenario: BAU, All Fuels
A3: Branch: Demand
A4: Units: British Thermal Units
A6: Branch | B6: 2019 | C6: 2020 | D6: 2021 | E6: 2022 | F6: 2023 | G6: 2024 | H6: 2025 | I6: 2026 | J6: 2027 | K6: 2028 | L6: 2029 | M6: 2030 | N6: 2031 | O6: 2032 | P6: 2033 | Q6: 2034 | R6: 2035 | S6: 2036 | T6: 2037 | U6: 2038 | V6: 2039 | W6: 2040 | X6: 2041 | Y6: 2042 | Z6: 2043 | AA6: 2044 | AB6: 2045 | AC6: 2046 | AD6: 2047 | AE6: 2048 | AF6: 2049 | AG6: 2050
A7: Residential | B7: 4.212082e+14 | C7: 4.2101885e+14 | D7: 4.2082949e+14 | E7: 4.2064013e+14 | F7: 4.2045078e+14 | G7: 4.2026142e+14 | H7: 4.2007206e+14 | I7: 4.1988271e+14 | J7: 4.1969335e+14 | K7: 419503995217343 | L7: 4.1931464e+14 | M7: 4.1912528e+14 | N7: 4.1893593e+14 | O7: 4.1874657e+14 | P7: 4.1855721e+14 | Q7: 4.1836786e+14 | R7: 4.181785e+14 | S7: 4.1811359e+14 | T7: 4.1804868e+14 | U7: 4.1798378e+14 | V7: 4.1791887e+14 | W7: 4.1785396e+14 | X7: 4.1778905e+14 | Y7: 4.1772414e+14 | Z7: 4.1765923e+14 | AA7: 4.1759432e+14 | AB7: 4.1752942e+14 | AC7: 4.1746451e+14 | AD7: 4.173996e+14 | AE7: 4.1733469e+14 | AF7: 4.1726978e+14 | AG7: 4.1720487e+14
A8: Rural | B8: 1.9230262e+14 | C8: 1.894113e+14 | D8: 1.8651998e+14 | E8: 1.8362867e+14 | F8: 1.8073735e+14 | G8: 177846034474662 | H8: 1.7495472e+14 | I8: 1.720634e+14 | J8: 1.6917208e+14 | K8: 1.6628077e+14 | L8: 1.6338945e+14 | M8: 1.6049813e+14 | N8: 1.5760682e+14 | O8: 154715501332993 | P8: 1.5182418e+14 | Q8: 1.4893287e+14 | R8: 1.4604155e+14 | S8: 1.4505045e+14 | T8: 1.4405935e+14 | U8: 1.4306825e+14 | V8: 1.4207715e+14 | W8: 1.4108605e+14 | X8: 1.4009495e+14 | Y8: 1.3910385e+14 | Z8: 1.3811275e+14 | AA8: 1.3712165e+14 | AB8: 1.3613055e+14 | AC8: 1.3513945e+14 | AD8: 1.3414835e+14 | AE8: 1.3315725e+14 | AF8: 1.3216615e+14 | AG8: 1.3117505e+14
A9: cooking | B9: 1.3539255e+14 | C9: 133356886875902 | D9: 1.3132123e+14 | E9: 1.2928557e+14 | F9: 1.2724991e+14 | G9: 1.2521425e+14 | H9: 1.2317859e+14 | I9: 1.2114293e+14 | J9: 1.1910727e+14 | K9: 1.1707161e+14 | L9: 1.1503595e+14 | M9: 1.1300029e+14 | N9: 1.1096463e+14 | O9: 1.0892897e+14 | P9: 1.0689331e+14 | Q9: 1.0485765e+14 | R9: 1.0282199e+14 | S9: 1.0212419e+14 | T9: 1.014264e+14 | U9: 1.0072861e+14 | V9: 1.0003081e+14 | W9: 9.9333019e+13 | X9: 9.8635225e+13 | Y9: 9.7937431e+13 | Z9: 9.7239637e+13 | AA9: 9.6541843e+13 | AB9: 9.5844049e+13 | AC9: 9.5146255e+13 | AD9: 9.4448461e+13 | AE9: 93750667512970 | AF9: 93052873577891 | AG9: 9.235508e+13
A10: Biomass | B10: 4.3894939e+13 | C10: 4.3234968e+13 | D10: 4.2574997e+13 | E10: 4.1915026e+13 | F10: 4.1255054e+13 | G10: 4.0595083e+13 | H10: 3.9935112e+13 | I10: 3.9275141e+13 | J10: 3.861517e+13 | K10: 3.7955199e+13 | L10: 3.7295228e+13 | M10: 3.6635257e+13 | N10: 3.5975286e+13 | O10: 3.5315315e+13 | P10: 3.4655344e+13 | Q10: 3.3995373e+13 | R10: 3.3335401e+13 | S10: 3.3109173e+13 | T10: 3.2882945e+13 | U10: 3.2656717e+13 | V10: 3.2430488e+13 | W10: 3.220426e+13 | X10: 3.1978032e+13 | Y10: 3.1751804e+13 | Z10: 3.1525575e+13 | AA10: 3.1299347e+13 | AB10: 3.1073119e+13 | AC10: 3.084689e+13 | AD10: 3.0620662e+13 | AE10: 3.0394434e+13 | AF10: 3.0168206e+13 | AG10: 2.9941977e+13
A11: LPG | B11: 7.1204493e+13 | C11: 7.0133916e+13 | D11: 6.9063339e+13 | E11: 6.7992763e+13 | F11: 6.6922186e+13 | G11: 6.5851609e+13 | H11: 6.4781032e+13 | I11: 6.3710455e+13 | J11: 6.2639878e+13 | K11: 6.1569301e+13 | L11: 6.0498724e+13 | M11: 5.9428148e+13 | N11: 5.8357571e+13 | O11: 5.7286994e+13 | P11: 5.6216417e+13 | Q11: 5.514584e+13 | R11: 5.4075263e+13 | S11: 5.3708285e+13 | T11: 5.3341307e+13 | U11: 5.297433e+13 | V11: 5.2607352e+13 | W11: 5.2240374e+13 | X11: 5.1873396e+13 | Y11: 5.1506418e+13 | Z11: 5.113944e+13 | AA11: 5.0772463e+13 | AB11: 5.0405485e+13 | AC11: 5.0038507e+13 | AD11: 4.9671529e+13 | AE11: 4.9304551e+13 | AF11: 4.8937573e+13 | AG11: 4.8570596e+13
A12: gas | B12: 2.6022656e+11 | C12: 2.5631399e+11 | D12: 2.5240142e+11 | E12: 2.4848885e+11 | F12: 2.4457628e+11 | G12: 2.4066371e+11 | H12: 2.3675114e+11 | I12: 2.3283857e+11 | J12: 2.28926e+11 | K12: 2.2501343e+11 | L12: 2.2110086e+11 | M12: 2.1718829e+11 | N12: 2.1327572e+11 | O12: 2.0936315e+11 | P12: 2.0545058e+11 | Q12: 2.0153801e+11 | R12: 1.9762544e+11 | S12: 1.9628427e+11 | T12: 1.949431e+11 | U12: 1.9360193e+11 | V12: 1.9226076e+11 | W12: 1.9091959e+11 | X12: 1.8957842e+11 | Y12: 1.8823725e+11 | Z12: 1.8689608e+11 | AA12: 1.8555491e+11 | AB12: 1.8421374e+11 | AC12: 1.8287257e+11 | AD12: 1.815314e+11 | AE12: 1.8019023e+11 | AF12: 1.7884905e+11 | AG12: 1.7750788e+11
A13: Electricity | B13: 2.0032888e+13 | C13: 1.9731689e+13 | D13: 1.943049e+13 | E13: 1.912929e+13 | F13: 1.8828091e+13 | G13: 1.8526891e+13 | H13: 1.8225692e+13 | I13: 1.7924493e+13 | J13: 1.7623293e+13 | K13: 1.7322094e+13 | L13: 1.7020895e+13 | M13: 1.6719695e+13 | N13: 1.6418496e+13 | O13: 1.6117297e+13 | P13: 1.5816097e+13 | Q13: 1.5514898e+13 | R13: 1.5213699e+13 | S13: 1.5110452e+13 | T13: 1.5007205e+13 | U13: 1.4903959e+13 | V13: 1.4800712e+13 | W13: 1.4697465e+13 | X13: 1.4594219e+13 | Y13: 1.4490972e+13 | Z13: 1.4387725e+13 | AA13: 1.4284479e+13 | AB13: 1.4181232e+13 | AC13: 1.4077985e+13 | AD13: 1.3974739e+13 | AE13: 1.3871492e+13 | AF13: 1.3768245e+13 | AG13: 1.3664999e+13
A14: lighting | B14: 1.5976129e+13 | C14: 1.5735924e+13 | D14: 1.5495719e+13 | E14: 1.5255514e+13 | F14: 1.5015309e+13 | G14: 1.4775104e+13 | H14: 1.4534899e+13 | I14: 1.4294694e+13 | J14: 1.4054489e+13 | K14: 1.3814284e+13 | L14: 1.3574079e+13 | M14: 1.3333874e+13 | N14: 1.3093669e+13 | O14: 1.2853464e+13 | P14: 1.2613259e+13 | Q14: 1.2373055e+13 | R14: 1.213285e+13 | S14: 1.2050511e+13 | T14: 1.1968172e+13 | U14: 1.1885833e+13 | V14: 1.1803495e+13 | W14: 1.1721156e+13 | X14: 1.1638817e+13 | Y14: 1.1556479e+13 | Z14: 1.147414e+13 | AA14: 1.1391801e+13 | AB14: 1.1309463e+13 | AC14: 1.1227124e+13 | AD14: 1.1144785e+13 | AE14: 1.1062446e+13 | AF14: 1.0980108e+13 | AG14: 1.0897769e+13
A15: Kerosene | B15: 7.3221856e+12 | C15: 7.2120947e+12 | D15: 7.1020039e+12 | E15: 6.991913e+12 | F15: 6.8818222e+12 | G15: 6.7717314e+12 | H15: 6.6616405e+12 | I15: 6.5515497e+12 | J15: 6.4414588e+12 | K15: 6.331368e+12 | L15: 6.2212772e+12 | M15: 6.1111863e+12 | N15: 6.0010955e+12 | O15: 5.8910046e+12 | P15: 5.7809138e+12 | Q15: 5.6708229e+12 | R15: 5.5607321e+12 | S15: 5.5229946e+12 | T15: 5.4852571e+12 | U15: 5.4475196e+12 | V15: 5.4097821e+12 | W15: 5.3720446e+12 | X15: 5.3343071e+12 | Y15: 5.2965696e+12 | Z15: 5.2588321e+12 | AA15: 5.2210946e+12 | AB15: 5.1833571e+12 | AC15: 5.1456196e+12 | AD15: 5.1078821e+12 | AE15: 5.0701446e+12 | AF15: 5.0324071e+12 | AG15: 4.9946696e+12
A16: Electricity | B16: 8.6539438e+12 | C16: 8.5238297e+12 | D16: 8.3937155e+12 | E16: 8.2636014e+12 | F16: 8.1334872e+12 | G16: 8.0033731e+12 | H16: 7.8732589e+12 | I16: 7.7431448e+12 | J16: 7.6130306e+12 | K16: 7.4829165e+12 | L16: 7.3528023e+12 | M16: 7.2226882e+12 | N16: 7.092574e+12 | O16: 6.9624599e+12 | P16: 6.8323457e+12 | Q16: 6.7022316e+12 | R16: 6.5721174e+12 | S16: 6.5275162e+12 | T16: 6.482915e+12 | U16: 6.4383138e+12 | V16: 6.3937126e+12 | W16: 6.3491114e+12 | X16: 6.3045102e+12 | Y16: 6.259909e+12 | Z16: 6.2153078e+12 | AA16: 6.1707066e+12 | AB16: 6.1261055e+12 | AC16: 6.0815043e+12 | AD16: 6.0369031e+12 | AE16: 5.9923019e+12 | AF16: 5.9477007e+12 | AG16: 5.9030995e+12
A17: appliances | B17: 8.6592214e+12 | C17: 8.5290279e+12 | D17: 8.3988344e+12 | E17: 8.2686409e+12 | F17: 8.1384474e+12 | G17: 8.0082539e+12 | H17: 7.8780604e+12 | I17: 7.7478669e+12 | J17: 7.6176734e+12 | K17: 7.4874799e+12 | L17: 7.3572864e+12 | M17: 7.2270929e+12 | N17: 7.0968994e+12 | O17: 6.9667059e+12 | P17: 6.8365124e+12 | Q17: 6.7063189e+12 | R17: 6.5761254e+12 | S17: 6.531497e+12 | T17: 6.4868686e+12 | U17: 6.4422402e+12 | V17: 6.3976118e+12 | W17: 6.3529834e+12 | X17: 6.308355e+12 | Y17: 6.2637266e+12 | Z17: 6.2190982e+12 | AA17: 6.1744698e+12 | AB17: 6.1298415e+12 | AC17: 6.0852131e+12 | AD17: 6.0405847e+12 | AE17: 5.9959563e+12 | AF17: 5.9513279e+12 | AG17: 5.9066995e+12
... A49: Total | B49: 5.9958193e+19 | C49: 6.5516279e+19 | D49: 7.1589598e+19 | E49: 7.8225915e+19 | F49: 8.5477418e+19 | G49: 9.3401135e+19 | H49: 1.0205938e+20 | I49: 1.1152025e+20 | J49: 1.2185813e+20 | K49: 1.3315434e+20 | L49: 1.4549771e+20 | M49: 1.5898531e+20 | N49: 1.7372321e+20 | O49: 1.8982731e+20 | P49: 2.0742427e+20 | Q49: 2.2665246e+20 | R49: 2.476631e+20 | S49: 2.7062143e+20 | T49: 2.95708e+20 | U49: 3.2312009e+20 | V49: 3.5307329e+20 | W49: 3.8580314e+20 | X49: 4.2156706e+20 | Y49: 4.6064628e+20 | Z49: 5.0334815e+20 | AA49: 5.5000849e+20 | AB49: 6.0099424e+20 | AC49: 6.5670637e+20 | AD49: 7.1758301e+20 | AE49: 7.8410291e+20 | AF49: 8.5678921e+20 | AG49: 9.3621353e+20
C50: =C49/B49-1 -> 0.092699346 | D50: =D49/C49-1 -> 0.092699401 | E50: =E49/D49-1 -> 0.092699452 | F50: =F49/E49-1 -> 0.092699499 | G50: =G49/F49-1 -> 0.092699542 | H50: =H49/G49-1 -> 0.092699581 | I50: =I49/H49-1 -> 0.092699617 | J50: =J49/I49-1 -> 0.092699649 | ... AG50: =AG49/AF49-1 -> 0.092699955

Sheet SYCEU-urban-residential
A1: Year | B1: heating | C1: cooling & ventilation | D1: envelope | E1: lighting | F1: appliances | G1: other
A2: electricity (BTU) | B2: 0 | C2: ='LEAP projection'!B33 -> 1.2570271e+13 | D2: 0 | E2: ='LEAP projection'!B29 -> 1.4040459e+13 | F2: ='LEAP projection'!B31+'LEAP projection'!B27 -> 4.6551383e+13 | G2: ='LEAP projection'!B35 -> 3.9794588e+13
A3: coal (BTU) | B3: 0 | C3: 0 | D3: 0 | E3: 0 | F3: 0 | G3: 0
A4: natural gas (BTU) | B4: 0 | C4: 0 | D4: 0 | E4: 0 | F4: ='LEAP projection'!B26 -> 4.222087e+11 | G4: 0
A5: petroleum diesel (BTU) | B5: 0 | C5: 0 | D5: 0 | E5: 0 | F5: 0 | G5: 0
A6: heat (BTU) | B6: 0 | C6: 0 | D6: 0 | E6: 0 | F6: 0 | G6: 0
A7: biomass (BTU) | B7: 0 | C7: 0 | D7: 0 | E7: 0 | F7: 0 | G7: 0
A8: kerosene (BTU) | B8: 0 | C8: 0 | D8: 0 | E8: 0 | F8: 0 | G8: 0
A9: heavy or residual fuel oil (BTU) | B9: 0 | C9: 0 | D9: 0 | E9: 0 | F9: 0 | G9: 0
A10: LPG propane or butane (BTU) | B10: 0 | C10: 0 | D10: 0 | E10: 0 | F10: ='LEAP projection'!B25 -> 1.1552667e+14 | G10: 0
A11: hydrogen (BTU) | B11: 0 | C11: 0 | D11: 0 | E11: 0 | F11: 0 | G11: 0

Sheet SYCEU-rural-residential
A1: Year | B1: heating | C1: cooling & ventilation | D1: envelope | E1: lighting | F1: appliances | G1: other
A2: electricity (BTU) | B2: 0 | C2: ='LEAP projection'!B20 -> 7.7475161e+12 | D2: 0 | E2: ='LEAP projection'!B16 -> 8.6539438e+12 | F2: ='LEAP projection'!B18+'LEAP projection'!B13 -> 2.869211e+13 | G2: ='LEAP projection'!B22 -> 2.4527204e+13
A3: coal (BTU) | B3: 0 | C3: 0 | D3: 0 | E3: 0 | F3: 0 | G3: 0
A4: natural gas (BTU) | B4: 0 | C4: 0 | D4: 0 | E4: 0 | F4: ='LEAP projection'!B12 -> 2.6022656e+11 | G4: 0
A5: petroleum diesel (BTU) | B5: 0 | C5: 0 | D5: 0 | E5: 0 | F5: 0 | G5: 0
A6: heat (BTU) | B6: 0 | C6: 0 | D6: 0 | E6: 0 | F6: 0 | G6: 0
A7: biomass (BTU) | B7: 0 | C7: 0 | D7: 0 | E7: 0 | F7: ='LEAP projection'!B10 -> 4.3894939e+13 | G7: 0
A8: kerosene (BTU) | B8: 0 | C8: 0 | D8: 0 | E8: ='LEAP projection'!B15 -> 7.3221856e+12 | F8: 0 | G8: 0
A9: heavy or residual fuel oil (BTU) | B9: 0 | C9: 0 | D9: 0 | E9: 0 | F9: 0 | G9: 0
A10: LPG propane or butane (BTU) | B10: 0 | C10: 0 | D10: 0 | E10: 0 | F10: ='LEAP projection'!B11 -> 7.1204493e+13 | G10: 0
A11: hydrogen (BTU) | B11: 0 | C11: 0 | D11: 0 | E11: 0 | F11: 0 | G11: 0

Sheet SYCEU-commercial
A1: Year | B1: heating | C1: cooling & ventilation | D1: envelope | E1: lighting | F1: appliances | G1: other
A2: electricity (BTU) | B2: ='Energy in Commercial'!B21 -> 0 | C2: ='Energy in Commercial'!C21 -> 1.0086059e+14 | D2: ='Energy in Commercial'!D21 -> 0 | E2: ='Energy in Commercial'!E21 -> 4.0344237e+13 | F2: ='Energy in Commercial'!F21 -> 1.5867519e+13 | G2: ='Energy in Commercial'!G21 -> 6.586805e+13
A3: coal (BTU) | B3: ='Energy in Commercial'!B22 -> 0 | C3: ='Energy in Commercial'!C22 -> 0 | D3: ='Energy in Commercial'!D22 -> 0 | E3: ='Energy in Commercial'!E22 -> 0 | F3: ='Energy in Commercial'!F22 -> 0 | G3: ='Energy in Commercial'!G22 -> 0
A4: natural gas (BTU) | B4: ='Energy in Commercial'!B23 -> 0 | C4: ='Energy in Commercial'!C23 -> 0 | D4: ='Energy in Commercial'!D23 -> 0 | E4: ='Energy in Commercial'!E23 -> 0 | F4: ='Energy in Commercial'!F23 -> 179800000000 | G4: ='Energy in Commercial'!G23 -> 0
A5: petroleum diesel (BTU) | B5: ='Energy in Commercial'!B24 -> 0 | C5: ='Energy in Commercial'!C24 -> 0 | D5: ='Energy in Commercial'!D24 -> 0 | E5: ='Energy in Commercial'!E24 -> 0 | F5: ='Energy in Commercial'!F24 -> 11600000000 | G5: ='Energy in Commercial'!G24 -> 0
A6: heat (BTU) | B6: ='Energy in Commercial'!B25 -> 0 | C6: ='Energy in Commercial'!C25 -> 0 | D6: ='Energy in Commercial'!D25 -> 0 | E6: ='Energy in Commercial'!E25 -> 0 | F6: ='Energy in Commercial'!F25 -> 0 | G6: ='Energy in Commercial'!G25 -> 0
A7: biomass (BTU) | B7: ='Energy in Commercial'!B26 -> 0 | C7: ='Energy in Commercial'!C26 -> 0 | D7: ='Energy in Commercial'!D26 -> 0 | E7: ='Energy in Commercial'!E26 -> 0 | F7: ='Energy in Commercial'!F26 -> 18780400000000 | G7: ='Energy in Commercial'!G26 -> 0
A8: kerosene (BTU) | B8: ='Energy in Commercial'!B27 -> 0 | C8: ='Energy in Commercial'!C27 -> 0 | D8: ='Energy in Commercial'!D27 -> 0 | E8: ='Energy in Commercial'!E27 -> 0 | F8: ='Energy in Commercial'!F27 -> 922200000000 | G8: ='Energy in Commercial'!G27 -> 0
A9: heavy or residual fuel oil (BTU) | B9: ='Energy in Commercial'!B28 -> 0 | C9: ='Energy in Commercial'!C28 -> 0 | D9: ='Energy in Commercial'!D28 -> 0 | E9: ='Energy in Commercial'!E28 -> 0 | F9: ='Energy in Commercial'!F28 -> 1809600000000 | G9: ='Energy in Commercial'!G28 -> 0
A10: LPG propane or butane (BTU) | B10: ='Energy in Commercial'!B29 -> 0 | C10: ='Energy in Commercial'!C29 -> 0 | D10: ='Energy in Commercial'!D29 -> 0 | E10: ='Energy in Commercial'!E29 -> 0 | F10: ='Energy in Commercial'!F29 -> 10196400000000 | G10: ='Energy in Commercial'!G29 -> 0
A11: hydrogen (BTU) | B11: ='Energy in Commercial'!B30 -> 0 | C11: ='Energy in Commercial'!C30 -> 0 | D11: ='Energy in Commercial'!D30 -> 0 | E11: ='Energy in Commercial'!E30 -> 0 | F11: ='Energy in Commercial'!F30 -> 0 | G11: ='Energy in Commercial'!G30 -> 0
