Workbook
Name income: #REF!
Name Range_EV: #REF!
Name range_ICE: #REF!

Sheet About
A1: BNoEVC BAU Number of Gas Pumps
A3: Source: | B3: Number of Gas pumps
B4: ICCT
B5: The retail fuels market in Indonesia
B6: https://theicct.org/wp-content/uploads/2021/06/Retail-fuels-indonesia-oct2020.pdf
B8: Protemus Consulting
B9: Oil and Gas Industry Overview
B10: https://www.protemus.co.id/upload/industries/1698996859.pdf
A16: Notes
A17: We assume the number of gas pumps remains relatively constant.

Sheet Calculations
A1: Number of chargers | B1: 2019 | C1: 2020 | D1: 2021 | E1: 2022 | F1: 2023 | G1: 2024 | H1: 2025 | I1: 2026 | J1: 2027 | K1: 2028 | L1: 2029 | M1: 2030 | N1: 2031 | O1: 2032 | P1: 2033 | Q1: 2034 | R1: 2035 | S1: 2036 | T1: 2037 | U1: 2038 | V1: 2039 | W1: 2040 | X1: 2041 | Y1: 2042 | Z1: 2043 | AA1: 2044 | AB1: 2045 | AC1: 2046 | AD1: 2047 | AE1: 2048 | AF1: 2049 | AG1: 2050
A2: BAU Gas Pumps | B2: 5500 | C2: 5500 | D2: =(($F$2-$C$2)/3)+C2 -> 6289.3333 | E2: =(($F$2-$C$2)/3)+D2 -> 7078.6667 | F2: 7868 | G2: 8000 | H2: 8000 | I2: 8000 | J2: 8000 | K2: 8000 | L2: 8000 | M2: 10000 | N2: 8000 | O2: 8000 | P2: 8000 | Q2: 8000 | R2: 8000 | S2: 8000 | T2: 8000 | U2: 8000 | V2: 8000 | W2: 8000 | X2: 8000 | Y2: 8000 | Z2: 8000 | AA2: 8000 | AB2: 8000 | AC2: 8000 | AD2: 8000 | AE2: 8000 | AF2: 8000 | AG2: 8000
B3: ICCT | C3: ICCT | F3: Protemus | M3: ^need source, going based on vibes rn

Sheet BNoGP
A1: Number of chargers | B1: 2019 | C1: 2020 | D1: 2021 | E1: 2022 | F1: 2023 | G1: 2024 | H1: 2025 | I1: 2026 | J1: 2027 | K1: 2028 | L1: 2029 | M1: 2030 | N1: 2031 | O1: 2032 | P1: 2033 | Q1: 2034 | R1: 2035 | S1: 2036 | T1: 2037 | U1: 2038 | V1: 2039 | W1: 2040 | X1: 2041 | Y1: 2042 | Z1: 2043 | AA1: 2044 | AB1: 2045 | AC1: 2046 | AD1: 2047 | AE1: 2048 | AF1: 2049 | AG1: 2050
A2: BAU Gas Pumps | B2: =Calculations!B2 -> 5500 | C2: =Calculations!C2 -> 5500 | D2: =Calculations!D2 -> 6289.3333 | E2: =Calculations!E2 -> 7078.6667 | F2: =Calculations!F2 -> 7868 | G2: =Calculations!G2 -> 8000 | H2: =Calculations!H2 -> 8000 | I2: =Calculations!I2 -> 8000 | ... AG2: =Calculations!AG2 -> 8000
