Workbook

Sheet About
A1: BLAPE BAU LULUCF Anthropogenic Pollutant Emissions
A3: Source: | B3: UNFCCC
B4: 2021
B5: Third Biennial Update Report
B6: https://www.climatewatchdata.org/ghg-emissions?breakBy=gas&gases=ch4%2Cco2%2Cf-gas%2Cn2o&regions=IDN&source=Climate%20Watch
A8: Source: | B8: Global Forest Watch
B9: 2021
B10: https://www.globalforestwatch.org/dashboards/country/IDN/?category=climate
B11: https://www.edf.org/sites/default/files/content/emission_equivalency_tool_documentation_methodology_23062022.pdf
A13: Source:
B14: Global Warming Potentials
B15: https://niwa.co.nz/atmosphere/what-are-global-warming-potentialtm-and-co2-equivalent-emissionstm

Sheet UNFCCC
A1: AFOLU | B1: Sector | C1: CO2 | D1: CH4 | E1: N20 | F1: CF4 | G1: Non CO2 Biomass Burning GL & GL | H1: HFCs | I1: PFCs | J1: SF6 | K1: Other halogenated gases with CO2 equivalent conversion factors | L1: Other halogenated gases without CO2 equivalent conversion factors | M1: Nox | N1: CO | O1: NMVOCs | P1: SO2
C2: CO2e (g)
A3: agriculture and forestry 01T03 | B3: agriculture sector | C3: 160420000000000 | D3: 54965000000000 | E3: 43669000000000 | F3: 0 | G3: 2077000000000 | H3: 0 | I3: 0 | J3: 0 | K3: 0 | L3: 0 | M3: 66000000000 | N3: 2436000000000 | O3: 0 | P3: 0
B4: forestry sector | C4: 16410290000 | D4: 14573000000000 | E4: 0 | F4: 0 | G4: 0 | H4: 0 | I4: 0 | J4: 0 | K4: 0 | L4: 0 | M4: 0 | N4: 0 | O4: 0 | P4: 0
B5: total | C5: =C3+C4 -> 160436410290000 | D5: =D3+D4 -> 69538000000000 | E5: 43669000000000 | F5: 0 | G5: 2077000000000 | H5: 0 | I5: 0 | J5: 0 | K5: 0 | L5: 0 | M5: 66000000000 | N5: 2436000000000 | O5: 0 | P5: 0
A9: Global Warming Potential (g CO2e/g pollutant) | B9: one hundred years
A10: CO2 | B10: 1 | E10: Total | F10: =SUM(C5:E5) -> 273643410290000
A11: VOC | B11: 0 | E11: CO2 | F11: =C5/F10 -> 0.58629736
A12: CO | B12: 0 | E12: CH4 | F12: =D5/F10 -> 0.25411904
A13: NOx | B13: 0 | E13: N2O | F13: =E5/F10 -> 0.1595836
A14: PM10 | B14: 0
A15: PM25 | B15: 0
A16: SOx | B16: 0
A17: BC | B17: 0
A18: OC | B18: 0
A19: CH4 | B19: 28
A20: N2O | B20: 265
A21: F gases | B21: 1

Sheet Share of Pollutants
A1: Year | B1: 2019
A2: CO2 (g) | B2: =UNFCCC!C5 -> 160436410290000
A3: VOCs (g) | B3: 0
A4: CO (g) | B4: 0
A5: NOx (g) | B5: 0
A6: PM10 (g) | B6: 0
A7: PM25 (g) | B7: 0
A8: SOx (g) | B8: 0
A9: BC (g) | B9: 0
A10: OC (g) | B10: 0
A11: CH4 (g) | B11: =UNFCCC!D5 -> 69538000000000
A12: N2O (g) | B12: =UNFCCC!E5 -> 43669000000000
A13: F gases (g CO2e) | B13: 0
A17: Year | B17: 2019
A18: Total | B18: =SUM(B2:B13) -> 273643410290000
A19: Share of CO2 (g) | B19: =B2/B18 -> 0.58629736
A20: Share of CH4 (g) | B20: =B11/B18 -> 0.25411904
A21: Share of N2O (g) | B21: =B12/B18 -> 0.1595836

Sheet GWF-Smoothing 
A1: Year | B1: 2001 | C1: 2002 | D1: 2003 | E1: 2004 | F1: 2005 | G1: 2006 | H1: 2007 | I1: 2008 | J1: 2009 | K1: 2010 | L1: 2011 | M1: 2012 | N1: 2013 | O1: 2014 | P1: 2015 | Q1: 2016 | R1: 2017 | S1: 2018 | T1: 2019 | U1: 2020 | V1: 2021 | W1: 2022 | X1: 2023 | Y1: 2024 | Z1: 2025 | AA1: 2026 | AB1: 2027 | AC1: 2028 | AD1: 2029 | AE1: 2030 | AF1: 2031 | AG1: 2032 | AH1: 2033 | AI1: 2034 | AJ1: 2035 | AK1: 2036 | AL1: 2037 | AM1: 2038 | AN1: 2039 | AO1: 2040 | AP1: 2041 | AQ1: 2042 | AR1: 2043 | AS1: 2044 | AT1: 2045 | AU1: 2046 | AV1: 2047 | AW1: 2048 | AX1: 2049 | AY1: 2050 | AZ1: 2051 | BA1: 2052 | BB1: 2053 | BC1: 2054 | BD1: 2055 | BE1: 2056 | BF1: 2057 | BG1: 2058 | BH1: 2059 | BI1: 2060 | BJ1: 2061 | BK1: 2062 | BL1: 2063 | BM1: 2064 | BN1: 2065 | BO1: 2066 | BP1: 2067 | BQ1: 2068 | BR1: 2069 | BS1: 2070
A2: Global Watch FOLU Emissions (Mg CO2e) | B2: 4.8711204e+08 | C2: 6.2221185e+08 | D2: 4.2524902e+08 | E2: 9.6872637e+08 | F2: 9.3615248e+08 | G2: 1.0115746e+09 | H2: 1.1455617e+09 | I2: 1.017426e+09 | J2: 1.3908915e+09 | K2: 1.0182457e+09 | L2: 1.211493e+09 | M2: 1.7469461e+09 | N2: 8.5404006e+08 | O2: 1.3849242e+09 | P2: 1.2430109e+09 | Q2: 1.7707243e+09 | R2: 8.2322671e+08 | S2: 7.5961257e+08 | T2: 7.3728281e+08 | U2: 5.9114111e+08 | V2: 5.094688e+08 | W2: 5.4269716e+08 | X2: 8.433759e+08 | Y2: =AVERAGE(B2:X2) -> 9.5830847e+08 | Z2: =AVERAGE(C2:Y2) -> 9.7879527e+08 | AA2: =AVERAGE(D2:Z2) -> 9.942989e+08 | AB2: =AVERAGE(E2:AA2) -> 1.0190402e+09 | AC2: =AVERAGE(F2:AB2) -> 1.0212278e+09 | AD2: =AVERAGE(G2:AC2) -> 1.0249267e+09 | AE2: =AVERAGE(H2:AD2) -> 1.0255072e+09 | AF2: =AVERAGE(I2:AE2) -> 1.0202874e+09 | ... BS2: =AVERAGE(AV2:BR2) -> 9.5896362e+08
A3: Smoothing | B3: 556000000 | C3: 514000000 | D3: 685000000 | E3: 833000000 | F3: 973000000 | G3: 1050000000 | H3: 1060000000 | I3: 1190000000 | J3: 1160000000 | K3: 1180000000 | L3: 1380000000 | M3: 1270000000 | N3: 1270000000 | O3: 1210000000 | P3: 1480000000 | Q3: 1280000000 | R3: 1010000000 | S3: 765000000 | T3: 684000000 | U3: 592000000 | V3: 541000000 | W3: 654000000 | X3: 821000000 | Y3: 940000000 | Z3: 980000000 | AA3: 1000000000 | AB3: 1010000000 | AC3: 1020000000 | AD3: 1020000000 | AE3: 1020000000 | AF3: 1020000000 | AG3: 1010000000 | AH3: 1010000000 | AI3: 1000000000 | AJ3: 984000000 | AK3: 971000000 | AL3: 958000000 | AM3: 948000000 | AN3: 924000000 | AO3: 909000000 | AP3: 904000000 | AQ3: 910000000 | AR3: 920000000 | AS3: 935000000 | AT3: 952000000 | AU3: 965000000 | AV3: 971000000 | AW3: 972000000 | AX3: 972000000 | AY3: 971000000 | AZ3: 969000000 | BA3: 966000000 | BB3: 964000000 | BC3: 961000000 | BD3: 959000000 | BE3: 956000000 | BF3: 954000000 | BG3: 952000000 | BH3: 950000000 | BI3: 950000000 | BJ3: 949000000 | BK3: 949000000 | BL3: 950000000 | BM3: 952000000 | BN3: 954000000 | BO3: 956000000 | BP3: 958000000 | BQ3: 959000000 | BR3: 959000000 | BS3: 959000000

Sheet Global Watch Data
A2: Year | B2: 2001 | C2: 2002 | D2: 2003 | E2: 2004 | F2: 2005 | G2: 2006 | H2: 2007 | I2: 2008 | J2: 2009 | K2: 2010 | L2: 2011 | M2: 2012 | N2: 2013 | O2: 2014 | P2: 2015 | Q2: 2016 | R2: 2017 | S2: 2018 | T2: 2019 | U2: 2020 | V2: 2021 | W2: 2022 | X2: 2023 | Y2: 2024 | Z2: 2025 | AA2: 2026 | AB2: 2027 | AC2: 2028 | AD2: 2029 | AE2: 2030 | AF2: 2031 | AG2: 2032 | AH2: 2033 | AI2: 2034 | AJ2: 2035 | AK2: 2036 | AL2: 2037 | AM2: 2038 | AN2: 2039 | AO2: 2040 | AP2: 2041 | AQ2: 2042 | AR2: 2043 | AS2: 2044 | AT2: 2045 | AU2: 2046 | AV2: 2047 | AW2: 2048 | AX2: 2049 | AY2: 2050 | AZ2: 2051 | BA2: 2052 | BB2: 2053 | BC2: 2054 | BD2: 2055 | BE2: 2056 | BF2: 2057 | BG2: 2058 | BH2: 2059 | BI2: 2060 | BJ2: 2061 | BK2: 2062 | BL2: 2063 | BM2: 2064 | BN2: 2065 | BO2: 2066 | BP2: 2067 | BQ2: 2068 | BR2: 2069 | BS2: 2070
A3: Global Watch FOLU Emissions (Mg CO2e) | B3: ='GWF-Smoothing '!B3 -> 556000000 | C3: ='GWF-Smoothing '!C3 -> 514000000 | D3: ='GWF-Smoothing '!D3 -> 685000000 | E3: ='GWF-Smoothing '!E3 -> 833000000 | F3: ='GWF-Smoothing '!F3 -> 973000000 | G3: ='GWF-Smoothing '!G3 -> 1050000000 | H3: ='GWF-Smoothing '!H3 -> 1060000000 | I3: ='GWF-Smoothing '!I3 -> 1190000000 | ... BS3: ='GWF-Smoothing '!BS3 -> 959000000
A4: Average annual removal (Harris, 2021) (Mt CO2e/year) | B4: 617
A5: Average annual removal (Mg CO2e/year) | B5: =1000000*B4 -> 617000000
A6: Net Emissions | B6: =B3-$B$5 -> -61000000 | C6: =C3-$B$5 -> -103000000 | D6: =D3-$B$5 -> 68000000 | E6: =E3-$B$5 -> 216000000 | F6: =F3-$B$5 -> 356000000 | G6: =G3-$B$5 -> 433000000 | H6: =H3-$B$5 -> 443000000 | I6: =I3-$B$5 -> 573000000 | ... BS6: =BS3-$B$5 -> 342000000
A7: CO2 (by t CO2e) | B7: =B6*'Share of Pollutants'!$B$19 -> -35764139 | C7: =C6*'Share of Pollutants'!$B$19 -> -60388629 | D7: =D6*'Share of Pollutants'!$B$19 -> 39868221 | E7: =E6*'Share of Pollutants'!$B$19 -> 1.2664023e+08 | F7: =F6*'Share of Pollutants'!$B$19 -> 2.0872186e+08 | G7: =G6*'Share of Pollutants'!$B$19 -> 2.5386676e+08 | H7: =H6*'Share of Pollutants'!$B$19 -> 2.5972973e+08 | I7: =I6*'Share of Pollutants'!$B$19 -> 3.3594839e+08 | ... BS7: =BS6*'Share of Pollutants'!$B$19 -> 2.005137e+08
A8: CH4 (t Co2e) | B8: =B6*'Share of Pollutants'!$B$20 -> -15501261 | C8: =C6*'Share of Pollutants'!$B$20 -> -26174261 | D8: =D6*'Share of Pollutants'!$B$20 -> 17280095 | E8: =E6*'Share of Pollutants'!$B$20 -> 54889712 | F8: =F6*'Share of Pollutants'!$B$20 -> 90466377 | G8: =G6*'Share of Pollutants'!$B$20 -> 1.1003354e+08 | H8: =H6*'Share of Pollutants'!$B$20 -> 1.1257473e+08 | I8: =I6*'Share of Pollutants'!$B$20 -> 1.4561021e+08 | ... BS8: =BS6*'Share of Pollutants'!$B$20 -> 86908711
A9: N2O(t CO2e) | B9: =B6*'Share of Pollutants'!$B$21 -> -9734599.5 | C9: =C6*'Share of Pollutants'!$B$21 -> -16437111 | D9: =D6*'Share of Pollutants'!$B$21 -> 10851685 | E9: =E6*'Share of Pollutants'!$B$21 -> 34470057 | F9: =F6*'Share of Pollutants'!$B$21 -> 56811761 | G9: =G6*'Share of Pollutants'!$B$21 -> 69099698 | H9: =H6*'Share of Pollutants'!$B$21 -> 70695534 | I9: =I6*'Share of Pollutants'!$B$21 -> 91441402 | ... BS9: =BS6*'Share of Pollutants'!$B$21 -> 54577591
A10: t to g CO2e | B10: 1000000
A13: CO2 (by g CO2e) | B13: =B7*$B$10 -> -3.5764139e+13 | C13: =C7*$B$10 -> -6.0388629e+13 | D13: =D7*$B$10 -> 3.9868221e+13 | E13: =E7*$B$10 -> 1.2664023e+14 | F13: =F7*$B$10 -> 2.0872186e+14 | G13: =G7*$B$10 -> 2.5386676e+14 | H13: =H7*$B$10 -> 2.5972973e+14 | I13: =I7*$B$10 -> 3.3594839e+14 | ... BS13: =BS7*$B$10 -> 2.005137e+14
A14: CH4 (g Co2e) | B14: =B8*$B$10 -> -1.5501261e+13 | C14: =C8*$B$10 -> -2.6174261e+13 | D14: =D8*$B$10 -> 1.7280095e+13 | E14: =E8*$B$10 -> 5.4889712e+13 | F14: =F8*$B$10 -> 9.0466377e+13 | G14: =G8*$B$10 -> 1.1003354e+14 | H14: =H8*$B$10 -> 1.1257473e+14 | I14: =I8*$B$10 -> 1.4561021e+14 | ... BS14: =BS8*$B$10 -> 8.6908711e+13
A15: N2O(g CO2e) | B15: =B9*$B$10 -> -9.7345995e+12 | C15: =C9*$B$10 -> -1.6437111e+13 | D15: =D9*$B$10 -> 1.0851685e+13 | E15: =E9*$B$10 -> 3.4470057e+13 | F15: =F9*$B$10 -> 5.6811761e+13 | G15: =G9*$B$10 -> 6.9099698e+13 | H15: =H9*$B$10 -> 7.0695534e+13 | I15: =I9*$B$10 -> 9.1441402e+13 | ... BS15: =BS9*$B$10 -> 5.4577591e+13
A17: CO2 (g pollutant) | B17: =B13/$B$24 -> -3.5764139e+13 | C17: =C13/$B$24 -> -6.0388629e+13 | D17: =D13/$B$24 -> 3.9868221e+13 | E17: =E13/$B$24 -> 1.2664023e+14 | F17: =F13/$B$24 -> 2.0872186e+14 | G17: =G13/$B$24 -> 2.5386676e+14 | H17: =H13/$B$24 -> 2.5972973e+14 | I17: =I13/$B$24 -> 3.3594839e+14 | ... BS17: =BS13/$B$24 -> 2.005137e+14
A18: CH4 (g pollutant) | B18: =B14/$B$25 -> -5.5361647e+11 | C18: =C14/$B$25 -> -9.3479503e+11 | D18: =D14/$B$25 -> 6.1714623e+11 | E18: =E14/$B$25 -> 1.9603469e+12 | F18: =F14/$B$25 -> 3.230942e+12 | G18: =G14/$B$25 -> 3.9297694e+12 | H18: =H14/$B$25 -> 4.0205262e+12 | I18: =I14/$B$25 -> 5.2003646e+12 | ... BS18: =BS14/$B$25 -> 3.1038825e+12
A19: N2O (g pollutant) | B19: =B15/$B$26 -> -3.6734338e+10 | C19: =C15/$B$26 -> -6.2026832e+10 | D19: =D15/$B$26 -> 4.0949753e+10 | E19: =E15/$B$26 -> 1.3007569e+11 | F19: =F15/$B$26 -> 2.14384e+11 | G19: =G15/$B$26 -> 2.6075358e+11 | H19: =H15/$B$26 -> 2.667756e+11 | I19: =I15/$B$26 -> 3.4506189e+11 | ... BS19: =BS15/$B$26 -> 2.0595317e+11
A23: Global Warming Potential | B23: CO2e
A24: CO2 | B24: 1
A25: CH4 | B25: 28
A26: N2O | B26: 265

Sheet Stata-1
A1: Year | B1: FOLU Emissions (Mt CO2e)
A2: 2001 | B2: 492
A3: 2002 | B3: 629
A4: 2003 | B4: 428
A5: 2004 | B5: 977
A6: 2005 | B6: 940
A7: 2006 | B7: 1020
A8: 2007 | B8: 1147
A9: 2008 | B9: 1026
A10: 2009 | B10: 1395
A11: 2010 | B11: 1026
A12: 2011 | B12: 1219
A13: 2012 | B13: 1754
... A71: 2070 | B71: 964

Sheet Stata-2

Sheet BLAPE
A1: Year | B1: 2020 | C1: 2021 | D1: 2022 | E1: 2023 | F1: 2024 | G1: 2025 | H1: 2026 | I1: 2027 | J1: 2028 | K1: 2029 | L1: 2030 | M1: 2031 | N1: 2032 | O1: 2033 | P1: 2034 | Q1: 2035 | R1: 2036 | S1: 2037 | T1: 2038 | U1: 2039 | V1: 2040 | W1: 2041 | X1: 2042 | Y1: 2043 | Z1: 2044 | AA1: 2045 | AB1: 2046 | AC1: 2047 | AD1: 2048 | AE1: 2049 | AF1: 2050 | AG1: 2051 | AH1: 2052 | AI1: 2053 | AJ1: 2054 | AK1: 2055 | AL1: 2056 | AM1: 2057 | AN1: 2058 | AO1: 2059 | AP1: 2060 | AQ1: 2061 | AR1: 2062 | AS1: 2063 | AT1: 2064 | AU1: 2065 | AV1: 2066 | AW1: 2067 | AX1: 2068 | AY1: 2069 | AZ1: 2070
A2: CO2 (g) | B2: ='Global Watch Data'!U17 -> -1.4657434e+13 | C2: ='Global Watch Data'!V17 -> -4.45586e+13 | D2: ='Global Watch Data'!W17 -> 2.1693002e+13 | E2: ='Global Watch Data'!X17 -> 1.1960466e+14 | F2: ='Global Watch Data'!Y17 -> 1.8937405e+14 | G2: ='Global Watch Data'!Z17 -> 2.1282594e+14 | H2: ='Global Watch Data'!AA17 -> 2.2455189e+14 | I2: ='Global Watch Data'!AB17 -> 2.3041486e+14 | ... AZ2: ='Global Watch Data'!BS17 -> 2.005137e+14
A3: VOCs (g) | B3: 0 | C3: 0 | D3: 0 | E3: 0 | F3: 0 | G3: 0 | H3: 0 | I3: 0 | J3: 0 | K3: 0 | L3: 0 | M3: 0 | N3: 0 | O3: 0 | P3: 0 | Q3: 0 | R3: 0 | S3: 0 | T3: 0 | U3: 0 | V3: 0 | W3: 0 | X3: 0 | Y3: 0 | Z3: 0 | AA3: 0 | AB3: 0 | AC3: 0 | AD3: 0 | AE3: 0 | AF3: 0 | AG3: 0 | AH3: 0 | AI3: 0 | AJ3: 0 | AK3: 0 | AL3: 0 | AM3: 0 | AN3: 0 | AO3: 0 | AP3: 0 | AQ3: 0 | AR3: 0 | AS3: 0 | AT3: 0 | AU3: 0 | AV3: 0 | AW3: 0 | AX3: 0 | AY3: 0 | AZ3: 0
A4: CO (g) | B4: 0 | C4: 0 | D4: 0 | E4: 0 | F4: 0 | G4: 0 | H4: 0 | I4: 0 | J4: 0 | K4: 0 | L4: 0 | M4: 0 | N4: 0 | O4: 0 | P4: 0 | Q4: 0 | R4: 0 | S4: 0 | T4: 0 | U4: 0 | V4: 0 | W4: 0 | X4: 0 | Y4: 0 | Z4: 0 | AA4: 0 | AB4: 0 | AC4: 0 | AD4: 0 | AE4: 0 | AF4: 0 | AG4: 0 | AH4: 0 | AI4: 0 | AJ4: 0 | AK4: 0 | AL4: 0 | AM4: 0 | AN4: 0 | AO4: 0 | AP4: 0 | AQ4: 0 | AR4: 0 | AS4: 0 | AT4: 0 | AU4: 0 | AV4: 0 | AW4: 0 | AX4: 0 | AY4: 0 | AZ4: 0
A5: NOx (g) | B5: 0 | C5: 0 | D5: 0 | E5: 0 | F5: 0 | G5: 0 | H5: 0 | I5: 0 | J5: 0 | K5: 0 | L5: 0 | M5: 0 | N5: 0 | O5: 0 | P5: 0 | Q5: 0 | R5: 0 | S5: 0 | T5: 0 | U5: 0 | V5: 0 | W5: 0 | X5: 0 | Y5: 0 | Z5: 0 | AA5: 0 | AB5: 0 | AC5: 0 | AD5: 0 | AE5: 0 | AF5: 0 | AG5: 0 | AH5: 0 | AI5: 0 | AJ5: 0 | AK5: 0 | AL5: 0 | AM5: 0 | AN5: 0 | AO5: 0 | AP5: 0 | AQ5: 0 | AR5: 0 | AS5: 0 | AT5: 0 | AU5: 0 | AV5: 0 | AW5: 0 | AX5: 0 | AY5: 0 | AZ5: 0
A6: PM10 (g) | B6: 0 | C6: 0 | D6: 0 | E6: 0 | F6: 0 | G6: 0 | H6: 0 | I6: 0 | J6: 0 | K6: 0 | L6: 0 | M6: 0 | N6: 0 | O6: 0 | P6: 0 | Q6: 0 | R6: 0 | S6: 0 | T6: 0 | U6: 0 | V6: 0 | W6: 0 | X6: 0 | Y6: 0 | Z6: 0 | AA6: 0 | AB6: 0 | AC6: 0 | AD6: 0 | AE6: 0 | AF6: 0 | AG6: 0 | AH6: 0 | AI6: 0 | AJ6: 0 | AK6: 0 | AL6: 0 | AM6: 0 | AN6: 0 | AO6: 0 | AP6: 0 | AQ6: 0 | AR6: 0 | AS6: 0 | AT6: 0 | AU6: 0 | AV6: 0 | AW6: 0 | AX6: 0 | AY6: 0 | AZ6: 0
A7: PM25 (g) | B7: 0 | C7: 0 | D7: 0 | E7: 0 | F7: 0 | G7: 0 | H7: 0 | I7: 0 | J7: 0 | K7: 0 | L7: 0 | M7: 0 | N7: 0 | O7: 0 | P7: 0 | Q7: 0 | R7: 0 | S7: 0 | T7: 0 | U7: 0 | V7: 0 | W7: 0 | X7: 0 | Y7: 0 | Z7: 0 | AA7: 0 | AB7: 0 | AC7: 0 | AD7: 0 | AE7: 0 | AF7: 0 | AG7: 0 | AH7: 0 | AI7: 0 | AJ7: 0 | AK7: 0 | AL7: 0 | AM7: 0 | AN7: 0 | AO7: 0 | AP7: 0 | AQ7: 0 | AR7: 0 | AS7: 0 | AT7: 0 | AU7: 0 | AV7: 0 | AW7: 0 | AX7: 0 | AY7: 0 | AZ7: 0
A8: SOx (g) | B8: 0 | C8: 0 | D8: 0 | E8: 0 | F8: 0 | G8: 0 | H8: 0 | I8: 0 | J8: 0 | K8: 0 | L8: 0 | M8: 0 | N8: 0 | O8: 0 | P8: 0 | Q8: 0 | R8: 0 | S8: 0 | T8: 0 | U8: 0 | V8: 0 | W8: 0 | X8: 0 | Y8: 0 | Z8: 0 | AA8: 0 | AB8: 0 | AC8: 0 | AD8: 0 | AE8: 0 | AF8: 0 | AG8: 0 | AH8: 0 | AI8: 0 | AJ8: 0 | AK8: 0 | AL8: 0 | AM8: 0 | AN8: 0 | AO8: 0 | AP8: 0 | AQ8: 0 | AR8: 0 | AS8: 0 | AT8: 0 | AU8: 0 | AV8: 0 | AW8: 0 | AX8: 0 | AY8: 0 | AZ8: 0
A9: BC (g) | B9: 0 | C9: 0 | D9: 0 | E9: 0 | F9: 0 | G9: 0 | H9: 0 | I9: 0 | J9: 0 | K9: 0 | L9: 0 | M9: 0 | N9: 0 | O9: 0 | P9: 0 | Q9: 0 | R9: 0 | S9: 0 | T9: 0 | U9: 0 | V9: 0 | W9: 0 | X9: 0 | Y9: 0 | Z9: 0 | AA9: 0 | AB9: 0 | AC9: 0 | AD9: 0 | AE9: 0 | AF9: 0 | AG9: 0 | AH9: 0 | AI9: 0 | AJ9: 0 | AK9: 0 | AL9: 0 | AM9: 0 | AN9: 0 | AO9: 0 | AP9: 0 | AQ9: 0 | AR9: 0 | AS9: 0 | AT9: 0 | AU9: 0 | AV9: 0 | AW9: 0 | AX9: 0 | AY9: 0 | AZ9: 0
A10: OC (g) | B10: 0 | C10: 0 | D10: 0 | E10: 0 | F10: 0 | G10: 0 | H10: 0 | I10: 0 | J10: 0 | K10: 0 | L10: 0 | M10: 0 | N10: 0 | O10: 0 | P10: 0 | Q10: 0 | R10: 0 | S10: 0 | T10: 0 | U10: 0 | V10: 0 | W10: 0 | X10: 0 | Y10: 0 | Z10: 0 | AA10: 0 | AB10: 0 | AC10: 0 | AD10: 0 | AE10: 0 | AF10: 0 | AG10: 0 | AH10: 0 | AI10: 0 | AJ10: 0 | AK10: 0 | AL10: 0 | AM10: 0 | AN10: 0 | AO10: 0 | AP10: 0 | AQ10: 0 | AR10: 0 | AS10: 0 | AT10: 0 | AU10: 0 | AV10: 0 | AW10: 0 | AX10: 0 | AY10: 0 | AZ10: 0
A11: CH4 (g) | B11: ='Global Watch Data'!U18 -> -2.26892e+11 | C11: ='Global Watch Data'!V18 -> -6.8975167e+11 | D11: ='Global Watch Data'!W18 -> 3.3580016e+11 | E11: ='Global Watch Data'!X18 -> 1.8514387e+12 | F11: ='Global Watch Data'!Y18 -> 2.9314446e+12 | G11: ='Global Watch Data'!Z18 -> 3.2944718e+12 | H11: ='Global Watch Data'!AA18 -> 3.4759854e+12 | I11: ='Global Watch Data'!AB18 -> 3.5667422e+12 | ... AZ11: ='Global Watch Data'!BS18 -> 3.1038825e+12
A12: N2O (g) | B12: ='Global Watch Data'!U19 -> -1.5055056e+10 | C12: ='Global Watch Data'!V19 -> -4.5767372e+10 | D12: ='Global Watch Data'!W19 -> 2.2281484e+10 | E12: ='Global Watch Data'!X19 -> 1.2284926e+11 | F12: ='Global Watch Data'!Y19 -> 1.9451133e+11 | G12: ='Global Watch Data'!Z19 -> 2.1859942e+11 | H12: ='Global Watch Data'!AA19 -> 2.3064346e+11 | I12: ='Global Watch Data'!AB19 -> 2.3666549e+11 | ... AZ12: ='Global Watch Data'!BS19 -> 2.0595317e+11
A13: F gases (g CO2e) | B13: 0 | C13: =B13 -> 0 | D13: =C13 -> 0 | E13: =D13 -> 0 | F13: =E13 -> 0 | G13: =F13 -> 0 | H13: =G13 -> 0 | I13: =H13 -> 0 | J13: =I13 -> 0 | ... AZ13: =AY13 -> 0
