Workbook
Name income: Calculations!#REF!
Name Range_EV: Calculations!#REF!
Name range_ICE: Calculations!#REF!

Sheet About
A1: BNoEVC BAU Number of EV Chargers
A3: Source: | B3: Number of Gas pumps
B4: CleanTechnica
B5: 2018
B6: Stop Comparing the Number of Gas Stations to EV Charging Stations
B7: https://cleantechnica.com/2018/03/07/stop-comparing-number-gas-stations-ev-charging-stations/
B9: Number of EVSE Ports
B10: Statista
B11: 2024
B12: Number of electric vehicle charging stations in Indonesia as of April 2024, by region
B13: https://www.statista.com/statistics/1461434/indonesia-number-of-ev-charging-stations-by-region/
B15: Seva Indonseisa
B16: Electric Vehicles Are Increasingly Popular, How Many SPKLUs Are There in Indonesia?
B17: https://www.seva.id/blog/kendaraan-listrik-makin-marak-berapa-jumlah-spklu-di-indonesia-052023-bu
B19: ICCT
B20: Charging Indonesia’s vehicle transition: Infrastructure needs for electric passenger cars in 2030
B21: https://theicct.org/wp-content/uploads/2024/02/ID-88-%E2%80%93-Indonesia-charging_final2.pdf
A25: Notes
A26: Currency Conversion | B26: 0.89805482
A27: 2019 to 2012 USD | B27: 0.84730413
A28: 2021 to 2012 USD | B28: 0.785
A29: 2022 to 2012 USD
A31: We assume that prior to the IIJA or IRA, the number of EV ports would slowly grow with time to equal the number of gas pumps by 2050.
A32: We adjust our calculations by an estimated number of public charger additions from both the Infrastructure Investment and Jobs Act
A33: and the Inflation Reduction Act (see tabs for methodology).

Sheet Calculations
A1: Year | B1: 2019 | C1: 2020 | D1: 2021 | E1: 2022 | F1: 2023 | G1: 2024 | H1: 2025 | I1: 2026 | J1: 2027 | K1: 2028 | L1: 2029 | M1: 2030 | N1: 2031 | O1: 2032 | P1: 2033 | Q1: 2034 | R1: 2035 | S1: 2036 | T1: 2037 | U1: 2038 | V1: 2039 | W1: 2040 | X1: 2041 | Y1: 2042 | Z1: 2043 | AA1: 2044 | AB1: 2045 | AC1: 2046 | AD1: 2047 | AE1: 2048 | AF1: 2049 | AG1: 2050
A2: Number of pumps | B2: 0 | C2: 50 | D2: 267 | E2: =ROUND(AVERAGE(D2,F2),0) -> 413 | F2: 558 | G2: 966 | H2: =(($M$2-$G$2)/6)+G2 -> 6114.8333 | I2: =(($M$2-$G$2)/6)+H2 -> 11263.667 | J2: =(($M$2-$G$2)/6)+I2 -> 16412.5 | K2: =(($M$2-$G$2)/6)+J2 -> 21561.333 | L2: =(($M$2-$G$2)/6)+K2 -> 26710.167 | M2: 31859 | N2: =M2*1.05 -> 33451.95 | O2: =N2*1.05 -> 35124.548 | P2: =O2*1.05 -> 36880.775 | Q2: =P2*1.05 -> 38724.814 | R2: =Q2*1.05 -> 40661.054 | S2: =R2*1.05 -> 42694.107 | T2: =S2*1.05 -> 44828.812 | U2: =T2*1.05 -> 47070.253 | ... W2: =V2*1.05 -> 51894.954 | X2: =$W$2 -> 51894.954 | Y2: =$W$2 -> 51894.954 | Z2: =$W$2 -> 51894.954 | AA2: =$W$2 -> 51894.954 | AB2: =$W$2 -> 51894.954 | AC2: =$W$2 -> 51894.954 | AD2: =$W$2 -> 51894.954 | AE2: =$W$2 -> 51894.954 | ... AG2: =$W$2 -> 51894.954
A3: source | B3: ^need data | C3: ^ need data | D3: Seva, PLN | F3: ICCT | G3: Statista | M3: ICCT

Sheet BNoEVC
A1: Number of chargers | B1: 2019 | C1: 2020 | D1: 2021 | E1: 2022 | F1: 2023 | G1: 2024 | H1: 2025 | I1: 2026 | J1: 2027 | K1: 2028 | L1: 2029 | M1: 2030 | N1: 2031 | O1: 2032 | P1: 2033 | Q1: 2034 | R1: 2035 | S1: 2036 | T1: 2037 | U1: 2038 | V1: 2039 | W1: 2040 | X1: 2041 | Y1: 2042 | Z1: 2043 | AA1: 2044 | AB1: 2045 | AC1: 2046 | AD1: 2047 | AE1: 2048 | AF1: 2049 | AG1: 2050
A2: BAU EV Chargers | B2: =Calculations!B2 -> 0 | C2: =Calculations!C2 -> 50 | D2: =Calculations!D2 -> 267 | E2: =Calculations!E2 -> 413 | F2: =Calculations!F2 -> 558 | G2: =Calculations!G2 -> 966 | H2: =Calculations!H2 -> 6114.8333 | I2: =Calculations!I2 -> 11263.667 | ... AG2: =Calculations!AG2 -> 51894.954
