Workbook

Sheet About
A1: BGDP BAU Gross Domestic Product
A3: Source: | B3: United Nations Statistics Division
B4: Indonesia National Statistics
B5: 2023
B6: https://data.un.org/Data.aspx?q=indonesia&d=SNAAMA&f=grID%3A101%3BcurrID%3ANCU%3BpcFlag%3A0%3BcrID%3A360
A8: 2019 Rupiah to USD | B8: 7.074e-05
A9: $2019 to $2012 | B9: 0.96

Sheet IND GDP
A1: Year | B1: GDP (Rupiah) | C1: GDP ($2019) | D1: GDP ($2012)
A2: 2019 | B2: 1.5832657e+16 | C2: =B2*About!$B$8 -> 1120002170328 | D2: =C2*About!$B$9 -> 1.0752021e+12
A3: 2020 | B3: 1.5443353e+16 | C3: =B3*About!$B$8 -> 1092462805368 | D3: =C3*About!$B$9 -> 1.0487643e+12
A4: 2021 | B4: 1.6976751e+16 | C4: =B4*About!$B$8 -> 1200935394036 | D4: =C4*About!$B$9 -> 1.152898e+12
A5: 2022 | B5: 1.958809e+16 | C5: =B5*About!$B$8 -> 1385661479526 | D5: =C5*About!$B$9 -> 1.330235e+12
A6: 2023 | B6: 2.0892377e+16 | C6: =B6*About!$B$8 -> 1477926727758 | D6: =C6*About!$B$9 -> 1.4188097e+12
A7: 2024 | B7: =_xlfn.FORECAST.LINEAR(A7,$B$2:$B$6,$A$2:$A$6) -> 2.2025898e+16 | C7: =B7*About!$B$8 -> 1.5581121e+12 | D7: =C7*About!$B$9 -> 1.4957876e+12
A8: 2025 | B8: =_xlfn.FORECAST.LINEAR(A8,$B$2:$B$6,$A$2:$A$6) -> 2.3452316e+16 | C8: =B8*About!$B$8 -> 1.6590168e+12 | D8: =C8*About!$B$9 -> 1.5926562e+12
A9: 2026 | B9: =_xlfn.FORECAST.LINEAR(A9,$B$2:$B$6,$A$2:$A$6) -> 2.4878734e+16 | C9: =B9*About!$B$8 -> 1.7599216e+12 | D9: =C9*About!$B$9 -> 1.6895247e+12
A10: 2027 | B10: =_xlfn.FORECAST.LINEAR(A10,$B$2:$B$6,$A$2:$A$6) -> 2.6305151e+16 | C10: =B10*About!$B$8 -> 1.8608264e+12 | D10: =C10*About!$B$9 -> 1.7863933e+12
A11: 2028 | B11: =_xlfn.FORECAST.LINEAR(A11,$B$2:$B$6,$A$2:$A$6) -> 2.7731569e+16 | C11: =B11*About!$B$8 -> 1.9617312e+12 | D11: =C11*About!$B$9 -> 1.8832619e+12
A12: 2029 | B12: =_xlfn.FORECAST.LINEAR(A12,$B$2:$B$6,$A$2:$A$6) -> 2.9157986e+16 | C12: =B12*About!$B$8 -> 2.0626359e+12 | D12: =C12*About!$B$9 -> 1.9801305e+12
A13: 2030 | B13: =_xlfn.FORECAST.LINEAR(A13,$B$2:$B$6,$A$2:$A$6) -> 3.0584404e+16 | C13: =B13*About!$B$8 -> 2.1635407e+12 | D13: =C13*About!$B$9 -> 2.0769991e+12
A14: 2031 | B14: =_xlfn.FORECAST.LINEAR(A14,$B$2:$B$6,$A$2:$A$6) -> 3.2010821e+16 | C14: =B14*About!$B$8 -> 2.2644455e+12 | D14: =C14*About!$B$9 -> 2.1738677e+12
A15: 2032 | B15: =_xlfn.FORECAST.LINEAR(A15,$B$2:$B$6,$A$2:$A$6) -> 3.3437239e+16 | C15: =B15*About!$B$8 -> 2.3653503e+12 | D15: =C15*About!$B$9 -> 2.2707363e+12
A16: 2033 | B16: =_xlfn.FORECAST.LINEAR(A16,$B$2:$B$6,$A$2:$A$6) -> 3.4863657e+16 | C16: =B16*About!$B$8 -> 2.4662551e+12 | D16: =C16*About!$B$9 -> 2.3676049e+12
A17: 2034 | B17: =_xlfn.FORECAST.LINEAR(A17,$B$2:$B$6,$A$2:$A$6) -> 3.6290074e+16 | C17: =B17*About!$B$8 -> 2.5671598e+12 | D17: =C17*About!$B$9 -> 2.4644734e+12
A18: 2035 | B18: =_xlfn.FORECAST.LINEAR(A18,$B$2:$B$6,$A$2:$A$6) -> 3.7716492e+16 | C18: =B18*About!$B$8 -> 2.6680646e+12 | D18: =C18*About!$B$9 -> 2.561342e+12
... A53: 2070 | B53: =_xlfn.FORECAST.LINEAR(A53,$B$2:$B$6,$A$2:$A$6) -> 8.7641107e+16 | C53: =B53*About!$B$8 -> 6.1997319e+12 | D53: =C53*About!$B$9 -> 5.9517426e+12

Sheet BGDP
A1: Unit: 2012 USD | B1: GDP
A2: 2019 | B2: ='IND GDP'!D2 -> 1.0752021e+12
A3: 2020 | B3: ='IND GDP'!D3 -> 1.0487643e+12
A4: 2021 | B4: ='IND GDP'!D4 -> 1.152898e+12
A5: 2022 | B5: ='IND GDP'!D5 -> 1.330235e+12
A6: 2023 | B6: ='IND GDP'!D6 -> 1.4188097e+12
A7: 2024 | B7: ='IND GDP'!D7 -> 1.4957876e+12
A8: 2025 | B8: ='IND GDP'!D8 -> 1.5926562e+12
A9: 2026 | B9: ='IND GDP'!D9 -> 1.6895247e+12
A10: 2027 | B10: ='IND GDP'!D10 -> 1.7863933e+12
A11: 2028 | B11: ='IND GDP'!D11 -> 1.8832619e+12
A12: 2029 | B12: ='IND GDP'!D12 -> 1.9801305e+12
A13: 2030 | B13: ='IND GDP'!D13 -> 2.0769991e+12
... A53: 2070 | B53: ='IND GDP'!D53 -> 5.9517426e+12
