Workbook

Sheet About
A1: EIaE BAU Imported Electricity
A2: EIaE BAU Exported Electricity
A4: Source: | B4: Ministry of Energy and Mineral Resources
B5: 2019
B6: Handbook of Energy and Economic Statistics of Indonesia
B7: Table 6.4.3
B8: https://www.esdm.go.id/en/publication/handbook-of-energy-economic-statistics-of-indonesia-heesi
B10: Updates in Feb 2023 (Soyoung Oh)
B11: Indonesia doesn't export electricity - only imported, according to IEA (2009-2020) data https://www.iea.org/countries/indonesia#data-browser
B12: Handbook of Energy and Economic Statistics of Indonesia 2021
B13: https://www.esdm.go.id/assets/media/content/content-handbook-of-energy-and-economic-statistics-of-indonesia-2021.pdf
B14: Table 6.4.3 for electricity import
B15: Table 4.4 for electricity prices - averaged household/commercial/industry prices. used for both IEP and BEEP
B16: Import of Electricity used year 2021 as baseline. Assumption the elcetricity import from 2021-2050 are the same (as the old EPS Indonesia data Reference)
B17: Ekectricity prices used year 2021 as baseline. Assumption the elcetricity prices from 2021-2050 are the same (as the old EPS Indonesia data Reference)
B19: Consersion factors
B20: 1.69941 | C20: BOE -> MWh
B21: 0.847 | C21: 2012 USD/2021 USD

Sheet Electricity import
A1: Import of Electricity
A2: Year | B2: Hydro PP (GWh)
A3: 2009 | B3: 1.26
A4: =A3+1 -> 2010 | B4: 2.22
A5: =A4+1 -> 2011 | B5: 2.54
A6: =A5+1 -> 2012 | B6: 2.99
A7: =A6+1 -> 2013 | B7: 3.03
A8: =A7+1 -> 2014 | B8: 8.99
A9: =A8+1 -> 2015 | B9: 12.75
A10: =A9+1 -> 2016 | B10: 692.7 | F10: 2020 Malaysia 1,553.00
A11: =A10+1 -> 2017 | B11: 1119.47 | F11: 2021 Malaysia 972.73
A12: =A11+1 -> 2018 | B12: 1495.89
A13: =A12+1 -> 2019 | B13: 1682.12
A14: 2020 | B14: 1553
A15: 2021 | B15: 972.73
A18: Note:
A19: Import of Electricity used year 2021 as baseline. Assumption the elcetricity import from 2021-2050 are the same (as the old EPS Indonesia data Reference)
A20: Indonesia never exported their electricity
A21: Indonesia only import electricity from Hydro Power Plant
A25: Year | B25: 2017 | C25: =B25+1 -> 2018 | D25: =C25+1 -> 2019 | E25: =D25+1 -> 2020 | F25: =E25+1 -> 2021 | G25: =F25+1 -> 2022 | H25: =G25+1 -> 2023 | I25: =H25+1 -> 2024 | J25: =I25+1 -> 2025 | ... BC25: =BB25+1 -> 2070
A26: Imported Electricity | B26: =B11 -> 1119.47 | C26: =B12 -> 1495.89 | D26: =B13 -> 1682.12 | E26: =_xlfn.FORECAST.ETS(E25,$B$26:$D$26,$B$25:$D$25) -> 1988.0175 | F26: =_xlfn.FORECAST.ETS(F25,$B$26:$D$26,$B$25:$D$25) -> 2276.8834 | G26: =_xlfn.FORECAST.ETS(G25,$B$26:$D$26,$B$25:$D$25) -> 2565.7493 | H26: =_xlfn.FORECAST.ETS(H25,$B$26:$D$26,$B$25:$D$25) -> 2854.6153 | I26: =_xlfn.FORECAST.ETS(I25,$B$26:$D$26,$B$25:$D$25) -> 3143.4812 | J26: =_xlfn.FORECAST.ETS(J25,$B$26:$D$26,$B$25:$D$25) -> 3432.3471 | K26: =_xlfn.FORECAST.ETS(K25,$B$26:$D$26,$B$25:$D$25) -> 3721.2131 | L26: =_xlfn.FORECAST.ETS(L25,$B$26:$D$26,$B$25:$D$25) -> 4010.079 | ... BC26: =_xlfn.FORECAST.ETS(BC25,$B$26:$D$26,$B$25:$D$25) -> 16431.314

Sheet Electricity price
E28: US$(2021)/BOE | F28: US$(2012)/BOE | G28: US$(2012)/MWh
A29: US$(2021)/BOE | B29: Household | C29: Industry | D29: Commercial | E29: average | F29: average | G29: average
A30: 2019 | B30: 129 | C30: 129 | D30: 148 | E30: =AVERAGE(B30:D30) -> 135.33333 | F30: =E30*About!$B$21 -> 114.62733 | G30: =F30*About!$B$20 -> 194.79884
A31: 2020 | B31: 115 | C31: 126 | D31: 143 | E31: =AVERAGE(B31:D31) -> 128 | F31: =E31*About!$B$21 -> 108.416 | G31: =F31*About!$B$20 -> 184.24323
A32: 2021 | B32: 117 | C32: 124 | D32: 141 | E32: =AVERAGE(B32:D32) -> 127.33333 | F32: =E32*About!$B$21 -> 107.85133 | G32: =F32*About!$B$20 -> 183.28363

Sheet EIaE-BIE
A1: Electricity Imports (MWh) | B1: 2019 | C1: 2020 | D1: 2021 | E1: 2022 | F1: 2023 | G1: 2024 | H1: 2025 | I1: 2026 | J1: 2027 | K1: 2028 | L1: 2029 | M1: 2030 | N1: 2031 | O1: 2032 | P1: 2033 | Q1: 2034 | R1: 2035 | S1: 2036 | T1: 2037 | U1: 2038 | V1: 2039 | W1: 2040 | X1: 2041 | Y1: 2042 | Z1: 2043 | AA1: 2044 | AB1: 2045 | AC1: 2046 | AD1: 2047 | AE1: 2048 | AF1: 2049 | AG1: 2050
A2: hard coal | B2: 0 | C2: 0 | D2: 0 | E2: 0 | F2: 0 | G2: 0 | H2: 0 | I2: 0 | J2: 0 | K2: 0 | L2: 0 | M2: 0 | N2: 0 | O2: 0 | P2: 0 | Q2: 0 | R2: 0 | S2: 0 | T2: 0 | U2: 0 | V2: 0 | W2: 0 | X2: 0 | Y2: 0 | Z2: 0 | AA2: 0 | AB2: 0 | AC2: 0 | AD2: 0 | AE2: 0 | AF2: 0 | AG2: 0
A3: natural gas nonpeaker | B3: 0 | C3: 0 | D3: 0 | E3: 0 | F3: 0 | G3: 0 | H3: 0 | I3: 0 | J3: 0 | K3: 0 | L3: 0 | M3: 0 | N3: 0 | O3: 0 | P3: 0 | Q3: 0 | R3: 0 | S3: 0 | T3: 0 | U3: 0 | V3: 0 | W3: 0 | X3: 0 | Y3: 0 | Z3: 0 | AA3: 0 | AB3: 0 | AC3: 0 | AD3: 0 | AE3: 0 | AF3: 0 | AG3: 0
A4: nuclear | B4: 0 | C4: 0 | D4: 0 | E4: 0 | F4: 0 | G4: 0 | H4: 0 | I4: 0 | J4: 0 | K4: 0 | L4: 0 | M4: 0 | N4: 0 | O4: 0 | P4: 0 | Q4: 0 | R4: 0 | S4: 0 | T4: 0 | U4: 0 | V4: 0 | W4: 0 | X4: 0 | Y4: 0 | Z4: 0 | AA4: 0 | AB4: 0 | AC4: 0 | AD4: 0 | AE4: 0 | AF4: 0 | AG4: 0
A5: hydro | B5: ='Electricity import'!D26*1000 -> 1682120 | C5: ='Electricity import'!E26*1000 -> 1988017.5 | D5: ='Electricity import'!F26*1000 -> 2276883.4 | E5: ='Electricity import'!G26*1000 -> 2565749.3 | F5: ='Electricity import'!H26*1000 -> 2854615.3 | G5: ='Electricity import'!I26*1000 -> 3143481.2 | H5: ='Electricity import'!J26*1000 -> 3432347.1 | I5: ='Electricity import'!K26*1000 -> 3721213.1 | ... AG5: ='Electricity import'!AI26*1000 -> 10653996
A6: onshore wind | B6: 0 | C6: 0 | D6: 0 | E6: 0 | F6: 0 | G6: 0 | H6: 0 | I6: 0 | J6: 0 | K6: 0 | L6: 0 | M6: 0 | N6: 0 | O6: 0 | P6: 0 | Q6: 0 | R6: 0 | S6: 0 | T6: 0 | U6: 0 | V6: 0 | W6: 0 | X6: 0 | Y6: 0 | Z6: 0 | AA6: 0 | AB6: 0 | AC6: 0 | AD6: 0 | AE6: 0 | AF6: 0 | AG6: 0
A7: solar PV | B7: 0 | C7: 0 | D7: 0 | E7: 0 | F7: 0 | G7: 0 | H7: 0 | I7: 0 | J7: 0 | K7: 0 | L7: 0 | M7: 0 | N7: 0 | O7: 0 | P7: 0 | Q7: 0 | R7: 0 | S7: 0 | T7: 0 | U7: 0 | V7: 0 | W7: 0 | X7: 0 | Y7: 0 | Z7: 0 | AA7: 0 | AB7: 0 | AC7: 0 | AD7: 0 | AE7: 0 | AF7: 0 | AG7: 0
A8: solar thermal | B8: 0 | C8: 0 | D8: 0 | E8: 0 | F8: 0 | G8: 0 | H8: 0 | I8: 0 | J8: 0 | K8: 0 | L8: 0 | M8: 0 | N8: 0 | O8: 0 | P8: 0 | Q8: 0 | R8: 0 | S8: 0 | T8: 0 | U8: 0 | V8: 0 | W8: 0 | X8: 0 | Y8: 0 | Z8: 0 | AA8: 0 | AB8: 0 | AC8: 0 | AD8: 0 | AE8: 0 | AF8: 0 | AG8: 0
A9: biomass | B9: 0 | C9: 0 | D9: 0 | E9: 0 | F9: 0 | G9: 0 | H9: 0 | I9: 0 | J9: 0 | K9: 0 | L9: 0 | M9: 0 | N9: 0 | O9: 0 | P9: 0 | Q9: 0 | R9: 0 | S9: 0 | T9: 0 | U9: 0 | V9: 0 | W9: 0 | X9: 0 | Y9: 0 | Z9: 0 | AA9: 0 | AB9: 0 | AC9: 0 | AD9: 0 | AE9: 0 | AF9: 0 | AG9: 0
A10: geothermal | B10: 0 | C10: 0 | D10: 0 | E10: 0 | F10: 0 | G10: 0 | H10: 0 | I10: 0 | J10: 0 | K10: 0 | L10: 0 | M10: 0 | N10: 0 | O10: 0 | P10: 0 | Q10: 0 | R10: 0 | S10: 0 | T10: 0 | U10: 0 | V10: 0 | W10: 0 | X10: 0 | Y10: 0 | Z10: 0 | AA10: 0 | AB10: 0 | AC10: 0 | AD10: 0 | AE10: 0 | AF10: 0 | AG10: 0
A11: petroleum | B11: 0 | C11: 0 | D11: 0 | E11: 0 | F11: 0 | G11: 0 | H11: 0 | I11: 0 | J11: 0 | K11: 0 | L11: 0 | M11: 0 | N11: 0 | O11: 0 | P11: 0 | Q11: 0 | R11: 0 | S11: 0 | T11: 0 | U11: 0 | V11: 0 | W11: 0 | X11: 0 | Y11: 0 | Z11: 0 | AA11: 0 | AB11: 0 | AC11: 0 | AD11: 0 | AE11: 0 | AF11: 0 | AG11: 0
A12: natural gas peaker | B12: 0 | C12: 0 | D12: 0 | E12: 0 | F12: 0 | G12: 0 | H12: 0 | I12: 0 | J12: 0 | K12: 0 | L12: 0 | M12: 0 | N12: 0 | O12: 0 | P12: 0 | Q12: 0 | R12: 0 | S12: 0 | T12: 0 | U12: 0 | V12: 0 | W12: 0 | X12: 0 | Y12: 0 | Z12: 0 | AA12: 0 | AB12: 0 | AC12: 0 | AD12: 0 | AE12: 0 | AF12: 0 | AG12: 0
A13: lignite | B13: 0 | C13: 0 | D13: 0 | E13: 0 | F13: 0 | G13: 0 | H13: 0 | I13: 0 | J13: 0 | K13: 0 | L13: 0 | M13: 0 | N13: 0 | O13: 0 | P13: 0 | Q13: 0 | R13: 0 | S13: 0 | T13: 0 | U13: 0 | V13: 0 | W13: 0 | X13: 0 | Y13: 0 | Z13: 0 | AA13: 0 | AB13: 0 | AC13: 0 | AD13: 0 | AE13: 0 | AF13: 0 | AG13: 0
A14: offshore wind | B14: 0 | C14: 0 | D14: 0 | E14: 0 | F14: 0 | G14: 0 | H14: 0 | I14: 0 | J14: 0 | K14: 0 | L14: 0 | M14: 0 | N14: 0 | O14: 0 | P14: 0 | Q14: 0 | R14: 0 | S14: 0 | T14: 0 | U14: 0 | V14: 0 | W14: 0 | X14: 0 | Y14: 0 | Z14: 0 | AA14: 0 | AB14: 0 | AC14: 0 | AD14: 0 | AE14: 0 | AF14: 0 | AG14: 0
A15: crude oil | B15: 0 | C15: 0 | D15: 0 | E15: 0 | F15: 0 | G15: 0 | H15: 0 | I15: 0 | J15: 0 | K15: 0 | L15: 0 | M15: 0 | N15: 0 | O15: 0 | P15: 0 | Q15: 0 | R15: 0 | S15: 0 | T15: 0 | U15: 0 | V15: 0 | W15: 0 | X15: 0 | Y15: 0 | Z15: 0 | AA15: 0 | AB15: 0 | AC15: 0 | AD15: 0 | AE15: 0 | AF15: 0 | AG15: 0
A16: heavy or residual fuel oil | B16: 0 | C16: 0 | D16: 0 | E16: 0 | F16: 0 | G16: 0 | H16: 0 | I16: 0 | J16: 0 | K16: 0 | L16: 0 | M16: 0 | N16: 0 | O16: 0 | P16: 0 | Q16: 0 | R16: 0 | S16: 0 | T16: 0 | U16: 0 | V16: 0 | W16: 0 | X16: 0 | Y16: 0 | Z16: 0 | AA16: 0 | AB16: 0 | AC16: 0 | AD16: 0 | AE16: 0 | AF16: 0 | AG16: 0
A17: municipal solid waste | B17: 0 | C17: 0 | D17: 0 | E17: 0 | F17: 0 | G17: 0 | H17: 0 | I17: 0 | J17: 0 | K17: 0 | L17: 0 | M17: 0 | N17: 0 | O17: 0 | P17: 0 | Q17: 0 | R17: 0 | S17: 0 | T17: 0 | U17: 0 | V17: 0 | W17: 0 | X17: 0 | Y17: 0 | Z17: 0 | AA17: 0 | AB17: 0 | AC17: 0 | AD17: 0 | AE17: 0 | AF17: 0 | AG17: 0

Sheet EIaE-BEE
A1: Exported Electricity (MW*hour) | B1: 2019 | C1: 2020 | D1: 2021 | E1: 2022 | F1: 2023 | G1: 2024 | H1: 2025 | I1: 2026 | J1: 2027 | K1: 2028 | L1: 2029 | M1: 2030 | N1: 2031 | O1: 2032 | P1: 2033 | Q1: 2034 | R1: 2035 | S1: 2036 | T1: 2037 | U1: 2038 | V1: 2039 | W1: 2040 | X1: 2041 | Y1: 2042 | Z1: 2043 | AA1: 2044 | AB1: 2045 | AC1: 2046 | AD1: 2047 | AE1: 2048 | AF1: 2049 | AG1: 2050
A2: Electricity Exports (MWh) | B2: 0 | C2: 0 | D2: 0 | E2: 0 | F2: 0 | G2: 0 | H2: 0 | I2: 0 | J2: 0 | K2: 0 | L2: 0 | M2: 0 | N2: 0 | O2: 0 | P2: 0 | Q2: 0 | R2: 0 | S2: 0 | T2: 0 | U2: 0 | V2: 0 | W2: 0 | X2: 0 | Y2: 0 | Z2: 0 | AA2: 0 | AB2: 0 | AC2: 0 | AD2: 0 | AE2: 0 | AF2: 0 | AG2: 0

Sheet EIaE-IEP
A1: Unit: 2012 USD/MWh | B1: 2019 | C1: 2020 | D1: 2021 | E1: 2022 | F1: 2023 | G1: 2024 | H1: 2025 | I1: 2026 | J1: 2027 | K1: 2028 | L1: 2029 | M1: 2030 | N1: 2031 | O1: 2032 | P1: 2033 | Q1: 2034 | R1: 2035 | S1: 2036 | T1: 2037 | U1: 2038 | V1: 2039 | W1: 2040 | X1: 2041 | Y1: 2042 | Z1: 2043 | AA1: 2044 | AB1: 2045 | AC1: 2046 | AD1: 2047 | AE1: 2048 | AF1: 2049 | AG1: 2050
A2: Imported Electricity Price | B2: ='Electricity price'!G30 -> 194.79884 | C2: ='Electricity price'!G31 -> 184.24323 | D2: ='Electricity price'!$G$32 -> 183.28363 | E2: ='Electricity price'!$G$32 -> 183.28363 | F2: ='Electricity price'!$G$32 -> 183.28363 | G2: ='Electricity price'!$G$32 -> 183.28363 | H2: ='Electricity price'!$G$32 -> 183.28363 | I2: ='Electricity price'!$G$32 -> 183.28363 | J2: ='Electricity price'!$G$32 -> 183.28363 | K2: ='Electricity price'!$G$32 -> 183.28363 | ... AG2: ='Electricity price'!$G$32 -> 183.28363

Sheet EIaE-BEEP
A1: Unit: 2012 USD/MWh | B1: 2019 | C1: 2020 | D1: 2021 | E1: 2022 | F1: 2023 | G1: 2024 | H1: 2025 | I1: 2026 | J1: 2027 | K1: 2028 | L1: 2029 | M1: 2030 | N1: 2031 | O1: 2032 | P1: 2033 | Q1: 2034 | R1: 2035 | S1: 2036 | T1: 2037 | U1: 2038 | V1: 2039 | W1: 2040 | X1: 2041 | Y1: 2042 | Z1: 2043 | AA1: 2044 | AB1: 2045 | AC1: 2046 | AD1: 2047 | AE1: 2048 | AF1: 2049 | AG1: 2050
A2: Exported Electricity Price | B2: ='Electricity price'!G30 -> 194.79884 | C2: ='Electricity price'!G31 -> 184.24323 | D2: ='Electricity price'!$G$32 -> 183.28363 | E2: ='Electricity price'!$G$32 -> 183.28363 | F2: ='Electricity price'!$G$32 -> 183.28363 | G2: ='Electricity price'!$G$32 -> 183.28363 | H2: ='Electricity price'!$G$32 -> 183.28363 | I2: ='Electricity price'!$G$32 -> 183.28363 | J2: ='Electricity price'!$G$32 -> 183.28363 | K2: ='Electricity price'!$G$32 -> 183.28363 | ... AG2: ='Electricity price'!$G$32 -> 183.28363
