Workbook

Sheet About
A1: BEbIC BAU Employment by BPS Code
A3: Source: | B3: OECD data
B4: https://stats.oecd.org/Index.aspx?DataSetCode=TIM_2021#
A7: Note:
A8: Data that used in this calculation as on 2019
A11: BPCiObIC BAU Percent Change in Output by ISIC Code
A13: Source: | B13: Most Industries
B14: OECD
B15: 2021
B16: Input-Output Tables 2021 Edition (ISIC Rev. 4)
B17: https://stats.oecd.org/Index.aspx?DataSetCode=IOTS_2021
B18: Variable: TTL
A21: Notes: | B21: We examine each industry to determin the appropriate trend, then carry that forward.
B22: From there, we estimate the annual percentage growth.
B24: Note that this is not linked to BIFUbC nor fuel production.

Sheet OECD EMPN
A1: =DotStatQuery(B1) -> #NAME? | B1: Sorry, the query is too large to fit into the Excel cell. You will not be able to update your table with the .Stat Populator.
A2: Dataset: Trade in employment (TiM) 2021 ed.
A3: Partner | G3: WLD: World
A4: Indicator | G4: EMPN: Employment
A5: Country | G5: IDN: Indonesia
A6: Unit | G6: Persons, Thousands
A7: Time | H7: 1995 | I7: 1996 | J7: 1997 | K7: 1998 | L7: 1999 | M7: 2000 | N7: 2001 | O7: 2002 | P7: 2003 | Q7: 2004 | R7: 2005 | S7: 2006 | T7: 2007 | U7: 2008 | V7: 2009 | W7: 2010 | X7: 2011 | Y7: 2012 | Z7: 2013 | AA7: 2014 | AB7: 2015 | AC7: 2016 | AD7: 2017 | AE7: 2018 | AF7: 2019 | AG7: 2020 | AH7: 2021 | AI7: 2022 | AJ7: 2023 | AK7: 2024 | AL7: 2025
A8: Industry
A9: DTOTAL: TOTAL | H9: 79687.2 | I9: 81839.8 | J9: 83992.4 | K9: 85494.9 | L9: 87752.3 | M9: 89284.6 | N9: 90310.9 | O9: 91285.7 | P9: 92129.9 | Q9: 93299.6 | R9: 94215.7 | S9: 94453.3 | T9: 95317 | U9: 98756.7 | V9: 102301.3 | W9: 104678.1 | X9: 107806.7 | Y9: 109731.1 | Z9: 113283.4 | AA9: 114345.3 | AB9: 116399 | AC9: 117833 | AD9: 119529.8 | AE9: 122780.6 | AF9: =ROUNDUP(_xlfn.FORECAST.LINEAR($AF$7,H9:AE9,$H$7:$AE$7), 0) -> 122110 | AG9: =ROUNDUP(_xlfn.FORECAST.LINEAR($AG$7,H9:AE9,$H$7:$AE$7), 0) -> 123923 | AH9: =ROUNDUP(_xlfn.FORECAST.LINEAR($AH$7,H9:AE9,$H$7:$AE$7), 0) -> 125737 | AI9: =ROUNDUP(_xlfn.FORECAST.LINEAR($AI$7,H9:AE9,$H$7:$AE$7), 0) -> 127551 | AJ9: =ROUNDUP(_xlfn.FORECAST.LINEAR($AJ$7,H9:AE9,$H$7:$AE$7), 0) -> 129364 | AK9: =ROUNDUP(_xlfn.FORECAST.LINEAR($AK$7,H9:AE9,$H$7:$AE$7), 0) -> 131178 | AL9: =ROUNDUP(_xlfn.FORECAST.LINEAR($AL$7,H9:AE9,$H$7:$AE$7), 0) -> 132992
A10: DTOTAL: TOTAL | B10: D01T03: Agriculture, hunting, forestry and fishing | H10: 35935.8 | I10: 36800.8 | J10: 37630.2 | K10: 37975.4 | L10: 39093.2 | M10: 39671.4 | N10: 39940.6 | O10: 40260.4 | P10: 40647.7 | Q10: 41067.6 | R10: 41357 | S10: 40767 | T10: 40357.8 | U10: 40492 | V10: 41309.4 | W10: 40932.7 | X10: 40058.1 | Y10: 39354.8 | Z10: 39621.1 | AA10: 39200.3 | AB10: 38462.7 | AC10: 37495 | AD10: 36803.3 | AE10: 36651.6 | AF10: =ROUNDUP(_xlfn.FORECAST.LINEAR($AF$7,H10:AE10,$H$7:$AE$7), 0) -> 39328 | AG10: =ROUNDUP(_xlfn.FORECAST.LINEAR($AG$7,H10:AE10,$H$7:$AE$7), 0) -> 39334 | AH10: =ROUNDUP(_xlfn.FORECAST.LINEAR($AH$7,H10:AE10,$H$7:$AE$7), 0) -> 39341 | AI10: =ROUNDUP(_xlfn.FORECAST.LINEAR($AI$7,H10:AE10,$H$7:$AE$7), 0) -> 39348 | AJ10: =ROUNDUP(_xlfn.FORECAST.LINEAR($AJ$7,H10:AE10,$H$7:$AE$7), 0) -> 39354 | AK10: =ROUNDUP(_xlfn.FORECAST.LINEAR($AK$7,H10:AE10,$H$7:$AE$7), 0) -> 39361 | AL10: =ROUNDUP(_xlfn.FORECAST.LINEAR($AL$7,H10:AE10,$H$7:$AE$7), 0) -> 39367
B11: D01T03: Agriculture, hunting, forestry and fishing | C11: D01T02: Agriculture, hunting, forestry | H11: 31803 | I11: 32547.3 | J11: 33247.9 | K11: 33511.6 | L11: 34492.1 | M11: 34988.1 | N11: 35187.4 | O11: 35450 | P11: 35772.5 | Q11: 36140.5 | R11: 36359.6 | S11: 35872.7 | T11: 35545.9 | U11: 35618.5 | V11: 36438.4 | W11: 36141.1 | X11: 35178.7 | Y11: 34431.7 | Z11: 34478.1 | AA11: 33715.3 | AB11: 32364.4 | AC11: 31368.8 | AD11: 30835.5 | AE11: 30569 | AF11: =ROUNDUP(_xlfn.FORECAST.LINEAR($AF$7,H11:AE11,$H$7:$AE$7), 0) -> 33454 | AG11: =ROUNDUP(_xlfn.FORECAST.LINEAR($AG$7,H11:AE11,$H$7:$AE$7), 0) -> 33390 | AH11: =ROUNDUP(_xlfn.FORECAST.LINEAR($AH$7,H11:AE11,$H$7:$AE$7), 0) -> 33326 | AI11: =ROUNDUP(_xlfn.FORECAST.LINEAR($AI$7,H11:AE11,$H$7:$AE$7), 0) -> 33262 | AJ11: =ROUNDUP(_xlfn.FORECAST.LINEAR($AJ$7,H11:AE11,$H$7:$AE$7), 0) -> 33198 | AK11: =ROUNDUP(_xlfn.FORECAST.LINEAR($AK$7,H11:AE11,$H$7:$AE$7), 0) -> 33134 | AL11: =ROUNDUP(_xlfn.FORECAST.LINEAR($AL$7,H11:AE11,$H$7:$AE$7), 0) -> 33070
C12: D03: Fishing and aquaculture | H12: 4132.8 | I12: 4253.5 | J12: 4382.3 | K12: 4463.8 | L12: 4601.1 | M12: 4683.3 | N12: 4753.2 | O12: 4810.4 | P12: 4875.2 | Q12: 4927.1 | R12: 4997.4 | S12: 4894.3 | T12: 4811.9 | U12: 4873.5 | V12: 4870.9 | W12: 4791.5 | X12: 4879.3 | Y12: 4923.1 | Z12: 5143 | AA12: 5485 | AB12: 6098.3 | AC12: 6126.2 | AD12: 5967.8 | AE12: 6082.7 | AF12: =ROUNDUP(_xlfn.FORECAST.LINEAR($AF$7,H12:AE12,$H$7:$AE$7), 0) -> 5875 | AG12: =ROUNDUP(_xlfn.FORECAST.LINEAR($AG$7,H12:AE12,$H$7:$AE$7), 0) -> 5945 | AH12: =ROUNDUP(_xlfn.FORECAST.LINEAR($AH$7,H12:AE12,$H$7:$AE$7), 0) -> 6016 | AI12: =ROUNDUP(_xlfn.FORECAST.LINEAR($AI$7,H12:AE12,$H$7:$AE$7), 0) -> 6086 | AJ12: =ROUNDUP(_xlfn.FORECAST.LINEAR($AJ$7,H12:AE12,$H$7:$AE$7), 0) -> 6157 | AK12: =ROUNDUP(_xlfn.FORECAST.LINEAR($AK$7,H12:AE12,$H$7:$AE$7), 0) -> 6227 | AL12: =ROUNDUP(_xlfn.FORECAST.LINEAR($AL$7,H12:AE12,$H$7:$AE$7), 0) -> 6298
B13: D05T09: Mining and quarrying | H13: 713.8 | I13: 733.1 | J13: 754.5 | K13: 761.2 | L13: 786.1 | M13: 805.3 | N13: 803.2 | O13: 795.9 | P13: 806.6 | Q13: 816.2 | R13: 851.3 | S13: 923.1 | T13: 969.2 | U13: 1026.9 | V13: 1118.8 | W13: 1185 | X13: 1372 | Y13: 1557.7 | Z13: 1476.1 | AA13: 1502.1 | AB13: 1348.5 | AC13: 1368 | AD13: 1336 | AE13: 1373.2 | AF13: =ROUNDUP(_xlfn.FORECAST.LINEAR($AF$7,H13:AE13,$H$7:$AE$7), 0) -> 1523 | AG13: =ROUNDUP(_xlfn.FORECAST.LINEAR($AG$7,H13:AE13,$H$7:$AE$7), 0) -> 1561 | AH13: =ROUNDUP(_xlfn.FORECAST.LINEAR($AH$7,H13:AE13,$H$7:$AE$7), 0) -> 1599 | AI13: =ROUNDUP(_xlfn.FORECAST.LINEAR($AI$7,H13:AE13,$H$7:$AE$7), 0) -> 1637 | AJ13: =ROUNDUP(_xlfn.FORECAST.LINEAR($AJ$7,H13:AE13,$H$7:$AE$7), 0) -> 1675 | AK13: =ROUNDUP(_xlfn.FORECAST.LINEAR($AK$7,H13:AE13,$H$7:$AE$7), 0) -> 1713 | AL13: =ROUNDUP(_xlfn.FORECAST.LINEAR($AL$7,H13:AE13,$H$7:$AE$7), 0) -> 1751
B14: D05T09: Mining and quarrying | C14: D05T06: Mining and quarrying, energy producing products | H14: 338.7 | I14: 349 | J14: 359.7 | K14: 365.3 | L14: 378.5 | M14: 383 | N14: 391.7 | O14: 402.4 | P14: 407.8 | Q14: 412.5 | R14: 411.9 | S14: 448.4 | T14: 472.3 | U14: 502.5 | V14: 552.9 | W14: 570.1 | X14: 686.8 | Y14: 773.3 | Z14: 743.9 | AA14: 760.2 | AB14: 716.3 | AC14: 725.5 | AD14: 702.2 | AE14: 724.9 | AF14: =ROUNDUP(_xlfn.FORECAST.LINEAR($AF$7,H14:AE14,$H$7:$AE$7), 0) -> 788 | AG14: =ROUNDUP(_xlfn.FORECAST.LINEAR($AG$7,H14:AE14,$H$7:$AE$7), 0) -> 809 | AH14: =ROUNDUP(_xlfn.FORECAST.LINEAR($AH$7,H14:AE14,$H$7:$AE$7), 0) -> 831 | AI14: =ROUNDUP(_xlfn.FORECAST.LINEAR($AI$7,H14:AE14,$H$7:$AE$7), 0) -> 852 | AJ14: =ROUNDUP(_xlfn.FORECAST.LINEAR($AJ$7,H14:AE14,$H$7:$AE$7), 0) -> 873 | AK14: =ROUNDUP(_xlfn.FORECAST.LINEAR($AK$7,H14:AE14,$H$7:$AE$7), 0) -> 894 | AL14: =ROUNDUP(_xlfn.FORECAST.LINEAR($AL$7,H14:AE14,$H$7:$AE$7), 0) -> 915
C15: D07T08: Mining and quarrying, non-energy producing products | H15: 345.6 | I15: 353.9 | J15: 363.6 | K15: 364.2 | L15: 374.8 | M15: 389.3 | N15: 377.2 | O15: 358.2 | P15: 362.8 | Q15: 367.4 | R15: 403.3 | S15: 435.9 | T15: 456.1 | U15: 481.2 | V15: 517.6 | W15: 566.4 | X15: 623.2 | Y15: 708.9 | Z15: 658.8 | AA15: 663.6 | AB15: 554.4 | AC15: 563.8 | AD15: 559 | AE15: 570.1 | AF15: =ROUNDUP(_xlfn.FORECAST.LINEAR($AF$7,H15:AE15,$H$7:$AE$7), 0) -> 655 | AG15: =ROUNDUP(_xlfn.FORECAST.LINEAR($AG$7,H15:AE15,$H$7:$AE$7), 0) -> 669 | AH15: =ROUNDUP(_xlfn.FORECAST.LINEAR($AH$7,H15:AE15,$H$7:$AE$7), 0) -> 683 | AI15: =ROUNDUP(_xlfn.FORECAST.LINEAR($AI$7,H15:AE15,$H$7:$AE$7), 0) -> 697 | AJ15: =ROUNDUP(_xlfn.FORECAST.LINEAR($AJ$7,H15:AE15,$H$7:$AE$7), 0) -> 712 | AK15: =ROUNDUP(_xlfn.FORECAST.LINEAR($AK$7,H15:AE15,$H$7:$AE$7), 0) -> 726 | AL15: =ROUNDUP(_xlfn.FORECAST.LINEAR($AL$7,H15:AE15,$H$7:$AE$7), 0) -> 740
C16: D09: Mining support service activities | H16: 29.5 | I16: 30.2 | J16: 31.1 | K16: 31.7 | L16: 32.8 | M16: 33 | N16: 34.4 | O16: 35.4 | P16: 36 | Q16: 36.3 | R16: 36.2 | S16: 38.8 | T16: 40.7 | U16: 43.3 | V16: 48.3 | W16: 48.6 | X16: 61.9 | Y16: 75.4 | Z16: 73.4 | AA16: 78.3 | AB16: 77.7 | AC16: 78.7 | AD16: 74.9 | AE16: 78.1 | AF16: =ROUNDUP(_xlfn.FORECAST.LINEAR($AF$7,H16:AE16,$H$7:$AE$7), 0) -> 81 | AG16: =ROUNDUP(_xlfn.FORECAST.LINEAR($AG$7,H16:AE16,$H$7:$AE$7), 0) -> 84 | AH16: =ROUNDUP(_xlfn.FORECAST.LINEAR($AH$7,H16:AE16,$H$7:$AE$7), 0) -> 87 | AI16: =ROUNDUP(_xlfn.FORECAST.LINEAR($AI$7,H16:AE16,$H$7:$AE$7), 0) -> 89 | AJ16: =ROUNDUP(_xlfn.FORECAST.LINEAR($AJ$7,H16:AE16,$H$7:$AE$7), 0) -> 92 | AK16: =ROUNDUP(_xlfn.FORECAST.LINEAR($AK$7,H16:AE16,$H$7:$AE$7), 0) -> 94 | AL16: =ROUNDUP(_xlfn.FORECAST.LINEAR($AL$7,H16:AE16,$H$7:$AE$7), 0) -> 97
B17: D10T33: Total Manufacturing | H17: 9939.7 | I17: 10226.2 | J17: 10530.8 | K17: 11023.8 | L17: 11102.5 | M17: 11405.5 | N17: 11595.5 | O17: 11573.6 | P17: 11653.7 | Q17: 11805.2 | R17: 11998.3 | S17: 11844.7 | T17: 12031.6 | U17: 12306.2 | V17: 12693.5 | W17: 13333.5 | X17: 14264 | Y17: 14932.8 | Z17: 15298.8 | AA17: 15406.3 | AB17: 15954.8 | AC17: 15941.5 | AD17: 16862.9 | AE17: 17626.5 | AF17: =ROUNDUP(_xlfn.FORECAST.LINEAR($AF$7,H17:AE17,$H$7:$AE$7), 0) -> 16757 | AG17: =ROUNDUP(_xlfn.FORECAST.LINEAR($AG$7,H17:AE17,$H$7:$AE$7), 0) -> 17060 | AH17: =ROUNDUP(_xlfn.FORECAST.LINEAR($AH$7,H17:AE17,$H$7:$AE$7), 0) -> 17363 | AI17: =ROUNDUP(_xlfn.FORECAST.LINEAR($AI$7,H17:AE17,$H$7:$AE$7), 0) -> 17665 | AJ17: =ROUNDUP(_xlfn.FORECAST.LINEAR($AJ$7,H17:AE17,$H$7:$AE$7), 0) -> 17968 | AK17: =ROUNDUP(_xlfn.FORECAST.LINEAR($AK$7,H17:AE17,$H$7:$AE$7), 0) -> 18271 | AL17: =ROUNDUP(_xlfn.FORECAST.LINEAR($AL$7,H17:AE17,$H$7:$AE$7), 0) -> 18573
B18: D10T33: Total Manufacturing | C18: D10T12: Food products, beverages and tobacco | H18: 2209.9 | I18: 2172.7 | J18: 2239.7 | K18: 2194.5 | L18: 2340.2 | M18: 2342.9 | N18: 2326.9 | O18: 2403.7 | P18: 2450.4 | Q18: 2481 | R18: 2520.7 | S18: 2613.8 | T18: 2703.7 | U18: 2760.6 | V18: 2827.3 | W18: 3094.3 | X18: 3200.6 | Y18: 3278.8 | Z18: 3265.6 | AA18: 3182.2 | AB18: 3042.7 | AC18: 2988.6 | AD18: 3236.3 | AE18: 3331.1 | AF18: =ROUNDUP(_xlfn.FORECAST.LINEAR($AF$7,H18:AE18,$H$7:$AE$7), 0) -> 3403 | AG18: =ROUNDUP(_xlfn.FORECAST.LINEAR($AG$7,H18:AE18,$H$7:$AE$7), 0) -> 3458 | AH18: =ROUNDUP(_xlfn.FORECAST.LINEAR($AH$7,H18:AE18,$H$7:$AE$7), 0) -> 3512 | AI18: =ROUNDUP(_xlfn.FORECAST.LINEAR($AI$7,H18:AE18,$H$7:$AE$7), 0) -> 3567 | AJ18: =ROUNDUP(_xlfn.FORECAST.LINEAR($AJ$7,H18:AE18,$H$7:$AE$7), 0) -> 3622 | AK18: =ROUNDUP(_xlfn.FORECAST.LINEAR($AK$7,H18:AE18,$H$7:$AE$7), 0) -> 3677 | AL18: =ROUNDUP(_xlfn.FORECAST.LINEAR($AL$7,H18:AE18,$H$7:$AE$7), 0) -> 3732
C19: D13T15: Textiles, textile products, leather and footwear | H19: 2826.1 | I19: 3074.7 | J19: 3164.4 | K19: 3583.2 | L19: 3346.6 | M19: 3548 | N19: 3700.5 | O19: 3531 | P19: 3499.5 | Q19: 3543 | R19: 3591.8 | S19: 3428.5 | T19: 3401.4 | U19: 3449.9 | V19: 3603.3 | W19: 3690.1 | X19: 3980.4 | Y19: 4237.3 | Z19: 4430.3 | AA19: 4551 | AB19: 4878.4 | AC19: 4830.7 | AD19: 5051.4 | AE19: 5319 | AF19: =ROUNDUP(_xlfn.FORECAST.LINEAR($AF$7,H19:AE19,$H$7:$AE$7), 0) -> 4895 | AG19: =ROUNDUP(_xlfn.FORECAST.LINEAR($AG$7,H19:AE19,$H$7:$AE$7), 0) -> 4979 | AH19: =ROUNDUP(_xlfn.FORECAST.LINEAR($AH$7,H19:AE19,$H$7:$AE$7), 0) -> 5063 | AI19: =ROUNDUP(_xlfn.FORECAST.LINEAR($AI$7,H19:AE19,$H$7:$AE$7), 0) -> 5147 | AJ19: =ROUNDUP(_xlfn.FORECAST.LINEAR($AJ$7,H19:AE19,$H$7:$AE$7), 0) -> 5231 | AK19: =ROUNDUP(_xlfn.FORECAST.LINEAR($AK$7,H19:AE19,$H$7:$AE$7), 0) -> 5315 | AL19: =ROUNDUP(_xlfn.FORECAST.LINEAR($AL$7,H19:AE19,$H$7:$AE$7), 0) -> 5399
C20: D16T18: Wood and paper products and printing | H20: 866 | I20: 851.3 | J20: 877.6 | K20: 859.7 | L20: 916.8 | M20: 918.2 | N20: 913.1 | O20: 943.1 | P20: 962.5 | Q20: 972.7 | R20: 988.5 | S20: 1021.4 | T20: 1045 | U20: 1073.7 | V20: 1121.9 | W20: 1156.2 | X20: 1265.5 | Y20: 1351.3 | Z20: 1402.9 | AA20: 1424.9 | AB20: 1505.9 | AC20: 1454.5 | AD20: 1517.6 | AE20: 1601.5 | AF20: =ROUNDUP(_xlfn.FORECAST.LINEAR($AF$7,H20:AE20,$H$7:$AE$7), 0) -> 1544 | AG20: =ROUNDUP(_xlfn.FORECAST.LINEAR($AG$7,H20:AE20,$H$7:$AE$7), 0) -> 1577 | AH20: =ROUNDUP(_xlfn.FORECAST.LINEAR($AH$7,H20:AE20,$H$7:$AE$7), 0) -> 1611 | AI20: =ROUNDUP(_xlfn.FORECAST.LINEAR($AI$7,H20:AE20,$H$7:$AE$7), 0) -> 1644 | AJ20: =ROUNDUP(_xlfn.FORECAST.LINEAR($AJ$7,H20:AE20,$H$7:$AE$7), 0) -> 1678 | AK20: =ROUNDUP(_xlfn.FORECAST.LINEAR($AK$7,H20:AE20,$H$7:$AE$7), 0) -> 1711 | AL20: =ROUNDUP(_xlfn.FORECAST.LINEAR($AL$7,H20:AE20,$H$7:$AE$7), 0) -> 1744
C21: D16T18: Wood and paper products and printing | D21: D16: Wood and products of wood and cork | H21: 491.9 | I21: 483.7 | J21: 498.6 | K21: 488.5 | L21: 520.9 | M21: 521.7 | N21: 518.6 | O21: 535.6 | P21: 546.7 | Q21: 552.5 | R21: 561.4 | S21: 580.5 | T21: 593.6 | U21: 610.1 | V21: 638.3 | W21: 655.3 | X21: 697.7 | Y21: 730.1 | Z21: 742.5 | AA21: 738.3 | AB21: 766.7 | AC21: 721.4 | AD21: 750.7 | AE21: 793.6 | AF21: =ROUNDUP(_xlfn.FORECAST.LINEAR($AF$7,H21:AE21,$H$7:$AE$7), 0) -> 793 | AG21: =ROUNDUP(_xlfn.FORECAST.LINEAR($AG$7,H21:AE21,$H$7:$AE$7), 0) -> 807 | AH21: =ROUNDUP(_xlfn.FORECAST.LINEAR($AH$7,H21:AE21,$H$7:$AE$7), 0) -> 821 | AI21: =ROUNDUP(_xlfn.FORECAST.LINEAR($AI$7,H21:AE21,$H$7:$AE$7), 0) -> 835 | AJ21: =ROUNDUP(_xlfn.FORECAST.LINEAR($AJ$7,H21:AE21,$H$7:$AE$7), 0) -> 850 | AK21: =ROUNDUP(_xlfn.FORECAST.LINEAR($AK$7,H21:AE21,$H$7:$AE$7), 0) -> 864 | AL21: =ROUNDUP(_xlfn.FORECAST.LINEAR($AL$7,H21:AE21,$H$7:$AE$7), 0) -> 878
D22: D17T18: Paper products and printing | H22: 374.1 | I22: 367.6 | J22: 379 | K22: 371.3 | L22: 395.9 | M22: 396.5 | N22: 394.5 | O22: 407.4 | P22: 415.8 | Q22: 420.3 | R22: 427.1 | S22: 440.8 | T22: 451.4 | U22: 463.6 | V22: 483.6 | W22: 500.9 | X22: 567.8 | Y22: 621.2 | Z22: 660.4 | AA22: 686.6 | AB22: 739.2 | AC22: 733.1 | AD22: 766.8 | AE22: 807.9 | AF22: =ROUNDUP(_xlfn.FORECAST.LINEAR($AF$7,H22:AE22,$H$7:$AE$7), 0) -> 752 | AG22: =ROUNDUP(_xlfn.FORECAST.LINEAR($AG$7,H22:AE22,$H$7:$AE$7), 0) -> 771 | AH22: =ROUNDUP(_xlfn.FORECAST.LINEAR($AH$7,H22:AE22,$H$7:$AE$7), 0) -> 790 | AI22: =ROUNDUP(_xlfn.FORECAST.LINEAR($AI$7,H22:AE22,$H$7:$AE$7), 0) -> 809 | AJ22: =ROUNDUP(_xlfn.FORECAST.LINEAR($AJ$7,H22:AE22,$H$7:$AE$7), 0) -> 828 | AK22: =ROUNDUP(_xlfn.FORECAST.LINEAR($AK$7,H22:AE22,$H$7:$AE$7), 0) -> 847 | AL22: =ROUNDUP(_xlfn.FORECAST.LINEAR($AL$7,H22:AE22,$H$7:$AE$7), 0) -> 867
C23: D19T23: Chemicals and non-metallic mineral products | H23: 1596.4 | I23: 1552.5 | J23: 1593.8 | K23: 1561.4 | L23: 1665.2 | M23: 1699.9 | N23: 1720.3 | O23: 1762.1 | P23: 1769.2 | Q23: 1806.1 | R23: 1847.9 | S23: 1920.3 | T23: 1981.9 | U23: 2039.9 | V23: 2002.4 | W23: 2216.1 | X23: 2476.4 | Y23: 2610.3 | Z23: 2671.1 | AA23: 2666.6 | AB23: 2616.2 | AC23: 2857.5 | AD23: 3126.7 | AE23: 3195.1 | AF23: =ROUNDUP(_xlfn.FORECAST.LINEAR($AF$7,H23:AE23,$H$7:$AE$7), 0) -> 2995 | AG23: =ROUNDUP(_xlfn.FORECAST.LINEAR($AG$7,H23:AE23,$H$7:$AE$7), 0) -> 3065 | AH23: =ROUNDUP(_xlfn.FORECAST.LINEAR($AH$7,H23:AE23,$H$7:$AE$7), 0) -> 3135 | AI23: =ROUNDUP(_xlfn.FORECAST.LINEAR($AI$7,H23:AE23,$H$7:$AE$7), 0) -> 3204 | AJ23: =ROUNDUP(_xlfn.FORECAST.LINEAR($AJ$7,H23:AE23,$H$7:$AE$7), 0) -> 3274 | AK23: =ROUNDUP(_xlfn.FORECAST.LINEAR($AK$7,H23:AE23,$H$7:$AE$7), 0) -> 3344 | AL23: =ROUNDUP(_xlfn.FORECAST.LINEAR($AL$7,H23:AE23,$H$7:$AE$7), 0) -> 3414
C24: D19T23: Chemicals and non-metallic mineral products | D24: D19: Coke and refined petroleum products | H24: 12.8 | I24: 12.2 | J24: 12.4 | K24: 12.2 | L24: 13 | M24: 13.8 | N24: 14.8 | O24: 14.9 | P24: 14.5 | Q24: 15.1 | R24: 15.7 | S24: 16.1 | T24: 16.7 | U24: 17.4 | V24: 15.3 | W24: 18.4 | X24: 28.5 | Y24: 36.8 | Z24: 45.9 | AA24: 55.4 | AB24: 62.2 | AC24: 101.5 | AD24: 117.7 | AE24: 115.6 | AF24: =ROUNDUP(_xlfn.FORECAST.LINEAR($AF$7,H24:AE24,$H$7:$AE$7), 0) -> 80 | AG24: =ROUNDUP(_xlfn.FORECAST.LINEAR($AG$7,H24:AE24,$H$7:$AE$7), 0) -> 84 | AH24: =ROUNDUP(_xlfn.FORECAST.LINEAR($AH$7,H24:AE24,$H$7:$AE$7), 0) -> 88 | AI24: =ROUNDUP(_xlfn.FORECAST.LINEAR($AI$7,H24:AE24,$H$7:$AE$7), 0) -> 92 | AJ24: =ROUNDUP(_xlfn.FORECAST.LINEAR($AJ$7,H24:AE24,$H$7:$AE$7), 0) -> 95 | AK24: =ROUNDUP(_xlfn.FORECAST.LINEAR($AK$7,H24:AE24,$H$7:$AE$7), 0) -> 99 | AL24: =ROUNDUP(_xlfn.FORECAST.LINEAR($AL$7,H24:AE24,$H$7:$AE$7), 0) -> 103
D25: D20T21: Chemicals and pharmaceutical products | H25: 442.8 | I25: 428.6 | J25: 440.1 | K25: 431.2 | L25: 459.8 | M25: 468.9 | N25: 464.5 | O25: 476 | P25: 477.5 | Q25: 488.3 | R25: 499.4 | S25: 529 | T25: 552.2 | U25: 564.4 | V25: 543.1 | W25: 639.2 | X25: 686.4 | Y25: 712.7 | Z25: 716.6 | AA25: 701.3 | AB25: 634.8 | AC25: 712.7 | AD25: 808.5 | AE25: 806.6 | AF25: =ROUNDUP(_xlfn.FORECAST.LINEAR($AF$7,H25:AE25,$H$7:$AE$7), 0) -> 778 | AG25: =ROUNDUP(_xlfn.FORECAST.LINEAR($AG$7,H25:AE25,$H$7:$AE$7), 0) -> 794 | AH25: =ROUNDUP(_xlfn.FORECAST.LINEAR($AH$7,H25:AE25,$H$7:$AE$7), 0) -> 811 | AI25: =ROUNDUP(_xlfn.FORECAST.LINEAR($AI$7,H25:AE25,$H$7:$AE$7), 0) -> 827 | AJ25: =ROUNDUP(_xlfn.FORECAST.LINEAR($AJ$7,H25:AE25,$H$7:$AE$7), 0) -> 844 | AK25: =ROUNDUP(_xlfn.FORECAST.LINEAR($AK$7,H25:AE25,$H$7:$AE$7), 0) -> 860 | AL25: =ROUNDUP(_xlfn.FORECAST.LINEAR($AL$7,H25:AE25,$H$7:$AE$7), 0) -> 877
D26: D20T21: Chemicals and pharmaceutical products | E26: D20: Chemical and chemical products | H26: 300.8 | I26: 295.8 | J26: 303.6 | K26: 297.4 | L26: 317.3 | M26: 324 | N26: 344.4 | O26: 352.9 | P26: 353.5 | Q26: 362.2 | R26: 370.4 | S26: 360.2 | T26: 379.6 | U26: 386 | V26: 365.1 | W26: 451.3 | X26: 516.4 | Y26: 526.2 | Z26: 518.6 | AA26: 497 | AB26: 418.2 | AC26: 483 | AD26: 565.8 | AE26: 552.7 | AF26: =ROUNDUP(_xlfn.FORECAST.LINEAR($AF$7,H26:AE26,$H$7:$AE$7), 0) -> 546 | AG26: =ROUNDUP(_xlfn.FORECAST.LINEAR($AG$7,H26:AE26,$H$7:$AE$7), 0) -> 557 | AH26: =ROUNDUP(_xlfn.FORECAST.LINEAR($AH$7,H26:AE26,$H$7:$AE$7), 0) -> 569 | AI26: =ROUNDUP(_xlfn.FORECAST.LINEAR($AI$7,H26:AE26,$H$7:$AE$7), 0) -> 580 | AJ26: =ROUNDUP(_xlfn.FORECAST.LINEAR($AJ$7,H26:AE26,$H$7:$AE$7), 0) -> 592 | AK26: =ROUNDUP(_xlfn.FORECAST.LINEAR($AK$7,H26:AE26,$H$7:$AE$7), 0) -> 603 | AL26: =ROUNDUP(_xlfn.FORECAST.LINEAR($AL$7,H26:AE26,$H$7:$AE$7), 0) -> 615
E27: D21: Pharmaceuticals, medicinal chemical and botanical products | H27: 142 | I27: 132.8 | J27: 136.4 | K27: 133.8 | L27: 142.6 | M27: 145 | N27: 120.1 | O27: 123.1 | P27: 123.9 | Q27: 126.1 | R27: 129 | S27: 168.8 | T27: 172.7 | U27: 178.4 | V27: 177.9 | W27: 187.9 | X27: 170 | Y27: 186.5 | Z27: 198 | AA27: 204.3 | AB27: 216.6 | AC27: 229.7 | AD27: 242.7 | AE27: 253.9 | AF27: =ROUNDUP(_xlfn.FORECAST.LINEAR($AF$7,H27:AE27,$H$7:$AE$7), 0) -> 232 | AG27: =ROUNDUP(_xlfn.FORECAST.LINEAR($AG$7,H27:AE27,$H$7:$AE$7), 0) -> 238 | AH27: =ROUNDUP(_xlfn.FORECAST.LINEAR($AH$7,H27:AE27,$H$7:$AE$7), 0) -> 243 | AI27: =ROUNDUP(_xlfn.FORECAST.LINEAR($AI$7,H27:AE27,$H$7:$AE$7), 0) -> 248 | AJ27: =ROUNDUP(_xlfn.FORECAST.LINEAR($AJ$7,H27:AE27,$H$7:$AE$7), 0) -> 253 | AK27: =ROUNDUP(_xlfn.FORECAST.LINEAR($AK$7,H27:AE27,$H$7:$AE$7), 0) -> 258 | AL27: =ROUNDUP(_xlfn.FORECAST.LINEAR($AL$7,H27:AE27,$H$7:$AE$7), 0) -> 263
D28: D22: Rubber and plastics products | H28: 765.6 | I28: 746 | J28: 765.9 | K28: 750.3 | L28: 800.2 | M28: 816.8 | N28: 832.8 | O28: 853.2 | P28: 856.9 | Q28: 874.5 | R28: 894.7 | S28: 921.7 | T28: 950 | U28: 978.6 | V28: 963.4 | W28: 1058.3 | X28: 1238.8 | Y28: 1351.7 | Z28: 1428.3 | AA28: 1469 | AB28: 1496.8 | AC28: 1649 | AD28: 1786.7 | AE28: 1837.8 | AF28: =ROUNDUP(_xlfn.FORECAST.LINEAR($AF$7,H28:AE28,$H$7:$AE$7), 0) -> 1660 | AG28: =ROUNDUP(_xlfn.FORECAST.LINEAR($AG$7,H28:AE28,$H$7:$AE$7), 0) -> 1705 | AH28: =ROUNDUP(_xlfn.FORECAST.LINEAR($AH$7,H28:AE28,$H$7:$AE$7), 0) -> 1751 | AI28: =ROUNDUP(_xlfn.FORECAST.LINEAR($AI$7,H28:AE28,$H$7:$AE$7), 0) -> 1797 | AJ28: =ROUNDUP(_xlfn.FORECAST.LINEAR($AJ$7,H28:AE28,$H$7:$AE$7), 0) -> 1843 | AK28: =ROUNDUP(_xlfn.FORECAST.LINEAR($AK$7,H28:AE28,$H$7:$AE$7), 0) -> 1888 | AL28: =ROUNDUP(_xlfn.FORECAST.LINEAR($AL$7,H28:AE28,$H$7:$AE$7), 0) -> 1934
D29: D23: Other non-metallic mineral products | H29: 375.2 | I29: 365.6 | J29: 375.4 | K29: 367.7 | L29: 392.2 | M29: 400.4 | N29: 408.1 | O29: 418 | P29: 420.3 | Q29: 428.2 | R29: 438.2 | S29: 453.5 | T29: 462.9 | U29: 479.5 | V29: 480.5 | W29: 500.2 | X29: 522.7 | Y29: 509.1 | Z29: 480.2 | AA29: 440.9 | AB29: 422.3 | AC29: 394.4 | AD29: 413.9 | AE29: 435 | AF29: =ROUNDUP(_xlfn.FORECAST.LINEAR($AF$7,H29:AE29,$H$7:$AE$7), 0) -> 479 | AG29: =ROUNDUP(_xlfn.FORECAST.LINEAR($AG$7,H29:AE29,$H$7:$AE$7), 0) -> 483 | AH29: =ROUNDUP(_xlfn.FORECAST.LINEAR($AH$7,H29:AE29,$H$7:$AE$7), 0) -> 486 | AI29: =ROUNDUP(_xlfn.FORECAST.LINEAR($AI$7,H29:AE29,$H$7:$AE$7), 0) -> 490 | AJ29: =ROUNDUP(_xlfn.FORECAST.LINEAR($AJ$7,H29:AE29,$H$7:$AE$7), 0) -> 494 | AK29: =ROUNDUP(_xlfn.FORECAST.LINEAR($AK$7,H29:AE29,$H$7:$AE$7), 0) -> 498 | AL29: =ROUNDUP(_xlfn.FORECAST.LINEAR($AL$7,H29:AE29,$H$7:$AE$7), 0) -> 501
C30: D24T25: Basic metals and fabricated metal products | H30: 504.6 | I30: 496.3 | J30: 511.6 | K30: 501.2 | L30: 534.5 | M30: 535.3 | N30: 532.1 | O30: 560.1 | P30: 561.1 | Q30: 568.5 | R30: 575.8 | S30: 596.5 | T30: 607.9 | U30: 626 | V30: 659.1 | W30: 663.8 | X30: 820.9 | Y30: 1001.6 | Z30: 1188 | AA30: 1378.7 | AB30: 1701.5 | AC30: 1837.4 | AD30: 1892.3 | AE30: 2014.6 | AF30: =ROUNDUP(_xlfn.FORECAST.LINEAR($AF$7,H30:AE30,$H$7:$AE$7), 0) -> 1629 | AG30: =ROUNDUP(_xlfn.FORECAST.LINEAR($AG$7,H30:AE30,$H$7:$AE$7), 0) -> 1690 | AH30: =ROUNDUP(_xlfn.FORECAST.LINEAR($AH$7,H30:AE30,$H$7:$AE$7), 0) -> 1750 | AI30: =ROUNDUP(_xlfn.FORECAST.LINEAR($AI$7,H30:AE30,$H$7:$AE$7), 0) -> 1811 | AJ30: =ROUNDUP(_xlfn.FORECAST.LINEAR($AJ$7,H30:AE30,$H$7:$AE$7), 0) -> 1872 | AK30: =ROUNDUP(_xlfn.FORECAST.LINEAR($AK$7,H30:AE30,$H$7:$AE$7), 0) -> 1932 | AL30: =ROUNDUP(_xlfn.FORECAST.LINEAR($AL$7,H30:AE30,$H$7:$AE$7), 0) -> 1993
C31: D24T25: Basic metals and fabricated metal products | D31: D24: Basic metals | H31: 154.9 | I31: 152.4 | J31: 157.1 | K31: 153.9 | L31: 164.1 | M31: 164.4 | N31: 163.4 | O31: 178.9 | P31: 172.3 | Q31: 175.8 | R31: 176.8 | S31: 183.2 | T31: 186.6 | U31: 192.2 | V31: 202.6 | W31: 203.3 | X31: 240.2 | Y31: 279.7 | Z31: 316.5 | AA31: 350 | AB31: 412.9 | AC31: 422.6 | AD31: 434.2 | AE31: 463 | AF31: =ROUNDUP(_xlfn.FORECAST.LINEAR($AF$7,H31:AE31,$H$7:$AE$7), 0) -> 398 | AG31: =ROUNDUP(_xlfn.FORECAST.LINEAR($AG$7,H31:AE31,$H$7:$AE$7), 0) -> 411 | AH31: =ROUNDUP(_xlfn.FORECAST.LINEAR($AH$7,H31:AE31,$H$7:$AE$7), 0) -> 424 | AI31: =ROUNDUP(_xlfn.FORECAST.LINEAR($AI$7,H31:AE31,$H$7:$AE$7), 0) -> 437 | AJ31: =ROUNDUP(_xlfn.FORECAST.LINEAR($AJ$7,H31:AE31,$H$7:$AE$7), 0) -> 449 | AK31: =ROUNDUP(_xlfn.FORECAST.LINEAR($AK$7,H31:AE31,$H$7:$AE$7), 0) -> 462 | AL31: =ROUNDUP(_xlfn.FORECAST.LINEAR($AL$7,H31:AE31,$H$7:$AE$7), 0) -> 475
D32: D25: Fabricated metal products | H32: 349.7 | I32: 343.9 | J32: 354.5 | K32: 347.3 | L32: 370.4 | M32: 371 | N32: 368.7 | O32: 381.2 | P32: 388.8 | Q32: 392.8 | R32: 399 | S32: 413.3 | T32: 421.3 | U32: 433.8 | V32: 456.5 | W32: 460.5 | X32: 580.8 | Y32: 721.8 | Z32: 871.6 | AA32: 1028.7 | AB32: 1288.6 | AC32: 1414.8 | AD32: 1458.1 | AE32: 1551.6 | AF32: =ROUNDUP(_xlfn.FORECAST.LINEAR($AF$7,H32:AE32,$H$7:$AE$7), 0) -> 1231 | AG32: =ROUNDUP(_xlfn.FORECAST.LINEAR($AG$7,H32:AE32,$H$7:$AE$7), 0) -> 1279 | AH32: =ROUNDUP(_xlfn.FORECAST.LINEAR($AH$7,H32:AE32,$H$7:$AE$7), 0) -> 1327 | AI32: =ROUNDUP(_xlfn.FORECAST.LINEAR($AI$7,H32:AE32,$H$7:$AE$7), 0) -> 1375 | AJ32: =ROUNDUP(_xlfn.FORECAST.LINEAR($AJ$7,H32:AE32,$H$7:$AE$7), 0) -> 1423 | AK32: =ROUNDUP(_xlfn.FORECAST.LINEAR($AK$7,H32:AE32,$H$7:$AE$7), 0) -> 1471 | AL32: =ROUNDUP(_xlfn.FORECAST.LINEAR($AL$7,H32:AE32,$H$7:$AE$7), 0) -> 1519
C33: D26T27: Computer, electronic and electrical equipment | H33: 608.8 | I33: 762.6 | J33: 786.7 | K33: 994.4 | L33: 881.6 | M33: 941.8 | N33: 986 | O33: 910.4 | P33: 917.1 | Q33: 924.7 | R33: 940 | S33: 727.8 | T33: 721.9 | U33: 742.3 | V33: 788.9 | W33: 782.8 | X33: 800.6 | Y33: 779.2 | Z33: 737.6 | AA33: 683.3 | AB33: 682.9 | AC33: 574.8 | AD33: 586.2 | AE33: 628.2 | AF33: =ROUNDUP(_xlfn.FORECAST.LINEAR($AF$7,H33:AE33,$H$7:$AE$7), 0) -> 659 | AG33: =ROUNDUP(_xlfn.FORECAST.LINEAR($AG$7,H33:AE33,$H$7:$AE$7), 0) -> 649 | AH33: =ROUNDUP(_xlfn.FORECAST.LINEAR($AH$7,H33:AE33,$H$7:$AE$7), 0) -> 638 | AI33: =ROUNDUP(_xlfn.FORECAST.LINEAR($AI$7,H33:AE33,$H$7:$AE$7), 0) -> 628 | AJ33: =ROUNDUP(_xlfn.FORECAST.LINEAR($AJ$7,H33:AE33,$H$7:$AE$7), 0) -> 618 | AK33: =ROUNDUP(_xlfn.FORECAST.LINEAR($AK$7,H33:AE33,$H$7:$AE$7), 0) -> 607 | AL33: =ROUNDUP(_xlfn.FORECAST.LINEAR($AL$7,H33:AE33,$H$7:$AE$7), 0) -> 597
C34: D26T27: Computer, electronic and electrical equipment | D34: D26: Computer, electronic and optical equipment | H34: 372.9 | I34: 488.5 | J34: 503.8 | K34: 718.7 | L34: 586.7 | M34: 648.3 | N34: 650.7 | O34: 562.9 | P34: 561.5 | Q34: 566.4 | R34: 575.8 | S34: 453.4 | T34: 444.3 | U34: 455.8 | V34: 483.1 | W34: 486.6 | X34: 466.8 | Y34: 448.9 | Z34: 419.7 | AA34: 383.8 | AB34: 373.1 | AC34: 316.7 | AD34: 325.7 | AE34: 346.8 | AF34: =ROUNDUP(_xlfn.FORECAST.LINEAR($AF$7,H34:AE34,$H$7:$AE$7), 0) -> 356 | AG34: =ROUNDUP(_xlfn.FORECAST.LINEAR($AG$7,H34:AE34,$H$7:$AE$7), 0) -> 345 | AH34: =ROUNDUP(_xlfn.FORECAST.LINEAR($AH$7,H34:AE34,$H$7:$AE$7), 0) -> 335 | AI34: =ROUNDUP(_xlfn.FORECAST.LINEAR($AI$7,H34:AE34,$H$7:$AE$7), 0) -> 325 | AJ34: =ROUNDUP(_xlfn.FORECAST.LINEAR($AJ$7,H34:AE34,$H$7:$AE$7), 0) -> 314 | AK34: =ROUNDUP(_xlfn.FORECAST.LINEAR($AK$7,H34:AE34,$H$7:$AE$7), 0) -> 304 | AL34: =ROUNDUP(_xlfn.FORECAST.LINEAR($AL$7,H34:AE34,$H$7:$AE$7), 0) -> 294
D35: D27: Electrical equipment | H35: 236 | I35: 274.1 | J35: 282.8 | K35: 275.6 | L35: 295 | M35: 293.5 | N35: 335.2 | O35: 347.5 | P35: 355.6 | Q35: 358.3 | R35: 364.2 | S35: 274.3 | T35: 277.6 | U35: 286.5 | V35: 305.8 | W35: 296.2 | X35: 333.8 | Y35: 330.3 | Z35: 317.8 | AA35: 299.5 | AB35: 309.9 | AC35: 258.2 | AD35: 260.6 | AE35: 281.4 | AF35: =ROUNDUP(_xlfn.FORECAST.LINEAR($AF$7,H35:AE35,$H$7:$AE$7), 0) -> 304 | AG35: =ROUNDUP(_xlfn.FORECAST.LINEAR($AG$7,H35:AE35,$H$7:$AE$7), 0) -> 304 | AH35: =ROUNDUP(_xlfn.FORECAST.LINEAR($AH$7,H35:AE35,$H$7:$AE$7), 0) -> 304 | AI35: =ROUNDUP(_xlfn.FORECAST.LINEAR($AI$7,H35:AE35,$H$7:$AE$7), 0) -> 304 | AJ35: =ROUNDUP(_xlfn.FORECAST.LINEAR($AJ$7,H35:AE35,$H$7:$AE$7), 0) -> 304 | AK35: =ROUNDUP(_xlfn.FORECAST.LINEAR($AK$7,H35:AE35,$H$7:$AE$7), 0) -> 304 | AL35: =ROUNDUP(_xlfn.FORECAST.LINEAR($AL$7,H35:AE35,$H$7:$AE$7), 0) -> 304
C36: D28: Machinery and equipment, nec | H36: 87.5 | I36: 86.1 | J36: 88.7 | K36: 86.9 | L36: 92.7 | M36: 92.8 | N36: 92.3 | O36: 95.3 | P36: 97.3 | Q36: 98.3 | R36: 99.9 | S36: 103.3 | T36: 105.7 | U36: 108.6 | V36: 113.5 | W36: 116.9 | X36: 118.3 | Y36: 118.1 | Z36: 114.6 | AA36: 108.8 | AB36: 107.6 | AC36: 97.1 | AD36: 101.3 | AE36: 106.9 | AF36: =ROUNDUP(_xlfn.FORECAST.LINEAR($AF$7,H36:AE36,$H$7:$AE$7), 0) -> 116 | AG36: =ROUNDUP(_xlfn.FORECAST.LINEAR($AG$7,H36:AE36,$H$7:$AE$7), 0) -> 117 | AH36: =ROUNDUP(_xlfn.FORECAST.LINEAR($AH$7,H36:AE36,$H$7:$AE$7), 0) -> 118 | AI36: =ROUNDUP(_xlfn.FORECAST.LINEAR($AI$7,H36:AE36,$H$7:$AE$7), 0) -> 119 | AJ36: =ROUNDUP(_xlfn.FORECAST.LINEAR($AJ$7,H36:AE36,$H$7:$AE$7), 0) -> 120 | AK36: =ROUNDUP(_xlfn.FORECAST.LINEAR($AK$7,H36:AE36,$H$7:$AE$7), 0) -> 121 | AL36: =ROUNDUP(_xlfn.FORECAST.LINEAR($AL$7,H36:AE36,$H$7:$AE$7), 0) -> 122
C37: D29T30: Transport equipment | H37: 414 | I37: 418.3 | J37: 431.3 | K37: 422.5 | L37: 450.5 | M37: 450.9 | N37: 453 | O37: 467.9 | P37: 477.8 | Q37: 482.6 | R37: 490.4 | S37: 458.7 | T37: 468.6 | U37: 481.6 | V37: 504.7 | W37: 516.3 | X37: 585.8 | Y37: 652.6 | Z37: 707 | AA37: 749.2 | AB37: 832.4 | AC37: 832 | AD37: 863.8 | AE37: 914.5 | AF37: =ROUNDUP(_xlfn.FORECAST.LINEAR($AF$7,H37:AE37,$H$7:$AE$7), 0) -> 819 | AG37: =ROUNDUP(_xlfn.FORECAST.LINEAR($AG$7,H37:AE37,$H$7:$AE$7), 0) -> 839 | AH37: =ROUNDUP(_xlfn.FORECAST.LINEAR($AH$7,H37:AE37,$H$7:$AE$7), 0) -> 860 | AI37: =ROUNDUP(_xlfn.FORECAST.LINEAR($AI$7,H37:AE37,$H$7:$AE$7), 0) -> 880 | AJ37: =ROUNDUP(_xlfn.FORECAST.LINEAR($AJ$7,H37:AE37,$H$7:$AE$7), 0) -> 900 | AK37: =ROUNDUP(_xlfn.FORECAST.LINEAR($AK$7,H37:AE37,$H$7:$AE$7), 0) -> 921 | AL37: =ROUNDUP(_xlfn.FORECAST.LINEAR($AL$7,H37:AE37,$H$7:$AE$7), 0) -> 941
C38: D29T30: Transport equipment | D38: D29: Motor vehicles, trailers and semi-trailers | H38: 207 | I38: 201.1 | J38: 207.3 | K38: 203.1 | L38: 216.6 | M38: 217 | N38: 214.7 | O38: 221.7 | P38: 226.3 | Q38: 228.7 | R38: 232.4 | S38: 251.9 | T38: 257.3 | U38: 264.7 | V38: 277.4 | W38: 283.3 | X38: 328.7 | Y38: 376.8 | Z38: 419.5 | AA38: 456.5 | AB38: 520.6 | AC38: 533.2 | AD38: 553.7 | AE38: 586.2 | AF38: =ROUNDUP(_xlfn.FORECAST.LINEAR($AF$7,H38:AE38,$H$7:$AE$7), 0) -> 516 | AG38: =ROUNDUP(_xlfn.FORECAST.LINEAR($AG$7,H38:AE38,$H$7:$AE$7), 0) -> 532 | AH38: =ROUNDUP(_xlfn.FORECAST.LINEAR($AH$7,H38:AE38,$H$7:$AE$7), 0) -> 548 | AI38: =ROUNDUP(_xlfn.FORECAST.LINEAR($AI$7,H38:AE38,$H$7:$AE$7), 0) -> 565 | AJ38: =ROUNDUP(_xlfn.FORECAST.LINEAR($AJ$7,H38:AE38,$H$7:$AE$7), 0) -> 581 | AK38: =ROUNDUP(_xlfn.FORECAST.LINEAR($AK$7,H38:AE38,$H$7:$AE$7), 0) -> 597 | AL38: =ROUNDUP(_xlfn.FORECAST.LINEAR($AL$7,H38:AE38,$H$7:$AE$7), 0) -> 614
D39: D30: Other transport equipment | H39: 207 | I39: 217.2 | J39: 224 | K39: 219.4 | L39: 234 | M39: 233.9 | N39: 238.3 | O39: 246.2 | P39: 251.5 | Q39: 253.9 | R39: 258 | S39: 206.9 | T39: 211.3 | U39: 216.9 | V39: 227.3 | W39: 233 | X39: 257.1 | Y39: 275.8 | Z39: 287.4 | AA39: 292.7 | AB39: 311.9 | AC39: 298.8 | AD39: 310.1 | AE39: 328.2 | AF39: =ROUNDUP(_xlfn.FORECAST.LINEAR($AF$7,H39:AE39,$H$7:$AE$7), 0) -> 303 | AG39: =ROUNDUP(_xlfn.FORECAST.LINEAR($AG$7,H39:AE39,$H$7:$AE$7), 0) -> 308 | AH39: =ROUNDUP(_xlfn.FORECAST.LINEAR($AH$7,H39:AE39,$H$7:$AE$7), 0) -> 312 | AI39: =ROUNDUP(_xlfn.FORECAST.LINEAR($AI$7,H39:AE39,$H$7:$AE$7), 0) -> 316 | AJ39: =ROUNDUP(_xlfn.FORECAST.LINEAR($AJ$7,H39:AE39,$H$7:$AE$7), 0) -> 320 | AK39: =ROUNDUP(_xlfn.FORECAST.LINEAR($AK$7,H39:AE39,$H$7:$AE$7), 0) -> 324 | AL39: =ROUNDUP(_xlfn.FORECAST.LINEAR($AL$7,H39:AE39,$H$7:$AE$7), 0) -> 328
C40: D31T33: Manufacturing nec; repair and installation of machinery and equipment | H40: 826.4 | I40: 811.9 | J40: 837 | K40: 820 | L40: 874.4 | M40: 875.7 | N40: 871.4 | O40: 900 | P40: 918.7 | Q40: 928.2 | R40: 943.2 | S40: 974.4 | T40: 995.6 | U40: 1023.7 | V40: 1072.4 | W40: 1096.9 | X40: 1015.4 | Y40: 903.6 | Z40: 781.8 | AA40: 661.7 | AB40: 587.1 | AC40: 469 | AD40: 487.2 | AE40: 515.7 | AF40: =ROUNDUP(_xlfn.FORECAST.LINEAR($AF$7,H40:AE40,$H$7:$AE$7), 0) -> 702 | AG40: =ROUNDUP(_xlfn.FORECAST.LINEAR($AG$7,H40:AE40,$H$7:$AE$7), 0) -> 691 | AH40: =ROUNDUP(_xlfn.FORECAST.LINEAR($AH$7,H40:AE40,$H$7:$AE$7), 0) -> 680 | AI40: =ROUNDUP(_xlfn.FORECAST.LINEAR($AI$7,H40:AE40,$H$7:$AE$7), 0) -> 669 | AJ40: =ROUNDUP(_xlfn.FORECAST.LINEAR($AJ$7,H40:AE40,$H$7:$AE$7), 0) -> 657 | AK40: =ROUNDUP(_xlfn.FORECAST.LINEAR($AK$7,H40:AE40,$H$7:$AE$7), 0) -> 646 | AL40: =ROUNDUP(_xlfn.FORECAST.LINEAR($AL$7,H40:AE40,$H$7:$AE$7), 0) -> 635
B41: D35T39: Electricity, gas, water supply, sewerage, waste and remediation services | H41: 227.4 | I41: 234 | J41: 241 | K41: 244.1 | L41: 252.6 | M41: 256.7 | N41: 260.1 | O41: 263.9 | P41: 266.9 | Q41: 270.8 | R41: 275.1 | S41: 311.6 | T41: 294.4 | U41: 285.8 | V41: 306 | W41: 311.5 | X41: 351.1 | Y41: 372.7 | Z41: 373.3 | AA41: 438.6 | AB41: 484.9 | AC41: 556.7 | AD41: 671.5 | AE41: 777.4 | AF41: =ROUNDUP(_xlfn.FORECAST.LINEAR($AF$7,H41:AE41,$H$7:$AE$7), 0) -> 558 | AG41: =ROUNDUP(_xlfn.FORECAST.LINEAR($AG$7,H41:AE41,$H$7:$AE$7), 0) -> 575 | AH41: =ROUNDUP(_xlfn.FORECAST.LINEAR($AH$7,H41:AE41,$H$7:$AE$7), 0) -> 592 | AI41: =ROUNDUP(_xlfn.FORECAST.LINEAR($AI$7,H41:AE41,$H$7:$AE$7), 0) -> 609 | AJ41: =ROUNDUP(_xlfn.FORECAST.LINEAR($AJ$7,H41:AE41,$H$7:$AE$7), 0) -> 626 | AK41: =ROUNDUP(_xlfn.FORECAST.LINEAR($AK$7,H41:AE41,$H$7:$AE$7), 0) -> 642 | AL41: =ROUNDUP(_xlfn.FORECAST.LINEAR($AL$7,H41:AE41,$H$7:$AE$7), 0) -> 659
B42: D35T39: Electricity, gas, water supply, sewerage, waste and remediation services | C42: D35: Electricity, gas, steam and air conditioning supply | H42: 201.5 | I42: 207.3 | J42: 213.5 | K42: 216.3 | L42: 223.8 | M42: 227.5 | N42: 230.5 | O42: 231.8 | P42: 234.3 | Q42: 238.3 | R42: 242.7 | S42: 275.4 | T42: 260.1 | U42: 253.3 | V42: 272 | W42: 274.4 | X42: 301.8 | Y42: 311.3 | Z42: 301.5 | AA42: 340.7 | AB42: 367.4 | AC42: 392.2 | AD42: 464.4 | AE42: 544.2 | AF42: =ROUNDUP(_xlfn.FORECAST.LINEAR($AF$7,H42:AE42,$H$7:$AE$7), 0) -> 415 | AG42: =ROUNDUP(_xlfn.FORECAST.LINEAR($AG$7,H42:AE42,$H$7:$AE$7), 0) -> 425 | AH42: =ROUNDUP(_xlfn.FORECAST.LINEAR($AH$7,H42:AE42,$H$7:$AE$7), 0) -> 436 | AI42: =ROUNDUP(_xlfn.FORECAST.LINEAR($AI$7,H42:AE42,$H$7:$AE$7), 0) -> 446 | AJ42: =ROUNDUP(_xlfn.FORECAST.LINEAR($AJ$7,H42:AE42,$H$7:$AE$7), 0) -> 457 | AK42: =ROUNDUP(_xlfn.FORECAST.LINEAR($AK$7,H42:AE42,$H$7:$AE$7), 0) -> 467 | AL42: =ROUNDUP(_xlfn.FORECAST.LINEAR($AL$7,H42:AE42,$H$7:$AE$7), 0) -> 478
C43: D36T39: Water supply; sewerage, waste management and remediation activities | H43: 25.9 | I43: 26.6 | J43: 27.4 | K43: 27.8 | L43: 28.8 | M43: 29.2 | N43: 29.6 | O43: 32.1 | P43: 32.6 | Q43: 32.5 | R43: 32.3 | S43: 36.1 | T43: 34.3 | U43: 32.5 | V43: 34 | W43: 37.1 | X43: 49.3 | Y43: 61.4 | Z43: 71.8 | AA43: 98 | AB43: 117.6 | AC43: 164.5 | AD43: 207.1 | AE43: 233.2 | AF43: =ROUNDUP(_xlfn.FORECAST.LINEAR($AF$7,H43:AE43,$H$7:$AE$7), 0) -> 144 | AG43: =ROUNDUP(_xlfn.FORECAST.LINEAR($AG$7,H43:AE43,$H$7:$AE$7), 0) -> 150 | AH43: =ROUNDUP(_xlfn.FORECAST.LINEAR($AH$7,H43:AE43,$H$7:$AE$7), 0) -> 157 | AI43: =ROUNDUP(_xlfn.FORECAST.LINEAR($AI$7,H43:AE43,$H$7:$AE$7), 0) -> 163 | AJ43: =ROUNDUP(_xlfn.FORECAST.LINEAR($AJ$7,H43:AE43,$H$7:$AE$7), 0) -> 169 | AK43: =ROUNDUP(_xlfn.FORECAST.LINEAR($AK$7,H43:AE43,$H$7:$AE$7), 0) -> 176 | AL43: =ROUNDUP(_xlfn.FORECAST.LINEAR($AL$7,H43:AE43,$H$7:$AE$7), 0) -> 182
B44: D41T43: Construction | H44: 3698.2 | I44: 3805.7 | J44: 3920.1 | K44: 3992.1 | L44: 4115 | M44: 4187.2 | N44: 4249.8 | O44: 4301.2 | P44: 4354.1 | Q44: 4407.5 | R44: 4469 | S44: 4484.7 | T44: 4646.3 | U44: 4902.4 | V44: 4928 | W44: 5066.7 | X44: 5850 | Y44: 6295.8 | Z44: 6589.4 | AA44: 7118.2 | AB44: 7864.3 | AC44: 7731.6 | AD44: 7447.3 | AE44: 7514.6 | AF44: =ROUNDUP(_xlfn.FORECAST.LINEAR($AF$7,H44:AE44,$H$7:$AE$7), 0) -> 7554 | AG44: =ROUNDUP(_xlfn.FORECAST.LINEAR($AG$7,H44:AE44,$H$7:$AE$7), 0) -> 7738 | AH44: =ROUNDUP(_xlfn.FORECAST.LINEAR($AH$7,H44:AE44,$H$7:$AE$7), 0) -> 7923 | AI44: =ROUNDUP(_xlfn.FORECAST.LINEAR($AI$7,H44:AE44,$H$7:$AE$7), 0) -> 8107 | AJ44: =ROUNDUP(_xlfn.FORECAST.LINEAR($AJ$7,H44:AE44,$H$7:$AE$7), 0) -> 8292 | AK44: =ROUNDUP(_xlfn.FORECAST.LINEAR($AK$7,H44:AE44,$H$7:$AE$7), 0) -> 8476 | AL44: =ROUNDUP(_xlfn.FORECAST.LINEAR($AL$7,H44:AE44,$H$7:$AE$7), 0) -> 8661
B45: D45T82: Total Business Sector Services | H45: 21229.8 | I45: 21883.5 | J45: 22513.8 | K45: 22941.2 | L45: 23584.8 | M45: 23981.5 | N45: 24339.8 | O45: 24844.6 | P45: 25010.8 | Q45: 25445.6 | R45: 25635.6 | S45: 26085.1 | T45: 26772 | U45: 28196.8 | V45: 29468.1 | W45: 29659 | X45: 30816.8 | Y45: 31762.3 | Z45: 33674.1 | AA45: 34103.1 | AB45: 35379.3 | AC45: 37222.5 | AD45: 38282.7 | AE45: 40037.5 | AF45: =ROUNDUP(_xlfn.FORECAST.LINEAR($AF$7,H45:AE45,$H$7:$AE$7), 0) -> 37954 | AG45: =ROUNDUP(_xlfn.FORECAST.LINEAR($AG$7,H45:AE45,$H$7:$AE$7), 0) -> 38714 | AH45: =ROUNDUP(_xlfn.FORECAST.LINEAR($AH$7,H45:AE45,$H$7:$AE$7), 0) -> 39474 | AI45: =ROUNDUP(_xlfn.FORECAST.LINEAR($AI$7,H45:AE45,$H$7:$AE$7), 0) -> 40234 | AJ45: =ROUNDUP(_xlfn.FORECAST.LINEAR($AJ$7,H45:AE45,$H$7:$AE$7), 0) -> 40994 | AK45: =ROUNDUP(_xlfn.FORECAST.LINEAR($AK$7,H45:AE45,$H$7:$AE$7), 0) -> 41754 | AL45: =ROUNDUP(_xlfn.FORECAST.LINEAR($AL$7,H45:AE45,$H$7:$AE$7), 0) -> 42514
B46: D45T82: Total Business Sector Services | C46: D45T56: Distributive trade, transport, accommodation and food services | H46: 19188.4 | I46: 19769.7 | J46: 20346.3 | K46: 20728.9 | L46: 21326.8 | M46: 21690.2 | N46: 22014.3 | O46: 22415.1 | P46: 22601.8 | Q46: 22960.8 | R46: 23175.6 | S46: 23607.5 | T46: 24232.3 | U46: 25522.5 | V46: 26678.4 | W46: 26833.2 | X46: 27896.6 | Y46: 28768.2 | Z46: 30525.1 | AA46: 30956.9 | AB46: 32196.9 | AC46: 33864.3 | AD46: 34840.6 | AE46: 36479.3 | AF46: =ROUNDUP(_xlfn.FORECAST.LINEAR($AF$7,H46:AE46,$H$7:$AE$7), 0) -> 34498 | AG46: =ROUNDUP(_xlfn.FORECAST.LINEAR($AG$7,H46:AE46,$H$7:$AE$7), 0) -> 35196 | AH46: =ROUNDUP(_xlfn.FORECAST.LINEAR($AH$7,H46:AE46,$H$7:$AE$7), 0) -> 35893 | AI46: =ROUNDUP(_xlfn.FORECAST.LINEAR($AI$7,H46:AE46,$H$7:$AE$7), 0) -> 36591 | AJ46: =ROUNDUP(_xlfn.FORECAST.LINEAR($AJ$7,H46:AE46,$H$7:$AE$7), 0) -> 37289 | AK46: =ROUNDUP(_xlfn.FORECAST.LINEAR($AK$7,H46:AE46,$H$7:$AE$7), 0) -> 37987 | AL46: =ROUNDUP(_xlfn.FORECAST.LINEAR($AL$7,H46:AE46,$H$7:$AE$7), 0) -> 38684
C47: D45T56: Distributive trade, transport, accommodation and food services | D47: D45T47: Wholesale and retail trade; repair of motor vehicles | H47: 13028.2 | I47: 13422.8 | J47: 13814.4 | K47: 14074 | L47: 14479.8 | M47: 14727.5 | N47: 14946.3 | O47: 15217.7 | P47: 15349.7 | Q47: 15585.1 | R47: 15731.7 | S47: 16049.2 | T47: 16421.2 | U47: 17327.4 | V47: 18217.7 | W47: 18000.4 | X47: 19041.2 | Y47: 19960.2 | Z47: 21508.6 | AA47: 22062.2 | AB47: 23445.3 | AC47: 24534.4 | AD47: 24891.8 | AE47: 26219.6 | AF47: =ROUNDUP(_xlfn.FORECAST.LINEAR($AF$7,H47:AE47,$H$7:$AE$7), 0) -> 24551 | AG47: =ROUNDUP(_xlfn.FORECAST.LINEAR($AG$7,H47:AE47,$H$7:$AE$7), 0) -> 25088 | AH47: =ROUNDUP(_xlfn.FORECAST.LINEAR($AH$7,H47:AE47,$H$7:$AE$7), 0) -> 25626 | AI47: =ROUNDUP(_xlfn.FORECAST.LINEAR($AI$7,H47:AE47,$H$7:$AE$7), 0) -> 26163 | AJ47: =ROUNDUP(_xlfn.FORECAST.LINEAR($AJ$7,H47:AE47,$H$7:$AE$7), 0) -> 26700 | AK47: =ROUNDUP(_xlfn.FORECAST.LINEAR($AK$7,H47:AE47,$H$7:$AE$7), 0) -> 27237 | AL47: =ROUNDUP(_xlfn.FORECAST.LINEAR($AL$7,H47:AE47,$H$7:$AE$7), 0) -> 27775
D48: D49T53: Transportation and storage | H48: 2919.3 | I48: 3007.8 | J48: 3095.3 | K48: 3153.7 | L48: 3244.9 | M48: 3299.2 | N48: 3349.7 | O48: 3411.3 | P48: 3434.8 | Q48: 3497.3 | R48: 3529.2 | S48: 3572.1 | T48: 3716.5 | U48: 3883.9 | V48: 3960.8 | W48: 4288.6 | X48: 4147.7 | Y48: 3975.2 | Z48: 3916.4 | AA48: 3771.4 | AB48: 3529.8 | AC48: 3865.6 | AD48: 4333.8 | AE48: 4395.9 | AF48: =ROUNDUP(_xlfn.FORECAST.LINEAR($AF$7,H48:AE48,$H$7:$AE$7), 0) -> 4300 | AG48: =ROUNDUP(_xlfn.FORECAST.LINEAR($AG$7,H48:AE48,$H$7:$AE$7), 0) -> 4353 | AH48: =ROUNDUP(_xlfn.FORECAST.LINEAR($AH$7,H48:AE48,$H$7:$AE$7), 0) -> 4406 | AI48: =ROUNDUP(_xlfn.FORECAST.LINEAR($AI$7,H48:AE48,$H$7:$AE$7), 0) -> 4459 | AJ48: =ROUNDUP(_xlfn.FORECAST.LINEAR($AJ$7,H48:AE48,$H$7:$AE$7), 0) -> 4512 | AK48: =ROUNDUP(_xlfn.FORECAST.LINEAR($AK$7,H48:AE48,$H$7:$AE$7), 0) -> 4565 | AL48: =ROUNDUP(_xlfn.FORECAST.LINEAR($AL$7,H48:AE48,$H$7:$AE$7), 0) -> 4617
D49: D49T53: Transportation and storage | E49: D49: Land transport and transport via pipelines | H49: 1499.5 | I49: 1545.5 | J49: 1590.5 | K49: 1620.5 | L49: 1667.4 | M49: 1695.2 | N49: 1720.6 | O49: 1752.4 | P49: 1763.5 | Q49: 1797.2 | R49: 1813.3 | S49: 1831.3 | T49: 1915 | U49: 1995.4 | V49: 2016 | W49: 2242.5 | X49: 2089.5 | Y49: 1945.4 | Z49: 1859.8 | AA49: 1690.1 | AB49: 1395.5 | AC49: 1454.2 | AD49: 1600 | AE49: 1592.3 | AF49: =ROUNDUP(_xlfn.FORECAST.LINEAR($AF$7,H49:AE49,$H$7:$AE$7), 0) -> 1808 | AG49: =ROUNDUP(_xlfn.FORECAST.LINEAR($AG$7,H49:AE49,$H$7:$AE$7), 0) -> 1813 | AH49: =ROUNDUP(_xlfn.FORECAST.LINEAR($AH$7,H49:AE49,$H$7:$AE$7), 0) -> 1817 | AI49: =ROUNDUP(_xlfn.FORECAST.LINEAR($AI$7,H49:AE49,$H$7:$AE$7), 0) -> 1821 | AJ49: =ROUNDUP(_xlfn.FORECAST.LINEAR($AJ$7,H49:AE49,$H$7:$AE$7), 0) -> 1826 | AK49: =ROUNDUP(_xlfn.FORECAST.LINEAR($AK$7,H49:AE49,$H$7:$AE$7), 0) -> 1830 | AL49: =ROUNDUP(_xlfn.FORECAST.LINEAR($AL$7,H49:AE49,$H$7:$AE$7), 0) -> 1834
E50: D50: Water transport | H50: 343.7 | I50: 354.2 | J50: 364.5 | K50: 371.4 | L50: 382.2 | M50: 388.6 | N50: 394.4 | O50: 401.6 | P50: 404.3 | Q50: 411.8 | R50: 415.5 | S50: 420.4 | T50: 437.9 | U50: 457.4 | V50: 465.5 | W50: 506.6 | X50: 482.7 | Y50: 459.6 | Z50: 449.4 | AA50: 417.6 | AB50: 360.6 | AC50: 375.7 | AD50: 407 | AE50: 409.2 | AF50: =ROUNDUP(_xlfn.FORECAST.LINEAR($AF$7,H50:AE50,$H$7:$AE$7), 0) -> 448 | AG50: =ROUNDUP(_xlfn.FORECAST.LINEAR($AG$7,H50:AE50,$H$7:$AE$7), 0) -> 451 | AH50: =ROUNDUP(_xlfn.FORECAST.LINEAR($AH$7,H50:AE50,$H$7:$AE$7), 0) -> 453 | AI50: =ROUNDUP(_xlfn.FORECAST.LINEAR($AI$7,H50:AE50,$H$7:$AE$7), 0) -> 456 | AJ50: =ROUNDUP(_xlfn.FORECAST.LINEAR($AJ$7,H50:AE50,$H$7:$AE$7), 0) -> 459 | AK50: =ROUNDUP(_xlfn.FORECAST.LINEAR($AK$7,H50:AE50,$H$7:$AE$7), 0) -> 462 | AL50: =ROUNDUP(_xlfn.FORECAST.LINEAR($AL$7,H50:AE50,$H$7:$AE$7), 0) -> 465
E51: D51: Air transport | H51: 520.8 | I51: 536.8 | J51: 552.5 | K51: 562.9 | L51: 579.1 | M51: 589 | N51: 597.6 | O51: 608.5 | P51: 613.2 | Q51: 623.5 | R51: 629.3 | S51: 639.7 | T51: 659.6 | U51: 693.2 | V51: 718.2 | W51: 740.8 | X51: 744.8 | Y51: 748.2 | Z51: 771.8 | AA51: 856.6 | AB51: 1020.5 | AC51: 1251 | AD51: 1499.2 | AE51: 1547.3 | AF51: =ROUNDUP(_xlfn.FORECAST.LINEAR($AF$7,H51:AE51,$H$7:$AE$7), 0) -> 1176 | AG51: =ROUNDUP(_xlfn.FORECAST.LINEAR($AG$7,H51:AE51,$H$7:$AE$7), 0) -> 1209 | AH51: =ROUNDUP(_xlfn.FORECAST.LINEAR($AH$7,H51:AE51,$H$7:$AE$7), 0) -> 1241 | AI51: =ROUNDUP(_xlfn.FORECAST.LINEAR($AI$7,H51:AE51,$H$7:$AE$7), 0) -> 1274 | AJ51: =ROUNDUP(_xlfn.FORECAST.LINEAR($AJ$7,H51:AE51,$H$7:$AE$7), 0) -> 1307 | AK51: =ROUNDUP(_xlfn.FORECAST.LINEAR($AK$7,H51:AE51,$H$7:$AE$7), 0) -> 1340 | AL51: =ROUNDUP(_xlfn.FORECAST.LINEAR($AL$7,H51:AE51,$H$7:$AE$7), 0) -> 1373
E52: D52: Warehousing and support activities for transportation | H52: 466.3 | I52: 480.7 | J52: 494.7 | K52: 504 | L52: 518.5 | M52: 527.3 | N52: 535.1 | O52: 544.9 | P52: 548.9 | Q52: 558.4 | R52: 563.6 | S52: 571.9 | T52: 591.9 | U52: 620.6 | V52: 638.6 | W52: 672.5 | X52: 662.5 | Y52: 652.1 | Z52: 659.1 | AA52: 633.2 | AB52: 584.4 | AC52: 608.9 | AD52: 644.8 | AE52: 658.2 | AF52: =ROUNDUP(_xlfn.FORECAST.LINEAR($AF$7,H52:AE52,$H$7:$AE$7), 0) -> 683 | AG52: =ROUNDUP(_xlfn.FORECAST.LINEAR($AG$7,H52:AE52,$H$7:$AE$7), 0) -> 691 | AH52: =ROUNDUP(_xlfn.FORECAST.LINEAR($AH$7,H52:AE52,$H$7:$AE$7), 0) -> 699 | AI52: =ROUNDUP(_xlfn.FORECAST.LINEAR($AI$7,H52:AE52,$H$7:$AE$7), 0) -> 707 | AJ52: =ROUNDUP(_xlfn.FORECAST.LINEAR($AJ$7,H52:AE52,$H$7:$AE$7), 0) -> 715 | AK52: =ROUNDUP(_xlfn.FORECAST.LINEAR($AK$7,H52:AE52,$H$7:$AE$7), 0) -> 723 | AL52: =ROUNDUP(_xlfn.FORECAST.LINEAR($AL$7,H52:AE52,$H$7:$AE$7), 0) -> 731
E53: D53: Postal and courier activities | H53: 89 | I53: 90.5 | J53: 93.2 | K53: 94.9 | L53: 97.7 | M53: 99.1 | N53: 102.1 | O53: 104 | P53: 104.9 | Q53: 106.5 | R53: 107.5 | S53: 108.8 | T53: 112.1 | U53: 117.3 | V53: 122.5 | W53: 126.1 | X53: 168.2 | Y53: 169.9 | Z53: 176.3 | AA53: 173.9 | AB53: 168.8 | AC53: 175.8 | AD53: 182.9 | AE53: 188.8 | AF53: =ROUNDUP(_xlfn.FORECAST.LINEAR($AF$7,H53:AE53,$H$7:$AE$7), 0) -> 188 | AG53: =ROUNDUP(_xlfn.FORECAST.LINEAR($AG$7,H53:AE53,$H$7:$AE$7), 0) -> 192 | AH53: =ROUNDUP(_xlfn.FORECAST.LINEAR($AH$7,H53:AE53,$H$7:$AE$7), 0) -> 197 | AI53: =ROUNDUP(_xlfn.FORECAST.LINEAR($AI$7,H53:AE53,$H$7:$AE$7), 0) -> 202 | AJ53: =ROUNDUP(_xlfn.FORECAST.LINEAR($AJ$7,H53:AE53,$H$7:$AE$7), 0) -> 206 | AK53: =ROUNDUP(_xlfn.FORECAST.LINEAR($AK$7,H53:AE53,$H$7:$AE$7), 0) -> 211 | AL53: =ROUNDUP(_xlfn.FORECAST.LINEAR($AL$7,H53:AE53,$H$7:$AE$7), 0) -> 216
D54: D55T56: Accommodation and food service activities | H54: 3241 | I54: 3339.1 | J54: 3436.5 | K54: 3501.2 | L54: 3602.2 | M54: 3663.5 | N54: 3718.3 | O54: 3786 | P54: 3817.3 | Q54: 3878.4 | R54: 3914.7 | S54: 3986.2 | T54: 4094.6 | U54: 4311.2 | V54: 4499.9 | W54: 4544.2 | X54: 4707.6 | Y54: 4832.9 | Z54: 5100.1 | AA54: 5123.3 | AB54: 5221.8 | AC54: 5464.4 | AD54: 5615 | AE54: 5863.8 | AF54: =ROUNDUP(_xlfn.FORECAST.LINEAR($AF$7,H54:AE54,$H$7:$AE$7), 0) -> 5648 | AG54: =ROUNDUP(_xlfn.FORECAST.LINEAR($AG$7,H54:AE54,$H$7:$AE$7), 0) -> 5755 | AH54: =ROUNDUP(_xlfn.FORECAST.LINEAR($AH$7,H54:AE54,$H$7:$AE$7), 0) -> 5863 | AI54: =ROUNDUP(_xlfn.FORECAST.LINEAR($AI$7,H54:AE54,$H$7:$AE$7), 0) -> 5971 | AJ54: =ROUNDUP(_xlfn.FORECAST.LINEAR($AJ$7,H54:AE54,$H$7:$AE$7), 0) -> 6078 | AK54: =ROUNDUP(_xlfn.FORECAST.LINEAR($AK$7,H54:AE54,$H$7:$AE$7), 0) -> 6186 | AL54: =ROUNDUP(_xlfn.FORECAST.LINEAR($AL$7,H54:AE54,$H$7:$AE$7), 0) -> 6293
C55: D58T63: Information and communication | H55: 576.5 | I55: 596.3 | J55: 612 | K55: 630.7 | L55: 638.5 | M55: 648.2 | N55: 658 | O55: 705.1 | P55: 687.1 | Q55: 737.8 | R55: 708.1 | S55: 699.7 | T55: 723.5 | U55: 757.7 | V55: 778.1 | W55: 824.6 | X55: 814.3 | Y55: 796.9 | Z55: 803.2 | AA55: 768.1 | AB55: 707.8 | AC55: 728.7 | AD55: 766.4 | AE55: 788.8 | AF55: =ROUNDUP(_xlfn.FORECAST.LINEAR($AF$7,H55:AE55,$H$7:$AE$7), 0) -> 823 | AG55: =ROUNDUP(_xlfn.FORECAST.LINEAR($AG$7,H55:AE55,$H$7:$AE$7), 0) -> 831 | AH55: =ROUNDUP(_xlfn.FORECAST.LINEAR($AH$7,H55:AE55,$H$7:$AE$7), 0) -> 840 | AI55: =ROUNDUP(_xlfn.FORECAST.LINEAR($AI$7,H55:AE55,$H$7:$AE$7), 0) -> 849 | AJ55: =ROUNDUP(_xlfn.FORECAST.LINEAR($AJ$7,H55:AE55,$H$7:$AE$7), 0) -> 857 | AK55: =ROUNDUP(_xlfn.FORECAST.LINEAR($AK$7,H55:AE55,$H$7:$AE$7), 0) -> 866 | AL55: =ROUNDUP(_xlfn.FORECAST.LINEAR($AL$7,H55:AE55,$H$7:$AE$7), 0) -> 875
C56: D58T63: Information and communication | D56: D58T60: Publishing, audiovisual and broadcasting activities | H56: 162.1 | I56: 175 | J56: 179.5 | K56: 182.7 | L56: 187.3 | M56: 190.5 | N56: 175.1 | O56: 180.2 | P56: 179.8 | Q56: 179 | R56: 184.1 | S56: 174.6 | T56: 180.7 | U56: 189.4 | V56: 194.5 | W56: 206 | X56: 196.4 | Y56: 191.4 | Z56: 192.2 | AA56: 183.2 | AB56: 168 | AC56: 173.8 | AD56: 183 | AE56: 188.1 | AF56: =ROUNDUP(_xlfn.FORECAST.LINEAR($AF$7,H56:AE56,$H$7:$AE$7), 0) -> 189 | AG56: =ROUNDUP(_xlfn.FORECAST.LINEAR($AG$7,H56:AE56,$H$7:$AE$7), 0) -> 189 | AH56: =ROUNDUP(_xlfn.FORECAST.LINEAR($AH$7,H56:AE56,$H$7:$AE$7), 0) -> 190 | AI56: =ROUNDUP(_xlfn.FORECAST.LINEAR($AI$7,H56:AE56,$H$7:$AE$7), 0) -> 190 | AJ56: =ROUNDUP(_xlfn.FORECAST.LINEAR($AJ$7,H56:AE56,$H$7:$AE$7), 0) -> 191 | AK56: =ROUNDUP(_xlfn.FORECAST.LINEAR($AK$7,H56:AE56,$H$7:$AE$7), 0) -> 191 | AL56: =ROUNDUP(_xlfn.FORECAST.LINEAR($AL$7,H56:AE56,$H$7:$AE$7), 0) -> 192
D57: D61: Telecommunications | H57: 310 | I57: 330.2 | J57: 338.9 | K57: 352.7 | L57: 353.6 | M57: 358.9 | N57: 390.6 | O57: 429.8 | P57: 412.1 | Q57: 464.3 | R57: 426.8 | S57: 443.4 | T57: 458.7 | U57: 480 | V57: 492.4 | W57: 523.7 | X57: 493.8 | Y57: 481.8 | Z57: 484.1 | AA57: 461.2 | AB57: 421.6 | AC57: 432.8 | AD57: 456.7 | AE57: 469.2 | AF57: =ROUNDUP(_xlfn.FORECAST.LINEAR($AF$7,H57:AE57,$H$7:$AE$7), 0) -> 511 | AG57: =ROUNDUP(_xlfn.FORECAST.LINEAR($AG$7,H57:AE57,$H$7:$AE$7), 0) -> 517 | AH57: =ROUNDUP(_xlfn.FORECAST.LINEAR($AH$7,H57:AE57,$H$7:$AE$7), 0) -> 524 | AI57: =ROUNDUP(_xlfn.FORECAST.LINEAR($AI$7,H57:AE57,$H$7:$AE$7), 0) -> 531 | AJ57: =ROUNDUP(_xlfn.FORECAST.LINEAR($AJ$7,H57:AE57,$H$7:$AE$7), 0) -> 537 | AK57: =ROUNDUP(_xlfn.FORECAST.LINEAR($AK$7,H57:AE57,$H$7:$AE$7), 0) -> 544 | AL57: =ROUNDUP(_xlfn.FORECAST.LINEAR($AL$7,H57:AE57,$H$7:$AE$7), 0) -> 550
D58: D62T63: IT and other information services | H58: 104.4 | I58: 91.1 | J58: 93.5 | K58: 95.3 | L58: 97.6 | M58: 98.8 | N58: 92.3 | O58: 95.1 | P58: 95.2 | Q58: 94.5 | R58: 97.2 | S58: 81.7 | T58: 84.2 | U58: 88.3 | V58: 91.2 | W58: 94.9 | X58: 124.2 | Y58: 123.7 | Z58: 126.9 | AA58: 123.7 | AB58: 118.2 | AC58: 122.1 | AD58: 126.7 | AE58: 131.5 | AF58: =ROUNDUP(_xlfn.FORECAST.LINEAR($AF$7,H58:AE58,$H$7:$AE$7), 0) -> 124 | AG58: =ROUNDUP(_xlfn.FORECAST.LINEAR($AG$7,H58:AE58,$H$7:$AE$7), 0) -> 126 | AH58: =ROUNDUP(_xlfn.FORECAST.LINEAR($AH$7,H58:AE58,$H$7:$AE$7), 0) -> 127 | AI58: =ROUNDUP(_xlfn.FORECAST.LINEAR($AI$7,H58:AE58,$H$7:$AE$7), 0) -> 129 | AJ58: =ROUNDUP(_xlfn.FORECAST.LINEAR($AJ$7,H58:AE58,$H$7:$AE$7), 0) -> 130 | AK58: =ROUNDUP(_xlfn.FORECAST.LINEAR($AK$7,H58:AE58,$H$7:$AE$7), 0) -> 132 | AL58: =ROUNDUP(_xlfn.FORECAST.LINEAR($AL$7,H58:AE58,$H$7:$AE$7), 0) -> 134
C59: D64T66: Financial and insurance activities | H59: 902.6 | I59: 933.6 | J59: 958.2 | K59: 975.1 | L59: 999.6 | M59: 1015 | N59: 1030.1 | O59: 1061 | P59: 1062.2 | Q59: 1079.2 | R59: 1083.4 | S59: 1100.8 | T59: 1124.8 | U59: 1186 | V59: 1244.6 | W59: 1236.1 | X59: 1300.5 | Y59: 1355.8 | Z59: 1455.6 | AA59: 1483.1 | AB59: 1551.1 | AC59: 1674.4 | AD59: 1705.4 | AE59: 1742.2 | AF59: =ROUNDUP(_xlfn.FORECAST.LINEAR($AF$7,H59:AE59,$H$7:$AE$7), 0) -> 1655 | AG59: =ROUNDUP(_xlfn.FORECAST.LINEAR($AG$7,H59:AE59,$H$7:$AE$7), 0) -> 1689 | AH59: =ROUNDUP(_xlfn.FORECAST.LINEAR($AH$7,H59:AE59,$H$7:$AE$7), 0) -> 1724 | AI59: =ROUNDUP(_xlfn.FORECAST.LINEAR($AI$7,H59:AE59,$H$7:$AE$7), 0) -> 1759 | AJ59: =ROUNDUP(_xlfn.FORECAST.LINEAR($AJ$7,H59:AE59,$H$7:$AE$7), 0) -> 1794 | AK59: =ROUNDUP(_xlfn.FORECAST.LINEAR($AK$7,H59:AE59,$H$7:$AE$7), 0) -> 1828 | AL59: =ROUNDUP(_xlfn.FORECAST.LINEAR($AL$7,H59:AE59,$H$7:$AE$7), 0) -> 1863
C60: D68: Real estate activities | H60: 110.8 | I60: 117.2 | J60: 118.4 | K60: 119.1 | L60: 120.1 | M60: 120.7 | N60: 122.5 | O60: 133 | P60: 128.8 | Q60: 128.2 | R60: 126.8 | S60: 127.5 | T60: 128 | U60: 135.3 | V60: 143.2 | W60: 138.5 | X60: 149.5 | Y60: 159.8 | Z60: 175.9 | AA60: 183.8 | AB60: 202.1 | AC60: 208.1 | AD60: 207.1 | AE60: 221.2 | AF60: =ROUNDUP(_xlfn.FORECAST.LINEAR($AF$7,H60:AE60,$H$7:$AE$7), 0) -> 201 | AG60: =ROUNDUP(_xlfn.FORECAST.LINEAR($AG$7,H60:AE60,$H$7:$AE$7), 0) -> 206 | AH60: =ROUNDUP(_xlfn.FORECAST.LINEAR($AH$7,H60:AE60,$H$7:$AE$7), 0) -> 210 | AI60: =ROUNDUP(_xlfn.FORECAST.LINEAR($AI$7,H60:AE60,$H$7:$AE$7), 0) -> 214 | AJ60: =ROUNDUP(_xlfn.FORECAST.LINEAR($AJ$7,H60:AE60,$H$7:$AE$7), 0) -> 219 | AK60: =ROUNDUP(_xlfn.FORECAST.LINEAR($AK$7,H60:AE60,$H$7:$AE$7), 0) -> 223 | AL60: =ROUNDUP(_xlfn.FORECAST.LINEAR($AL$7,H60:AE60,$H$7:$AE$7), 0) -> 227
C61: D69T82: Other business sector services | H61: 451.5 | I61: 466.7 | J61: 479 | K61: 487.5 | L61: 499.7 | M61: 507.4 | N61: 515 | O61: 530.4 | P61: 531 | Q61: 539.6 | R61: 541.7 | S61: 549.6 | T61: 563.4 | U61: 595.4 | V61: 623.9 | W61: 626.5 | X61: 655.9 | Y61: 681.5 | Z61: 714.3 | AA61: 711.2 | AB61: 721.4 | AC61: 747 | AD61: 763.2 | AE61: 806 | AF61: =ROUNDUP(_xlfn.FORECAST.LINEAR($AF$7,H61:AE61,$H$7:$AE$7), 0) -> 779 | AG61: =ROUNDUP(_xlfn.FORECAST.LINEAR($AG$7,H61:AE61,$H$7:$AE$7), 0) -> 794 | AH61: =ROUNDUP(_xlfn.FORECAST.LINEAR($AH$7,H61:AE61,$H$7:$AE$7), 0) -> 808 | AI61: =ROUNDUP(_xlfn.FORECAST.LINEAR($AI$7,H61:AE61,$H$7:$AE$7), 0) -> 823 | AJ61: =ROUNDUP(_xlfn.FORECAST.LINEAR($AJ$7,H61:AE61,$H$7:$AE$7), 0) -> 837 | AK61: =ROUNDUP(_xlfn.FORECAST.LINEAR($AK$7,H61:AE61,$H$7:$AE$7), 0) -> 852 | AL61: =ROUNDUP(_xlfn.FORECAST.LINEAR($AL$7,H61:AE61,$H$7:$AE$7), 0) -> 866
C62: D69T82: Other business sector services | D62: D69T75: Professional, scientific and technical activities | H62: 77.8 | I62: 128.9 | J62: 132.3 | K62: 134.6 | L62: 138 | M62: 140.1 | N62: 141.7 | O62: 146 | P62: 146 | Q62: 148.7 | R62: 149.2 | S62: 120.3 | T62: 124.9 | U62: 132.9 | V62: 137.9 | W62: 145.4 | X62: 117.5 | Y62: 119.8 | Z62: 112.9 | AA62: 101.3 | AB62: 88.1 | AC62: 90.6 | AD62: 95.6 | AE62: 98.1 | AF62: =ROUNDUP(_xlfn.FORECAST.LINEAR($AF$7,H62:AE62,$H$7:$AE$7), 0) -> 106 | AG62: =ROUNDUP(_xlfn.FORECAST.LINEAR($AG$7,H62:AE62,$H$7:$AE$7), 0) -> 105 | AH62: =ROUNDUP(_xlfn.FORECAST.LINEAR($AH$7,H62:AE62,$H$7:$AE$7), 0) -> 103 | AI62: =ROUNDUP(_xlfn.FORECAST.LINEAR($AI$7,H62:AE62,$H$7:$AE$7), 0) -> 102 | AJ62: =ROUNDUP(_xlfn.FORECAST.LINEAR($AJ$7,H62:AE62,$H$7:$AE$7), 0) -> 100 | AK62: =ROUNDUP(_xlfn.FORECAST.LINEAR($AK$7,H62:AE62,$H$7:$AE$7), 0) -> 99 | AL62: =ROUNDUP(_xlfn.FORECAST.LINEAR($AL$7,H62:AE62,$H$7:$AE$7), 0) -> 97
D63: D77T82: Administrative and support services | H63: 373.6 | I63: 337.8 | J63: 346.7 | K63: 352.8 | L63: 361.7 | M63: 367.3 | N63: 373.2 | O63: 384.4 | P63: 384.9 | Q63: 390.9 | R63: 392.5 | S63: 429.3 | T63: 438.4 | U63: 462.5 | V63: 485.9 | W63: 481.1 | X63: 538.4 | Y63: 561.7 | Z63: 601.3 | AA63: 609.9 | AB63: 633.3 | AC63: 656.4 | AD63: 667.6 | AE63: 707.9 | AF63: =ROUNDUP(_xlfn.FORECAST.LINEAR($AF$7,H63:AE63,$H$7:$AE$7), 0) -> 673 | AG63: =ROUNDUP(_xlfn.FORECAST.LINEAR($AG$7,H63:AE63,$H$7:$AE$7), 0) -> 689 | AH63: =ROUNDUP(_xlfn.FORECAST.LINEAR($AH$7,H63:AE63,$H$7:$AE$7), 0) -> 705 | AI63: =ROUNDUP(_xlfn.FORECAST.LINEAR($AI$7,H63:AE63,$H$7:$AE$7), 0) -> 721 | AJ63: =ROUNDUP(_xlfn.FORECAST.LINEAR($AJ$7,H63:AE63,$H$7:$AE$7), 0) -> 737 | AK63: =ROUNDUP(_xlfn.FORECAST.LINEAR($AK$7,H63:AE63,$H$7:$AE$7), 0) -> 753 | AL63: =ROUNDUP(_xlfn.FORECAST.LINEAR($AL$7,H63:AE63,$H$7:$AE$7), 0) -> 769
B64: D84T98: Public administration, education, health and other personal services | H64: 7942.5 | I64: 8156.5 | J64: 8402.1 | K64: 8557.2 | L64: 8818.1 | M64: 8977 | N64: 9121.9 | O64: 9246.1 | P64: 9390.1 | Q64: 9486.8 | R64: 9629.3 | S64: 10037.1 | T64: 10245.7 | U64: 11546.6 | V64: 12477.5 | W64: 14189.7 | X64: 15094.6 | Y64: 15455 | Z64: 16250.7 | AA64: 16576.8 | AB64: 16904.4 | AC64: 17517.7 | AD64: 18126.2 | AE64: 18799.8 | AF64: =ROUNDUP(_xlfn.FORECAST.LINEAR($AF$7,H64:AE64,$H$7:$AE$7), 0) -> 18438 | AG64: =ROUNDUP(_xlfn.FORECAST.LINEAR($AG$7,H64:AE64,$H$7:$AE$7), 0) -> 18943 | AH64: =ROUNDUP(_xlfn.FORECAST.LINEAR($AH$7,H64:AE64,$H$7:$AE$7), 0) -> 19449 | AI64: =ROUNDUP(_xlfn.FORECAST.LINEAR($AI$7,H64:AE64,$H$7:$AE$7), 0) -> 19954 | AJ64: =ROUNDUP(_xlfn.FORECAST.LINEAR($AJ$7,H64:AE64,$H$7:$AE$7), 0) -> 20459 | AK64: =ROUNDUP(_xlfn.FORECAST.LINEAR($AK$7,H64:AE64,$H$7:$AE$7), 0) -> 20964 | AL64: =ROUNDUP(_xlfn.FORECAST.LINEAR($AL$7,H64:AE64,$H$7:$AE$7), 0) -> 21469
B65: D84T98: Public administration, education, health and other personal services | C65: D84T88: Public administration, defence; education and health | H65: 6730.7 | I65: 6925.7 | J65: 7134.2 | K65: 7265 | L65: 7487.9 | M65: 7621.9 | N65: 7733.5 | O65: 7825.4 | P65: 7935 | Q65: 8012.8 | R65: 8125.4 | S65: 8448.6 | T65: 8667.7 | U65: 9770 | V65: 10489.1 | W65: 12155.1 | X65: 12698.8 | Y65: 12732.4 | Z65: 13063.9 | AA65: 12961.9 | AB65: 12400.4 | AC65: 12830 | AD65: 13540.4 | AE65: 13831.1 | AF65: =ROUNDUP(_xlfn.FORECAST.LINEAR($AF$7,H65:AE65,$H$7:$AE$7), 0) -> 14179 | AG65: =ROUNDUP(_xlfn.FORECAST.LINEAR($AG$7,H65:AE65,$H$7:$AE$7), 0) -> 14525 | AH65: =ROUNDUP(_xlfn.FORECAST.LINEAR($AH$7,H65:AE65,$H$7:$AE$7), 0) -> 14871 | AI65: =ROUNDUP(_xlfn.FORECAST.LINEAR($AI$7,H65:AE65,$H$7:$AE$7), 0) -> 15218 | AJ65: =ROUNDUP(_xlfn.FORECAST.LINEAR($AJ$7,H65:AE65,$H$7:$AE$7), 0) -> 15564 | AK65: =ROUNDUP(_xlfn.FORECAST.LINEAR($AK$7,H65:AE65,$H$7:$AE$7), 0) -> 15910 | AL65: =ROUNDUP(_xlfn.FORECAST.LINEAR($AL$7,H65:AE65,$H$7:$AE$7), 0) -> 16257
C66: D84T88: Public administration, defence; education and health | D66: D84: Public administration and defence; compulsory social security | H66: 3203.2 | I66: 3296 | J66: 3395.1 | K66: 3457.4 | L66: 3563.6 | M66: 3627 | N66: 3680.6 | O66: 3724.6 | P66: 3774.5 | Q66: 3815.2 | R66: 3868.3 | S66: 4011.7 | T66: 4138.9 | U66: 4649.1 | V66: 4941.4 | W66: 5899.4 | X66: 5978.7 | Y66: 5808.9 | Z66: 5769.5 | AA66: 5535.5 | AB66: 4935.4 | AC66: 5106.4 | AD66: 5525 | AE66: 5551.7 | AF66: =ROUNDUP(_xlfn.FORECAST.LINEAR($AF$7,H66:AE66,$H$7:$AE$7), 0) -> 6005 | AG66: =ROUNDUP(_xlfn.FORECAST.LINEAR($AG$7,H66:AE66,$H$7:$AE$7), 0) -> 6128 | AH66: =ROUNDUP(_xlfn.FORECAST.LINEAR($AH$7,H66:AE66,$H$7:$AE$7), 0) -> 6251 | AI66: =ROUNDUP(_xlfn.FORECAST.LINEAR($AI$7,H66:AE66,$H$7:$AE$7), 0) -> 6374 | AJ66: =ROUNDUP(_xlfn.FORECAST.LINEAR($AJ$7,H66:AE66,$H$7:$AE$7), 0) -> 6497 | AK66: =ROUNDUP(_xlfn.FORECAST.LINEAR($AK$7,H66:AE66,$H$7:$AE$7), 0) -> 6620 | AL66: =ROUNDUP(_xlfn.FORECAST.LINEAR($AL$7,H66:AE66,$H$7:$AE$7), 0) -> 6742
D67: D85: Education | H67: 2873.3 | I67: 2956.5 | J67: 3045.6 | K67: 3101.4 | L67: 3196.4 | M67: 3253.9 | N67: 3301.2 | O67: 3340.3 | P67: 3388.3 | Q67: 3419.5 | R67: 3467.9 | S67: 3611.5 | T67: 3692.5 | U67: 4171.2 | V67: 4505 | W67: 5126 | X67: 5457.4 | Y67: 5570.6 | Z67: 5812.5 | AA67: 5858.6 | AB67: 5764.9 | AC67: 5964.6 | AD67: 6234.4 | AE67: 6409.2 | AF67: =ROUNDUP(_xlfn.FORECAST.LINEAR($AF$7,H67:AE67,$H$7:$AE$7), 0) -> 6422 | AG67: =ROUNDUP(_xlfn.FORECAST.LINEAR($AG$7,H67:AE67,$H$7:$AE$7), 0) -> 6591 | AH67: =ROUNDUP(_xlfn.FORECAST.LINEAR($AH$7,H67:AE67,$H$7:$AE$7), 0) -> 6759 | AI67: =ROUNDUP(_xlfn.FORECAST.LINEAR($AI$7,H67:AE67,$H$7:$AE$7), 0) -> 6928 | AJ67: =ROUNDUP(_xlfn.FORECAST.LINEAR($AJ$7,H67:AE67,$H$7:$AE$7), 0) -> 7097 | AK67: =ROUNDUP(_xlfn.FORECAST.LINEAR($AK$7,H67:AE67,$H$7:$AE$7), 0) -> 7265 | AL67: =ROUNDUP(_xlfn.FORECAST.LINEAR($AL$7,H67:AE67,$H$7:$AE$7), 0) -> 7434
D68: D86T88: Human health and social work activities | H68: 654.3 | I68: 673.2 | J68: 693.5 | K68: 706.2 | L68: 727.8 | M68: 741.1 | N68: 751.7 | O68: 760.5 | P68: 772.1 | Q68: 778.1 | R68: 789.2 | S68: 825.4 | T68: 836.3 | U68: 949.8 | V68: 1042.7 | W68: 1129.7 | X68: 1262.6 | Y68: 1352.9 | Z68: 1481.8 | AA68: 1567.9 | AB68: 1700.1 | AC68: 1759 | AD68: 1780.9 | AE68: 1870.2 | AF68: =ROUNDUP(_xlfn.FORECAST.LINEAR($AF$7,H68:AE68,$H$7:$AE$7), 0) -> 1753 | AG68: =ROUNDUP(_xlfn.FORECAST.LINEAR($AG$7,H68:AE68,$H$7:$AE$7), 0) -> 1807 | AH68: =ROUNDUP(_xlfn.FORECAST.LINEAR($AH$7,H68:AE68,$H$7:$AE$7), 0) -> 1862 | AI68: =ROUNDUP(_xlfn.FORECAST.LINEAR($AI$7,H68:AE68,$H$7:$AE$7), 0) -> 1917 | AJ68: =ROUNDUP(_xlfn.FORECAST.LINEAR($AJ$7,H68:AE68,$H$7:$AE$7), 0) -> 1972 | AK68: =ROUNDUP(_xlfn.FORECAST.LINEAR($AK$7,H68:AE68,$H$7:$AE$7), 0) -> 2027 | AL68: =ROUNDUP(_xlfn.FORECAST.LINEAR($AL$7,H68:AE68,$H$7:$AE$7), 0) -> 2081
C69: D90T98: Other social and personal services | H69: 1211.8 | I69: 1230.8 | J69: 1267.8 | K69: 1292.2 | L69: 1330.2 | M69: 1355.1 | N69: 1388.4 | O69: 1420.7 | P69: 1455.1 | Q69: 1473.9 | R69: 1503.9 | S69: 1588.5 | T69: 1578 | U69: 1776.5 | V69: 1988.4 | W69: 2034.6 | X69: 2395.9 | Y69: 2722.6 | Z69: 3186.9 | AA69: 3614.9 | AB69: 4504.1 | AC69: 4687.7 | AD69: 4585.8 | AE69: 4968.7 | AF69: =ROUNDUP(_xlfn.FORECAST.LINEAR($AF$7,H69:AE69,$H$7:$AE$7), 0) -> 4260 | AG69: =ROUNDUP(_xlfn.FORECAST.LINEAR($AG$7,H69:AE69,$H$7:$AE$7), 0) -> 4419 | AH69: =ROUNDUP(_xlfn.FORECAST.LINEAR($AH$7,H69:AE69,$H$7:$AE$7), 0) -> 4578 | AI69: =ROUNDUP(_xlfn.FORECAST.LINEAR($AI$7,H69:AE69,$H$7:$AE$7), 0) -> 4737 | AJ69: =ROUNDUP(_xlfn.FORECAST.LINEAR($AJ$7,H69:AE69,$H$7:$AE$7), 0) -> 4895 | AK69: =ROUNDUP(_xlfn.FORECAST.LINEAR($AK$7,H69:AE69,$H$7:$AE$7), 0) -> 5054 | AL69: =ROUNDUP(_xlfn.FORECAST.LINEAR($AL$7,H69:AE69,$H$7:$AE$7), 0) -> 5213
C70: D90T98: Other social and personal services | D70: D90T96: Other community, social and personal services | H70: 748.3 | I70: 817.2 | J70: 846 | K70: 863.4 | L70: 895.7 | M70: 915.2 | N70: 875.2 | O70: 864 | P70: 865.8 | Q70: 856.9 | R70: 859.3 | S70: 832 | T70: 838.5 | U70: 988 | V70: 1125.5 | W70: 1085.8 | X70: 1527.3 | Y70: 1803.9 | Z70: 2147.5 | AA70: 2465.8 | AB70: 3180.3 | AC70: 3263.6 | AD70: 3096.7 | AE70: 3366.5 | AF70: =ROUNDUP(_xlfn.FORECAST.LINEAR($AF$7,H70:AE70,$H$7:$AE$7), 0) -> 2836 | AG70: =ROUNDUP(_xlfn.FORECAST.LINEAR($AG$7,H70:AE70,$H$7:$AE$7), 0) -> 2946 | AH70: =ROUNDUP(_xlfn.FORECAST.LINEAR($AH$7,H70:AE70,$H$7:$AE$7), 0) -> 3056 | AI70: =ROUNDUP(_xlfn.FORECAST.LINEAR($AI$7,H70:AE70,$H$7:$AE$7), 0) -> 3165 | AJ70: =ROUNDUP(_xlfn.FORECAST.LINEAR($AJ$7,H70:AE70,$H$7:$AE$7), 0) -> 3275 | AK70: =ROUNDUP(_xlfn.FORECAST.LINEAR($AK$7,H70:AE70,$H$7:$AE$7), 0) -> 3385 | AL70: =ROUNDUP(_xlfn.FORECAST.LINEAR($AL$7,H70:AE70,$H$7:$AE$7), 0) -> 3495
D71: D90T96: Other community, social and personal services | E71: D90T93: Arts, entertainment and recreation | H71: 177.2 | I71: 235.7 | J71: 244 | K71: 249.3 | L71: 258.5 | M71: 263.4 | N71: 196.1 | O71: 193.9 | P71: 194 | Q71: 192.7 | R71: 193.1 | S71: 182.2 | T71: 188.6 | U71: 218.8 | V71: 237.3 | W71: 264.7 | X71: 433.5 | Y71: 447.4 | Z71: 462.5 | AA71: 458.5 | AB71: 434.3 | AC71: 445.6 | AD71: 467.6 | AE71: 475.3 | AF71: =ROUNDUP(_xlfn.FORECAST.LINEAR($AF$7,H71:AE71,$H$7:$AE$7), 0) -> 460 | AG71: =ROUNDUP(_xlfn.FORECAST.LINEAR($AG$7,H71:AE71,$H$7:$AE$7), 0) -> 473 | AH71: =ROUNDUP(_xlfn.FORECAST.LINEAR($AH$7,H71:AE71,$H$7:$AE$7), 0) -> 486 | AI71: =ROUNDUP(_xlfn.FORECAST.LINEAR($AI$7,H71:AE71,$H$7:$AE$7), 0) -> 499 | AJ71: =ROUNDUP(_xlfn.FORECAST.LINEAR($AJ$7,H71:AE71,$H$7:$AE$7), 0) -> 512 | AK71: =ROUNDUP(_xlfn.FORECAST.LINEAR($AK$7,H71:AE71,$H$7:$AE$7), 0) -> 525 | AL71: =ROUNDUP(_xlfn.FORECAST.LINEAR($AL$7,H71:AE71,$H$7:$AE$7), 0) -> 538
E72: D94T96: Other service activities | H72: 571 | I72: 581.6 | J72: 602 | K72: 614 | L72: 637.2 | M72: 651.8 | N72: 679 | O72: 670.1 | P72: 671.8 | Q72: 664.2 | R72: 666.3 | S72: 649.8 | T72: 649.9 | U72: 769.2 | V72: 888.2 | W72: 821.1 | X72: 1093.8 | Y72: 1356.5 | Z72: 1685.1 | AA72: 2007.4 | AB72: 2746 | AC72: 2817.9 | AD72: 2629.1 | AE72: 2891.2 | AF72: =ROUNDUP(_xlfn.FORECAST.LINEAR($AF$7,H72:AE72,$H$7:$AE$7), 0) -> 2377 | AG72: =ROUNDUP(_xlfn.FORECAST.LINEAR($AG$7,H72:AE72,$H$7:$AE$7), 0) -> 2473 | AH72: =ROUNDUP(_xlfn.FORECAST.LINEAR($AH$7,H72:AE72,$H$7:$AE$7), 0) -> 2570 | AI72: =ROUNDUP(_xlfn.FORECAST.LINEAR($AI$7,H72:AE72,$H$7:$AE$7), 0) -> 2667 | AJ72: =ROUNDUP(_xlfn.FORECAST.LINEAR($AJ$7,H72:AE72,$H$7:$AE$7), 0) -> 2763 | AK72: =ROUNDUP(_xlfn.FORECAST.LINEAR($AK$7,H72:AE72,$H$7:$AE$7), 0) -> 2860 | AL72: =ROUNDUP(_xlfn.FORECAST.LINEAR($AL$7,H72:AE72,$H$7:$AE$7), 0) -> 2957
D73: D97T98: Activities of households as employers; undifferentiated goods- and services-producing activities of households for own use | H73: 463.5 | I73: 413.6 | J73: 421.9 | K73: 428.8 | L73: 434.5 | M73: 439.9 | N73: 513.2 | O73: 556.7 | P73: 589.3 | Q73: 617 | R73: 644.6 | S73: 756.5 | T73: 739.5 | U73: 788.6 | V73: 862.9 | W73: 948.8 | X73: 868.6 | Y73: 918.7 | Z73: 1039.3 | AA73: 1149 | AB73: 1323.8 | AC73: 1424.2 | AD73: 1489.2 | AE73: 1602.3 | AF73: =ROUNDUP(_xlfn.FORECAST.LINEAR($AF$7,H73:AE73,$H$7:$AE$7), 0) -> 1424 | AG73: =ROUNDUP(_xlfn.FORECAST.LINEAR($AG$7,H73:AE73,$H$7:$AE$7), 0) -> 1473 | AH73: =ROUNDUP(_xlfn.FORECAST.LINEAR($AH$7,H73:AE73,$H$7:$AE$7), 0) -> 1523 | AI73: =ROUNDUP(_xlfn.FORECAST.LINEAR($AI$7,H73:AE73,$H$7:$AE$7), 0) -> 1572 | AJ73: =ROUNDUP(_xlfn.FORECAST.LINEAR($AJ$7,H73:AE73,$H$7:$AE$7), 0) -> 1621 | AK73: =ROUNDUP(_xlfn.FORECAST.LINEAR($AK$7,H73:AE73,$H$7:$AE$7), 0) -> 1670 | AL73: =ROUNDUP(_xlfn.FORECAST.LINEAR($AL$7,H73:AE73,$H$7:$AE$7), 0) -> 1719
B74: D05T39: Industry (mining, manufactures and utilities) | H74: 10880.9 | I74: 11193.3 | J74: 11526.2 | K74: 12029 | L74: 12141.2 | M74: 12467.5 | N74: 12658.8 | O74: 12633.4 | P74: 12727.2 | Q74: 12892.1 | R74: 13124.7 | S74: 13079.4 | T74: 13295.2 | U74: 13619 | V74: 14118.3 | W74: 14830 | X74: 15987.1 | Y74: 16863.1 | Z74: 17148.2 | AA74: 17347 | AB74: 17788.2 | AC74: 17866.3 | AD74: 18870.4 | AE74: 19777.1 | AF74: =ROUNDUP(_xlfn.FORECAST.LINEAR($AF$7,H74:AE74,$H$7:$AE$7), 0) -> 18838 | AG74: =ROUNDUP(_xlfn.FORECAST.LINEAR($AG$7,H74:AE74,$H$7:$AE$7), 0) -> 19195 | AH74: =ROUNDUP(_xlfn.FORECAST.LINEAR($AH$7,H74:AE74,$H$7:$AE$7), 0) -> 19553 | AI74: =ROUNDUP(_xlfn.FORECAST.LINEAR($AI$7,H74:AE74,$H$7:$AE$7), 0) -> 19910 | AJ74: =ROUNDUP(_xlfn.FORECAST.LINEAR($AJ$7,H74:AE74,$H$7:$AE$7), 0) -> 20268 | AK74: =ROUNDUP(_xlfn.FORECAST.LINEAR($AK$7,H74:AE74,$H$7:$AE$7), 0) -> 20625 | AL74: =ROUNDUP(_xlfn.FORECAST.LINEAR($AL$7,H74:AE74,$H$7:$AE$7), 0) -> 20982
B75: D41T98: Total services (including construction) | H75: 32870.5 | I75: 33845.7 | J75: 34836 | K75: 35490.5 | L75: 36517.9 | M75: 37145.7 | N75: 37711.6 | O75: 38391.8 | P75: 38755 | Q75: 39339.9 | R75: 39733.9 | S75: 40606.9 | T75: 41664 | U75: 44645.7 | V75: 46873.7 | W75: 48915.4 | X75: 51761.5 | Y75: 53513.2 | Z75: 56514.2 | AA75: 57798 | AB75: 60148.1 | AC75: 62471.8 | AD75: 63856.1 | AE75: 66351.9 | AF75: =ROUNDUP(_xlfn.FORECAST.LINEAR($AF$7,H75:AE75,$H$7:$AE$7), 0) -> 63945 | AG75: =ROUNDUP(_xlfn.FORECAST.LINEAR($AG$7,H75:AE75,$H$7:$AE$7), 0) -> 65395 | AH75: =ROUNDUP(_xlfn.FORECAST.LINEAR($AH$7,H75:AE75,$H$7:$AE$7), 0) -> 66844 | AI75: =ROUNDUP(_xlfn.FORECAST.LINEAR($AI$7,H75:AE75,$H$7:$AE$7), 0) -> 68294 | AJ75: =ROUNDUP(_xlfn.FORECAST.LINEAR($AJ$7,H75:AE75,$H$7:$AE$7), 0) -> 69744 | AK75: =ROUNDUP(_xlfn.FORECAST.LINEAR($AK$7,H75:AE75,$H$7:$AE$7), 0) -> 71193 | AL75: =ROUNDUP(_xlfn.FORECAST.LINEAR($AL$7,H75:AE75,$H$7:$AE$7), 0) -> 72643
B76: D45T98: Total services | H76: 29172.3 | I76: 30040 | J76: 30915.9 | K76: 31498.4 | L76: 32402.9 | M76: 32958.5 | N76: 33461.7 | O76: 34090.7 | P76: 34400.9 | Q76: 34932.4 | R76: 35264.9 | S76: 36122.2 | T76: 37017.7 | U76: 39743.3 | V76: 41945.6 | W76: 43848.7 | X76: 45911.5 | Y76: 47217.3 | Z76: 49924.8 | AA76: 50679.8 | AB76: 52283.7 | AC76: 54740.2 | AD76: 56408.9 | AE76: 58837.3 | AF76: =ROUNDUP(_xlfn.FORECAST.LINEAR($AF$7,H76:AE76,$H$7:$AE$7), 0) -> 56392 | AG76: =ROUNDUP(_xlfn.FORECAST.LINEAR($AG$7,H76:AE76,$H$7:$AE$7), 0) -> 57657 | AH76: =ROUNDUP(_xlfn.FORECAST.LINEAR($AH$7,H76:AE76,$H$7:$AE$7), 0) -> 58922 | AI76: =ROUNDUP(_xlfn.FORECAST.LINEAR($AI$7,H76:AE76,$H$7:$AE$7), 0) -> 60187 | AJ76: =ROUNDUP(_xlfn.FORECAST.LINEAR($AJ$7,H76:AE76,$H$7:$AE$7), 0) -> 61452 | AK76: =ROUNDUP(_xlfn.FORECAST.LINEAR($AK$7,H76:AE76,$H$7:$AE$7), 0) -> 62718 | AL76: =ROUNDUP(_xlfn.FORECAST.LINEAR($AL$7,H76:AE76,$H$7:$AE$7), 0) -> 63983
B77: D58T82: Information, finance, real estate and other business services | H77: 2041.4 | I77: 2113.8 | J77: 2167.6 | K77: 2212.3 | L77: 2257.9 | M77: 2291.3 | N77: 2325.5 | O77: 2429.5 | P77: 2409 | Q77: 2484.8 | R77: 2460 | S77: 2477.6 | T77: 2539.7 | U77: 2674.3 | V77: 2789.8 | W77: 2825.8 | X77: 2920.2 | Y77: 2994.1 | Z77: 3149 | AA77: 3146.2 | AB77: 3182.4 | AC77: 3358.1 | AD77: 3442.1 | AE77: 3558.2 | AF77: =ROUNDUP(_xlfn.FORECAST.LINEAR($AF$7,H77:AE77,$H$7:$AE$7), 0) -> 3456 | AG77: =ROUNDUP(_xlfn.FORECAST.LINEAR($AG$7,H77:AE77,$H$7:$AE$7), 0) -> 3519 | AH77: =ROUNDUP(_xlfn.FORECAST.LINEAR($AH$7,H77:AE77,$H$7:$AE$7), 0) -> 3581 | AI77: =ROUNDUP(_xlfn.FORECAST.LINEAR($AI$7,H77:AE77,$H$7:$AE$7), 0) -> 3643 | AJ77: =ROUNDUP(_xlfn.FORECAST.LINEAR($AJ$7,H77:AE77,$H$7:$AE$7), 0) -> 3706 | AK77: =ROUNDUP(_xlfn.FORECAST.LINEAR($AK$7,H77:AE77,$H$7:$AE$7), 0) -> 3768 | AL77: =ROUNDUP(_xlfn.FORECAST.LINEAR($AL$7,H77:AE77,$H$7:$AE$7), 0) -> 3830
B78: DINFO: Information industries | H78: 949.3 | I78: 1084.8 | J78: 1115.8 | K78: 1349.4 | L78: 1225.2 | M78: 1296.4 | N78: 1308.7 | O78: 1268 | P78: 1248.6 | Q78: 1304.3 | R78: 1283.9 | S78: 1153.1 | T78: 1167.8 | U78: 1213.4 | V78: 1261.2 | W78: 1311.2 | X78: 1281.1 | Y78: 1245.9 | Z78: 1222.9 | AA78: 1151.9 | AB78: 1080.9 | AC78: 1045.4 | AD78: 1092 | AE78: 1135.6 | AF78: =ROUNDUP(_xlfn.FORECAST.LINEAR($AF$7,H78:AE78,$H$7:$AE$7), 0) -> 1178 | AG78: =ROUNDUP(_xlfn.FORECAST.LINEAR($AG$7,H78:AE78,$H$7:$AE$7), 0) -> 1176 | AH78: =ROUNDUP(_xlfn.FORECAST.LINEAR($AH$7,H78:AE78,$H$7:$AE$7), 0) -> 1175 | AI78: =ROUNDUP(_xlfn.FORECAST.LINEAR($AI$7,H78:AE78,$H$7:$AE$7), 0) -> 1173 | AJ78: =ROUNDUP(_xlfn.FORECAST.LINEAR($AJ$7,H78:AE78,$H$7:$AE$7), 0) -> 1171 | AK78: =ROUNDUP(_xlfn.FORECAST.LINEAR($AK$7,H78:AE78,$H$7:$AE$7), 0) -> 1169 | AL78: =ROUNDUP(_xlfn.FORECAST.LINEAR($AL$7,H78:AE78,$H$7:$AE$7), 0) -> 1168
A79: Data extracted on 29 Apr 2024 01:45 UTC (GMT) from OECD.Stat

Sheet Output by industry
A1: Industrial Sector (EPS) | B1: 2019 | C1: 2020 | D1: 2021 | E1: 2022 | F1: 2023 | G1: 2024 | H1: 2025 | I1: 2026 | J1: 2027 | K1: 2028 | L1: 2029 | M1: 2030 | N1: 2031 | O1: 2032 | P1: 2033 | Q1: 2034 | R1: 2035 | S1: 2036 | T1: 2037 | U1: 2038 | V1: 2039 | W1: 2040 | X1: 2041 | Y1: 2042 | Z1: 2043 | AA1: 2044 | AB1: 2045 | AC1: 2046 | AD1: 2047 | AE1: 2048 | AF1: 2049 | AG1: 2050
A2: agriculture and forestry 01T03 | B2: 0 | C2: 0 | D2: 0.044329089 | E2: 0.042447433 | F2: 0.040719015 | G2: 0.039125849 | H2: 0.037652657 | I2: 0.036286378 | J2: 0.035015782 | K2: 0.033831158 | L2: 0.032724065 | M2: 0.031687133 | N2: 0.030713898 | O2: 0.029798665 | P2: 0.028936399 | Q2: 0.028122631 | R2: 0.027353382 | S2: 0.026625095 | T2: 0.025934585 | U2: 0.025278985 | V2: 0.024655713 | W2: 0.024062437 | X2: 0.023497041 | Y2: 0.022957605 | Z2: 0.022442382 | AA2: 0.021949776 | AB2: 0.021478332 | AC2: 0.021026713 | AD2: 0.020593695 | AE2: 0.020178153 | AF2: 0.019779048 | AG2: 0.019395425
A3: coal mining 05 | B3: 0 | C3: 0 | D3: 0.044469221 | E3: 0.042575904 | F3: 0.040837222 | G3: 0.039234975 | H3: 0.037753709 | I3: 0.036380221 | J3: 0.03510316 | K3: 0.033912717 | L3: 0.032800367 | M3: 0.031758671 | N3: 0.030781104 | O3: 0.029861921 | P3: 0.028996044 | Q3: 0.028178965 | R3: 0.027406673 | S3: 0.026675584 | T3: 0.025982486 | U3: 0.025324493 | V3: 0.024699003 | W3: 0.024103667 | X3: 0.023536354 | Y3: 0.022995133 | Z3: 0.022478243 | AA3: 0.021984079 | AB3: 0.021511176 | AC3: 0.021058189 | AD3: 0.020623888 | AE3: 0.020207138 | AF3: 0.019806897 | AG3: 0.019422204
A4: oil and gas extraction 06 | B4: 0 | C4: 0 | D4: 0 | E4: 0 | F4: 0 | G4: 0 | H4: 0 | I4: 0 | J4: 0 | K4: 0 | L4: 0 | M4: 0 | N4: 0 | O4: 0 | P4: 0 | Q4: 0 | R4: 0 | S4: 0 | T4: 0 | U4: 0 | V4: 0 | W4: 0 | X4: 0 | Y4: 0 | Z4: 0 | AA4: 0 | AB4: 0 | AC4: 0 | AD4: 0 | AE4: 0 | AF4: 0 | AG4: 0
A5: other mining and quarrying 07T08 | B5: 0 | C5: 0 | D5: 0.046815031 | E5: 0.044721397 | F5: 0.042807008 | G5: 0.041049789 | H5: 0.039431149 | I5: 0.037935316 | J5: 0.036548825 | K5: 0.035260109 | L5: 0.034059179 | M5: 0.032937359 | N5: 0.031887083 | O5: 0.030901717 | P5: 0.029975425 | Q5: 0.029103049 | R5: 0.028280014 | S5: 0.02750225 | T5: 0.026766122 | U5: 0.026068373 | V5: 0.025406077 | W5: 0.024776601 | X5: 0.024177563 | Y5: 0.023606808 | Z5: 0.023062379 | AA5: 0.022542496 | AB5: 0.022045534 | AC5: 0.021570012 | AD5: 0.02111457 | AE5: 0.020677964 | AF5: 0.020259048 | AG5: 0.019856769
A6: food beverage and tobacco 10T12 | B6: 0 | C6: 0 | D6: 0.044871599 | E6: 0.042944605 | F6: 0.041176305 | G6: 0.03954787 | H6: 0.038043337 | I6: 0.036649084 | J6: 0.035353413 | K6: 0.034146228 | L6: 0.033018762 | M6: 0.031963371 | N6: 0.030973358 | O6: 0.03004283 | P6: 0.029166584 | Q6: 0.028340003 | R6: 0.027558981 | S6: 0.026819853 | T6: 0.026119336 | U6: 0.025454482 | V6: 0.024822635 | W6: 0.024221396 | X6: 0.023648594 | Y6: 0.023102258 | Z6: 0.022580595 | AA6: 0.022081971 | AB6: 0.021604893 | AC6: 0.021147993 | AD6: 0.020710017 | AE6: 0.020289815 | AF6: 0.019886325 | AG6: 0.01949857
A7: textiles apparel and leather 13T15 | B7: 0 | C7: 0 | D7: 0.043822254 | E7: 0.041982487 | F7: 0.040290972 | G7: 0.038730483 | H7: 0.037286364 | I7: 0.035946066 | J7: 0.034698781 | K7: 0.033535153 | L7: 0.032447036 | M7: 0.031427313 | N7: 0.030469731 | O7: 0.029568779 | P7: 0.028719576 | Q7: 0.027917789 | R7: 0.027159554 | S7: 0.026441417 | T7: 0.025760279 | U7: 0.025113352 | V7: 0.024498122 | W7: 0.023912315 | X7: 0.02335387 | Y7: 0.022820913 | Z7: 0.022311739 | AA7: 0.02182479 | AB7: 0.021358642 | AC7: 0.02091199 | AD7: 0.020483637 | AE7: 0.020072479 | AF7: 0.019677503 | AG7: 0.019297771
A8: wood products 16 | B8: 0 | C8: 0 | D8: 0.044912277 | E8: 0.042981864 | F8: 0.041210557 | G8: 0.039579465 | H8: 0.038072573 | I8: 0.036676215 | J8: 0.03537866 | K8: 0.034169779 | L8: 0.033040783 | M8: 0.031984006 | N8: 0.030992734 | O8: 0.03006106 | P8: 0.029183765 | Q8: 0.028356224 | R8: 0.02757432 | S8: 0.02683438 | T8: 0.026133114 | U8: 0.025467567 | V8: 0.024835078 | W8: 0.024233244 | X8: 0.023659888 | Y8: 0.023113036 | Z8: 0.022590892 | AA8: 0.022091818 | AB8: 0.021614319 | AC8: 0.021157024 | AD8: 0.020718678 | AE8: 0.020298128 | AF8: 0.019894311 | AG8: 0.019506247
A9: pulp paper and printing 17T18 | B9: 0 | C9: 0 | D9: 0.045412947 | E9: 0.0434402 | F9: 0.04163171 | G9: 0.039967783 | H9: 0.038431751 | I9: 0.037009414 | J9: 0.0356886 | K9: 0.034458813 | L9: 0.033310957 | M9: 0.032237108 | N9: 0.031230333 | O9: 0.030284537 | P9: 0.029394343 | Q9: 0.028554987 | R9: 0.027762237 | S9: 0.027012315 | T9: 0.026301841 | U9: 0.025627783 | V9: 0.024987411 | W9: 0.024378262 | X9: 0.023798105 | Y9: 0.02324492 | Z9: 0.022716868 | AA9: 0.022212275 | AB9: 0.021729611 | AC9: 0.021267477 | AD9: 0.02082459 | AE9: 0.020399774 | AF9: 0.019991942 | AG9: 0.019600098
A10: refined petroleum and coke 19 | B10: 0 | C10: 0 | D10: 0.045048756 | E10: 0.043106846 | F10: 0.041325437 | G10: 0.03968542 | H10: 0.038170603 | I10: 0.036767178 | J10: 0.035463293 | K10: 0.03424872 | L10: 0.033114588 | M10: 0.032053161 | N10: 0.031057664 | O10: 0.030122141 | P10: 0.02924133 | Q10: 0.028410567 | R10: 0.027625705 | S10: 0.026883042 | T10: 0.026179264 | U10: 0.025511394 | V10: 0.024876754 | W10: 0.024272922 | X10: 0.023697709 | Y10: 0.023149128 | Z10: 0.02262537 | AA10: 0.022124789 | AB10: 0.021645878 | AC10: 0.021187262 | AD10: 0.020747675 | AE10: 0.020325959 | AF10: 0.019921044 | AG10: 0.019531948
A11: chemicals 20 | B11: 0 | C11: 0 | D11: 0.044912276 | E11: 0.042981862 | F11: 0.041210556 | G11: 0.039579464 | H11: 0.038072572 | I11: 0.036676214 | J11: 0.035378659 | K11: 0.034169778 | L11: 0.033040782 | M11: 0.031984005 | N11: 0.030992734 | O11: 0.030061059 | P11: 0.029183764 | Q11: 0.028356223 | R11: 0.027574319 | S11: 0.02683438 | T11: 0.026133114 | U11: 0.025467567 | V11: 0.024835078 | W11: 0.024233243 | X11: 0.023659888 | Y11: 0.023113036 | Z11: 0.022590892 | AA11: 0.022091818 | AB11: 0.021614318 | AC11: 0.021157024 | AD11: 0.020718678 | AE11: 0.020298128 | AF11: 0.01989431 | AG11: 0.019506247
A12: rubber and plastic products 22 | B12: 0 | C12: 0 | D12: 0 | E12: 0 | F12: 0 | G12: 0 | H12: 0 | I12: 0 | J12: 0 | K12: 0 | L12: 0 | M12: 0 | N12: 0 | O12: 0 | P12: 0 | Q12: 0 | R12: 0 | S12: 0 | T12: 0 | U12: 0 | V12: 0 | W12: 0 | X12: 0 | Y12: 0 | Z12: 0 | AA12: 0 | AB12: 0 | AC12: 0 | AD12: 0 | AE12: 0 | AF12: 0 | AG12: 0
... A26: construction 41T43 | B26: 0 | C26: 0 | D26: 0.0446731 | E26: 0.042762755 | F26: 0.041009093 | G26: 0.039393598 | H26: 0.037900558 | I26: 0.03651656 | J26: 0.035230079 | K26: 0.034031159 | L26: 0.032911154 | M26: 0.031862522 | N26: 0.03087865 | O26: 0.029953719 | P26: 0.029082588 | Q26: 0.028260694 | R26: 0.027483977 | S26: 0.026748814 | T26: 0.026051955 | U26: 0.025390483 | V26: 0.02476177 | W26: 0.02416344 | X26: 0.023593344 | Y26: 0.023049528 | Z26: 0.022530218 | AA26: 0.022033791 | AB26: 0.02155877 | AC26: 0.021103798 | AD26: 0.020667632 | AE26: 0.020249131 | AF26: 0.019847241 | AG26: 0.019460994
A30: We'll use linear interpolation to backcast the values for 2019 and 2020 based on the available data for 2021 and 2022 for each industry sector.
A32: Here's how you can calculate it in Excel:
A34: Calculate the slope (m) and y-intercept (b):
A35: For each industry sector, use the values for 2021 and 2022 to find the slope and y-intercept.
A36: Calculate the backcast values for 2019 and 2020:
A37: Use the slope and y-intercept to interpolate the values for 2019 and 2020 for each sector.
A39: Industrial Sector (EPS) | B39: Backcast 2019 | C39: Backcast 2020
A40: agriculture and forestry 01T03 | B40: 0.044 | C40: 0.042
A41: coal mining 05 | B41: 0.044 | C41: 0.042
A42: oil and gas extraction 06 | B42: 0.044 | C42: 0.042
A43: other mining and quarrying 07T08 | B43: 0.046 | C43: 0.044
A44: food beverage and tobacco 10T12 | B44: 0.045 | C44: 0.043
A45: textiles apparel and leather 13T15 | B45: 0.044 | C45: 0.042
A46: wood products 16 | B46: 0.045 | C46: 0.043
A47: pulp paper and printing 17T18 | B47: 0.045 | C47: 0.043
A48: refined petroleum and coke 19 | B48: 0.045 | C48: 0.043
A49: chemicals 20 | B49: 0.045 | C49: 0.043
A50: rubber and plastic products 22 | B50: 0.044 | C50: 0.042
A51: glass and glass products 231 | B51: 0.044 | C51: 0.042
... A64: construction 41T43 | B64: 0.045 | C64: 0.043

Sheet Conversion
A1: Unit: Thousands of jobs | B1: ISIC 01T03 | C1: ISIC 05 | D1: ISIC 06 | E1: ISIC 07T08 | F1: ISIC 09 | G1: ISIC 10T12 | H1: ISIC 13T15 | I1: ISIC 16 | J1: ISIC 17T18 | K1: ISIC 19 | L1: ISIC 20 | M1: ISIC 21 | N1: ISIC 22 | O1: ISIC 231 | P1: ISIC 239 | Q1: ISIC 241 | R1: ISIC 242 | S1: ISIC 25 | T1: ISIC 26 | U1: ISIC 27 | V1: ISIC 28 | W1: ISIC 29 | X1: ISIC 30 | Y1: ISIC 31T33 | Z1: ISIC 351 | AA1: ISIC 352T353 | AB1: ISIC 36T39 | AC1: ISIC 41T43 | AD1: ISIC 45T47 | AE1: ISIC 49T53 | AF1: ISIC 55T56 | AG1: ISIC 58T60 | AH1: ISIC 61 | AI1: ISIC 62T63 | AJ1: ISIC 64T66 | AK1: ISIC 68 | AL1: ISIC 69T82 | AM1: ISIC 84 | AN1: ISIC 85 | AO1: ISIC 86T88 | AP1: ISIC 90T96 | AQ1: ISIC 97T98
A2: IND: Indonesia | B2: ='OECD EMPN'!AF10 -> 39328 | C2: ='OECD EMPN'!AF13 -> 1523 | D2: ='OECD EMPN'!AF14 -> 788 | E2: ='OECD EMPN'!AF15 -> 655 | F2: ='OECD EMPN'!AF16 -> 81 | G2: ='OECD EMPN'!AF18 -> 3403 | H2: ='OECD EMPN'!AF19 -> 4895 | I2: ='OECD EMPN'!AF21 -> 793 | J2: ='OECD EMPN'!AF22 -> 752 | K2: ='OECD EMPN'!AF24 -> 80 | L2: ='OECD EMPN'!AF26 -> 546 | M2: ='OECD EMPN'!AF27 -> 232 | N2: ='OECD EMPN'!AF28 -> 1660 | O2: =ROUNDUP('OECD EMPN'!AF29*'Output by industry'!B51, 0) -> 22 | P2: ='OECD EMPN'!AF29-Conversion!O2 -> 457 | Q2: ='OECD EMPN'!AF30 -> 1629 | R2: ='OECD EMPN'!AF31 -> 398 | S2: ='OECD EMPN'!AF32 -> 1231 | T2: ='OECD EMPN'!AF34 -> 356 | U2: ='OECD EMPN'!AF35 -> 304 | V2: ='OECD EMPN'!AF36 -> 116 | W2: ='OECD EMPN'!AF38 -> 516 | X2: ='OECD EMPN'!AF39 -> 303 | Y2: ='OECD EMPN'!AF40 -> 702 | Z2: =ROUNDUP('OECD EMPN'!AF42*'Output by industry'!B42, 0) -> 19 | AA2: ='OECD EMPN'!AF42-Conversion!Z2 -> 396 | AB2: ='OECD EMPN'!AF43 -> 144 | AC2: ='OECD EMPN'!AF44 -> 7554 | AD2: ='OECD EMPN'!AF47 -> 24551 | AE2: ='OECD EMPN'!AF48 -> 4300 | AF2: ='OECD EMPN'!AF54 -> 5648 | AG2: ='OECD EMPN'!AF56 -> 189 | AH2: ='OECD EMPN'!AF57 -> 511 | AI2: ='OECD EMPN'!AF58 -> 124 | AJ2: ='OECD EMPN'!AF59 -> 1655 | AK2: ='OECD EMPN'!AF60 -> 201 | AL2: ='OECD EMPN'!AF61 -> 779 | AM2: ='OECD EMPN'!AF66 -> 6005 | AN2: ='OECD EMPN'!AF67 -> 6422 | AO2: ='OECD EMPN'!AF68 -> 1753 | AP2: ='OECD EMPN'!AF70 -> 2836 | AQ2: ='OECD EMPN'!AF73 -> 1424
A5: Thousands of Jobs | B5: 1000

Sheet BEbIC
A1: Unit: jobs | B1: ISIC 01T03 | C1: ISIC 05 | D1: ISIC 06 | E1: ISIC 07T08 | F1: ISIC 09 | G1: ISIC 10T12 | H1: ISIC 13T15 | I1: ISIC 16 | J1: ISIC 17T18 | K1: ISIC 19 | L1: ISIC 20 | M1: ISIC 21 | N1: ISIC 22 | O1: ISIC 231 | P1: ISIC 239 | Q1: ISIC 241 | R1: ISIC 242 | S1: ISIC 25 | T1: ISIC 26 | U1: ISIC 27 | V1: ISIC 28 | W1: ISIC 29 | X1: ISIC 30 | Y1: ISIC 31T33 | Z1: ISIC 351 | AA1: ISIC 352T353 | AB1: ISIC 36T39 | AC1: ISIC 41T43 | AD1: ISIC 45T47 | AE1: ISIC 49T53 | AF1: ISIC 55T56 | AG1: ISIC 58T60 | AH1: ISIC 61 | AI1: ISIC 62T63 | AJ1: ISIC 64T66 | AK1: ISIC 68 | AL1: ISIC 69T82 | AM1: ISIC 84 | AN1: ISIC 85 | AO1: ISIC 86T88 | AP1: ISIC 90T96 | AQ1: ISIC 97T98
A2: IND: Indonesia | B2: =Conversion!B2*Conversion!$B$5 -> 39328000 | C2: =Conversion!C2*Conversion!$B$5 -> 1523000 | D2: =Conversion!D2*Conversion!$B$5 -> 788000 | E2: =Conversion!E2*Conversion!$B$5 -> 655000 | F2: =Conversion!F2*Conversion!$B$5 -> 81000 | G2: =Conversion!G2*Conversion!$B$5 -> 3403000 | H2: =Conversion!H2*Conversion!$B$5 -> 4895000 | I2: =Conversion!I2*Conversion!$B$5 -> 793000 | ... AQ2: =Conversion!AQ2*Conversion!$B$5 -> 1424000
