Workbook

Sheet About
A1: BCDTRtSY BAU Cargo Dist Transported Relative to Start Year
A3: Sources: | B3: Central Bureau of Statistics | G3: Notes
B4: Land Transportation Statistics | G4: This variable contains ratios of cargo distance transported in each year of the
B5: 2019 | G5: model run relative to the start year. The start year is the year before the
B6: https://www.bps.go.id/publication/2020/11/20/ddce434c92536777bf07605d/statistik-transportasi-darat-2019.html | G6: first simulated year. So if the first year for which the model outputs data
B7: Table 3.3 | G7: is 2018, the start year is 2017. The start year column does not have to be
G8: included in the outputs but is retained here for visual clarity.
B9: Ministry of Transportation | G9: We use AEO 2019 to calculate start year vehicles, as AEO 2020 does not include 2018 data.
B10: Rail Statistics
B11: 2020 | G11: We scale by passenger-miles, freight ton-miles, or vehicle-miles where available.
B12: https://djka.dephub.go.id/uploads/202104/Buku_Statistik_DJKA_Thn_2020_FINAL.pdf | G12: (We assume vehicle loading remains constant, so scaling by vehicle-miles is
B13: Table 2.3 and 2.3 | G13: identical to scaling by passenger-miles or freight ton-miles.)
B15: Central Bureau of Statistics
B16: Air Transportation Statistics
B17: 2019
B18: https://www.bps.go.id/publication/2020/11/20/231373341461207b51910a4a/statistik-transportasi-udara-2019.html
B19: Table 3.7 and 3.8
B21: International Civil Aviation Organization, Civil Aviation Statistics of the World and ICAO staff
B22: 2019
B23: https://data.worldbank.org/indicator/IS.AIR.GOOD.MT.K1?locations=ID
B25: Indonesia Population Projection
B26: Indonesia Population Projection 2020-2050 Result of Population Census 2020
B27: BPS
B28: https://web-api.bps.go.id/download.php? uMU9wM1VVaFRtVHE5RzdrUGp2UmhwSmtrWTVoV0pnOWNkS29BZU1vREV5d0pIMWcwSml5Mm1nRUQyT3ZrWG5Oc1k2T2tZeE42NVZTY0JqUm1vRUJndlJSM0hac01zdFNIU1VwM2R6WE9xTEhuajNKVHBRdHVTVWp3QzJ0NkY0MFJTRWtTTmMwMGhBVkVCcG5nVm5idkpUT2NMTXdkamt1ME9naDZFUmNyOVdkbEZVdmN5RVZDMlF5MEo0T2pXSjFwVDFBR1QwbkhNYjFVQnhFVmx3WC82QktOZlVjSjFQZ0V1dFV4ODhnVUVBRFI2ZVZ6emJmQ2kycEhhRERVV1ViTUhFSkhpMzdBTlp2MFFDK1I2aTRlblNQS0ttSmRpS0dUSmkrUnRGbktHTnJVVmpkK1VIejFj&_gl=1*1v2ygsk*_ga*MTc2ODIzODk2MS4xNzM4MDk2NjA1*_ga_XXTTVXWHDB*czE3NDc3NjM0OTIkbzkkZzAkdDE3NDc3NjM0OTIkajAkbDAkaDA.

Sheet HDVs and Motorcycles
B3: Number of Motor Vehicles in Indonesia by Type, 2015-2019
B4: Type of Vehicles | C4: 2015 | D4: 2016 | E4: 2017 | F4: 2018 | G4: 2019 | H4: 2020 | I4: 2021 | J4: 2022 | K4: 2023
B5: Buses | C5: 196309 | D5: 204512 | E5: 213359 | F5: 222872 | G5: 231569 | H5: 233261 | I5: 237566 | J5: 262435 | K5: 272806
B6: Trucks | C6: 4145857 | D6: 4326731 | E6: 4540902 | F6: 4797254 | G6: 5021888 | H6: 5083405 | I6: 5299361 | J6: 5882009 | K6: 6088534
B7: Motorcycles | C7: 88656931 | D7: 94531510 | E7: 100200245 | F7: 106657952 | G7: 112771136 | H7: 115023039 | I7: 120042298 | J7: 126957971 | K7: 133061234
B8: Source: https://www.bps.go.id/publication/2020/11/20/ddce434c92536777bf07605d/statistik-transportasi-darat-2019.html
B10: Average kilometers traveled by Transportation Mode in Indonesia (Assumption)*
C11: 2012 | D11: 2014 | E11: 2016 | F11: 2018 | G11: 2020 | H11: Average
B12: Motorcycles (vehicle km travelled) | C12: 10000 | D12: 10000 | E12: 10000 | F12: 10000 | G12: 10000 | H12: =AVERAGE(C12:G12) -> 10000
B13: Buses (vehicle km travelled) | C13: 20000 | D13: 20000 | E13: 20000 | F13: 20000 | G13: 20000 | H13: =AVERAGE(C13:G13) -> 20000
B14: Trucks (tonne-kilometers travelled) | C14: 20000 | D14: 20000 | E14: 20000 | F14: 20000 | G14: 20000 | H14: =AVERAGE(C14:G14) -> 20000
B16: Total kilometers travelled by Transportation Mode in Indonesia
C17: 2015 | D17: 2016 | E17: 2017 | F17: 2018 | G17: 2019 | H17: 2020 | I17: 2021 | J17: 2022 | K17: 2023 | L17: 2024 | M17: 2025 | N17: 2026 | O17: 2027 | P17: 2028 | Q17: 2029 | R17: 2030 | S17: 2031 | T17: 2032 | U17: 2033 | V17: 2034 | W17: 2035 | X17: 2036 | Y17: 2037 | Z17: 2038 | AA17: 2039 | AB17: 2040 | AC17: 2041 | AD17: 2042 | AE17: 2043 | AF17: 2044 | AG17: 2045 | AH17: 2046 | AI17: 2047 | AJ17: 2048 | AK17: 2049 | AL17: 2050
B18: Buses | C18: =C5*$H$13 -> 3926180000 | D18: =D5*$H$13 -> 4090240000 | E18: =E5*$H$13 -> 4267180000 | F18: =F5*$H$13 -> 4457440000 | G18: =G5*$H$13 -> 4631380000 | H18: =H5*$H$13 -> 4665220000 | I18: =I5*$H$13 -> 4751320000 | J18: =J5*$H$13 -> 5248700000 | K18: =K5*$H$13 -> 5456120000 | L18: {=TREND($C$18:$K$18,$C$17:$K$17,L17)} -> 5508020000 | M18: {=TREND($C$18:$K$18,$C$17:$K$17,M17)} -> 5687540000 | N18: {=TREND($C$18:$K$18,$C$17:$K$17,N17)} -> 5867060000 | O18: {=TREND($C$18:$K$18,$C$17:$K$17,O17)} -> 6046580000 | P18: {=TREND($C$18:$K$18,$C$17:$K$17,P17)} -> 6226100000 | Q18: {=TREND($C$18:$K$18,$C$17:$K$17,Q17)} -> 6405620000 | R18: {=TREND($C$18:$K$18,$C$17:$K$17,R17)} -> 6585140000
B19: Trucks | C19: =C6*$H$14 -> 82917140000 | D19: =D6*$H$14 -> 86534620000 | E19: =E6*$H$14 -> 90818040000 | F19: =F6*$H$14 -> 95945080000 | G19: =G6*$H$14 -> 100437760000 | H19: =H6*$H$14 -> 101668100000 | I19: =I6*$H$14 -> 105987220000 | J19: =J6*$H$14 -> 117640180000 | K19: =K6*$H$14 -> 121770680000 | L19: =TREND($C$19:$K$19,$C$17:$K$17,L17) -> 1.2414589e+11 | M19: =TREND($C$19:$K$19,$C$17:$K$17,M17) -> 1.2889242e+11 | N19: =TREND($C$19:$K$19,$C$17:$K$17,N17) -> 1.3363896e+11 | O19: =TREND($C$19:$K$19,$C$17:$K$17,O17) -> 1.383855e+11 | P19: =TREND($C$19:$K$19,$C$17:$K$17,P17) -> 1.4313204e+11 | Q19: =TREND($C$19:$K$19,$C$17:$K$17,Q17) -> 1.4787857e+11 | R19: =TREND($C$19:$K$19,$C$17:$K$17,R17) -> 1.5262511e+11
B20: Motorcycles | C20: =C7*$H$12 -> 886569310000 | D20: =D7*$H$12 -> 945315100000 | E20: =E7*$H$12 -> 1002002450000 | F20: =F7*$H$12 -> 1066579520000 | G20: =G7*$H$12 -> 1127711360000 | H20: =H7*$H$12 -> 1150230390000 | I20: =I7*$H$12 -> 1200422980000 | J20: =J7*$H$12 -> 1269579710000 | K20: =K7*$H$12 -> 1330612340000 | L20: =TREND($C$20:$K$20,$C$17:$K$17,L17) -> 1.3779018e+12 | M20: =TREND($C$20:$K$20,$C$17:$K$17,M17) -> 1.4317261e+12 | N20: =TREND($C$20:$K$20,$C$17:$K$17,N17) -> 1.4855504e+12 | O20: =TREND($C$20:$K$20,$C$17:$K$17,O17) -> 1.5393747e+12 | P20: =TREND($C$20:$K$20,$C$17:$K$17,P17) -> 1.593199e+12 | Q20: =TREND($C$20:$K$20,$C$17:$K$17,Q17) -> 1.6470233e+12 | R20: =TREND($C$20:$K$20,$C$17:$K$17,R17) -> 1.7008476e+12
B21: BCDTRtSY HDVs-psgr | C21: =C18/G18 -> 0.84773437 | D21: =D18/G18 -> 0.88315794 | E21: =E18/G18 -> 0.92136253 | F21: =F18/G18 -> 0.96244316 | G21: =G18/G18 -> 1 | H21: =H18/G18 -> 1.0073067 | I21: =I18/G18 -> 1.0258972 | J21: =J18/G18 -> 1.1332907 | K21: =K18/G18 -> 1.1780765 | L21: =L18/G18 -> 1.1892827 | M21: =M18/G18 -> 1.2280443 | N21: =N18/G18 -> 1.266806 | O21: =O18/G18 -> 1.3055677 | P21: =P18/G18 -> 1.3443293 | Q21: =Q18/G18 -> 1.383091 | R21: =R18/G18 -> 1.4218527 | S21: =$R21*Population!E$26 -> 1.4527086 | T21: =$R21*Population!F$26 -> 1.4592592 | U21: =$R21*Population!G$26 -> 1.4658099 | V21: =$R21*Population!H$26 -> 1.4723606 | W21: =$R21*Population!I$26 -> 1.4741301 | X21: =$R21*Population!J$26 -> 1.485462 | Y21: =$R21*Population!K$26 -> 1.4920126 | Z21: =$R21*Population!L$26 -> 1.4985633 | ... AL21: =$R21*Population!X$26 -> 1.5724276
B22: BCDTRtSY HDVs-frgt | C22: =C19/G19 -> 0.82555744 | D22: =D19/G19 -> 0.86157457 | E22: =E19/G19 -> 0.90422208 | F22: =F19/G19 -> 0.95526901 | G22: =G19/G19 -> 1 | H22: =H19/G19 -> 1.0122498 | I22: =I19/G19 -> 1.0552527 | J22: =J19/G19 -> 1.1712744 | K22: =K19/G19 -> 1.2123994 | L22: =L19/G19 -> 1.2360479 | M22: =M19/G19 -> 1.2833064 | N22: =N19/G19 -> 1.3305649 | O22: =O19/G19 -> 1.3778234 | P22: =P19/G19 -> 1.4250819 | Q22: =Q19/G19 -> 1.4723404 | R22: =R19/G19 -> 1.5195989 | S22: =$R22*Population!E$26 -> 1.552576 | T22: =$R22*Population!F$26 -> 1.559577 | U22: =$R22*Population!G$26 -> 1.566578 | V22: =$R22*Population!H$26 -> 1.573579 | W22: =$R22*Population!I$26 -> 1.5754702 | X22: =$R22*Population!J$26 -> 1.5875811 | Y22: =$R22*Population!K$26 -> 1.5945821 | Z22: =$R22*Population!L$26 -> 1.6015831 | ... AL22: =$R22*Population!X$26 -> 1.6805252
B23: BCDTRtSY motorcycles | C23: =C20/G20 -> 0.78616687 | D23: =D20/G20 -> 0.8382598 | E23: =E20/G20 -> 0.88852741 | F23: =F20/G20 -> 0.94579124 | G23: =G20/G20 -> 1 | H23: =H20/G20 -> 1.0199688 | I23: =I20/G20 -> 1.0644772 | J23: =J20/G20 -> 1.125802 | K23: =K20/G20 -> 1.1799228 | L23: =L20/G20 -> 1.2218568 | M23: =M20/G20 -> 1.2695856 | N23: =N20/G20 -> 1.3173144 | O23: =O20/G20 -> 1.3650432 | P23: =P20/G20 -> 1.412772 | Q23: =Q20/G20 -> 1.4605008 | R23: =R20/G20 -> 1.5082296 | S23: =$R23*Population!E$26 -> 1.54096 | T23: =$R23*Population!F$26 -> 1.5479086 | U23: =$R23*Population!G$26 -> 1.5548572 | V23: =$R23*Population!H$26 -> 1.5618059 | W23: =$R23*Population!I$26 -> 1.5636828 | X23: =$R23*Population!J$26 -> 1.5757031 | Y23: =$R23*Population!K$26 -> 1.5826517 | Z23: =$R23*Population!L$26 -> 1.5896004 | ... AL23: =$R23*Population!X$26 -> 1.6679519
B25: Assume growth follows current trend through 2030 and then falls to follow population trend through rest of time series

Sheet Population
B1: 0-14 | E1: 14-65 | H1: 65+
A2: Tahun | B2: Skenario | C2: Skenario Kebijakan | E2: Skenario | F2: Skenario Kebijakan | H2: Skenario | I2: Skenario Kebijakan
B3: Tren | C3: Optimis | D3: Moderat | E3: Tren | F3: Optimis | G3: Moderat | H3: Tren | I3: Optimis | J3: Moderat
A4: 2020 | B4: 66208,65 | C4: 66 208,65 | D4: 66 208,65 | E4: 186 774,09 | F4: 186 774,09 | G4: 186 774,09 | H4: 16 593,81 | I4: 16 593,81 | J4: 16 593,81
A5: 2025 | B5: 66 724,16 | C5: 66 783,99 | D5: 66 781,41 | E5: 196 131,32 | F5: 196 148,89 | G5: 196 142,29 | H5: 21 583,31 | I5: 21 620,97 | J5: 21 606,89
A6: 2030 | B6: 66 765,05 | C6: 67 015,07 | D6: 67 000,33 | E6: 203 081,36 | F6: 203 183,14 | G6: 203 143,87 | H6: 27 584,27 | I6: 27 832,89 | J6: 27 736,62
A7: 2035 | B7: 66 329,65 | C7: 66 634,80 | D7: 66 598,34 | E7: 207 887,11 | F7: 208 134,62 | G7: 208 037,52 | H7: 34 149,59 | I7: 34 861,01 | J7: 34 579,25
A8: 2040 | B8: 64 736,64 | C8: 65 018,45 | D8: 64 940,50 | E8: 211 617,40 | F8: 212 168,25 | G8: 211 930,39 | H8: 40 871,95 | I8: 42 548,22 | J8: 41 733,83
A9: 2045 | B9: 63 538,65 | C9: 63 991,01 | D9: 63 854,98 | E9: 213 181,40 | F9: 214 294,46 | G9: 213 832,83 | H9: 47 334,06 | I9: 50 848,91 | J9: 48 993,63
A10: 2050 | B10: 62 796,88 | C10: 63 839,05 | D10: 63 635,14 | E10: 213 408,01 | F10: 215 051,21 | G10: 214 307,59 | H10: 52 723,85 | I10: 59 103,31 | J10: 55 628,85
D11: Pertumbuhan Penduduk (%)
A12: 2020–2025 | B12: 0,16 | C12: 0,17 | D12: 0,17 | E12: 0,98 | F12: 0,98 | G12: 0,98 | H12: 5,40 | I12: 5,44 | J12: 5,42
A13: 2025–2030 | B13: 0,01 | C13: 0,07 | D13: 0,07 | E13: 0,70 | F13: 0,71 | G13: 0,70 | H13: 5,03 | I13: 5,18 | J13: 5,12
A14: 2030–2035 | B14: -0,13 | C14: -0,11 | D14: -0,12 | E14: 0,47 | F14: 0,48 | G14: 0,48 | H14: 4,36 | I14: 4,61 | J14: 4,51
A15: 2035–2040 | B15: -0,49 | C15: -0,49 | D15: -0,50 | E15: 0,36 | F15: 0,38 | G15: 0,37 | H15: 3,66 | I15: 4,07 | J15: 3,83
A16: 2040–2045 | B16: -0,37 | C16: -0,32 | D16: -0,34 | E16: 0,15 | F16: 0,20 | G16: 0,18 | H16: 2,98 | I16: 3,63 | J16: 3,26
A17: 2045–2050 | B17: -0,23 | C17: -0,05 | D17: -0,07 | E17: 0,02 | F17: 0,07 | G17: 0,04 | H17: 2,18 | I17: 3,05 | J17: 2,57
A20: Trend Scenario | B20: 2020 | C20: 2025 | D20: 2030 | E20: 2035 | F20: 2040 | G20: 2045 | H20: 2050
A21: Total population | B21: =66208650+186774090+16593810 -> 269576550 | C21: =66724160+196131320+21583310 -> 284438790 | D21: =66765050+203081360+27584270 -> 297430680 | E21: =66329650+207887110+34149590 -> 308366350 | F21: =64736640+211617400+40871950 -> 317225990 | G21: =63538650+213181400+47334060 -> 324054110 | H21: =62796880+213408010+52723850 -> 328928740
C22: =C21/$B$21 -> 1.0551318 | D22: =D21/$B$21 -> 1.1033255 | E22: =E21/$B$21 -> 1.1438916 | F22: =F21/$B$21 -> 1.1767566 | G22: =G21/$B$21 -> 1.2020857 | H22: =H21/$B$21 -> 1.2201682
E23: =E21/$D$21 -> 1.0367671 | F23: =F21/$D$21 -> 1.0665544 | G23: =G21/$D$21 -> 1.0895114 | H23: =H21/$D$21 -> 1.1059005
D25: 2030 | E25: 2031 | F25: 2032 | G25: 2033 | H25: 2034 | I25: 2035 | J25: 2036 | K25: 2037 | L25: 2038 | M25: 2039 | N25: 2040 | O25: 2041 | P25: 2042 | Q25: 2043 | R25: 2044 | S25: 2045 | T25: 2046 | U25: 2047 | V25: 2048 | W25: 2049 | X25: 2050
D26: =1 -> 1 | E26: {=TREND($E$23:$H$23,$E$20:$H$20,E25)} -> 1.0217012 | F26: {=TREND($E$23:$H$23,$E$20:$H$20,F25)} -> 1.0263083 | G26: {=TREND($E$23:$H$23,$E$20:$H$20,G25)} -> 1.0309155 | H26: {=TREND($E$23:$H$23,$E$20:$H$20,H25)} -> 1.0355226 | I26: =E23 -> 1.0367671 | J26: {=TREND($E$23:$H$23,$E$20:$H$20,J25)} -> 1.0447369 | K26: {=TREND($E$23:$H$23,$E$20:$H$20,K25)} -> 1.0493441 | L26: {=TREND($E$23:$H$23,$E$20:$H$20,L25)} -> 1.0539512 | M26: {=TREND($E$23:$H$23,$E$20:$H$20,M25)} -> 1.0585583 | N26: =F23 -> 1.0665544 | O26: {=TREND($E$23:$H$23,$E$20:$H$20,O25)} -> 1.0677726 | P26: {=TREND($E$23:$H$23,$E$20:$H$20,P25)} -> 1.0723798 | Q26: {=TREND($E$23:$H$23,$E$20:$H$20,Q25)} -> 1.0769869 | R26: {=TREND($E$23:$H$23,$E$20:$H$20,R25)} -> 1.0815941 | S26: =G23 -> 1.0895114 | T26: {=TREND($E$23:$H$23,$E$20:$H$20,T25)} -> 1.0908083 | U26: {=TREND($E$23:$H$23,$E$20:$H$20,U25)} -> 1.0954155 | V26: {=TREND($E$23:$H$23,$E$20:$H$20,V25)} -> 1.1000226 | W26: {=TREND($E$23:$H$23,$E$20:$H$20,W25)} -> 1.1046298 | X26: =H23 -> 1.1059005

Sheet LDVs
A1: LDVs (Unit)
A2: Year | B2: 2015 | C2: 2016 | D2: 2017 | E2: 2018 | F2: 2019 | G2: 2020 | H2: 2021 | I2: 2022 | J2: 2023 | K2: 2024 | L2: 2025 | M2: 2026 | N2: 2027 | O2: 2028 | P2: 2029 | Q2: 2030 | R2: 2031 | S2: 2032 | T2: 2033 | U2: 2034 | V2: 2035 | W2: 2036 | X2: 2037 | Y2: 2038 | Z2: 2039 | AA2: 2040 | AB2: 2041 | AC2: 2042 | AD2: 2043 | AE2: 2044 | AF2: 2045 | AG2: 2046 | AH2: 2047 | AI2: 2048 | AJ2: 2049 | AK2: 2050
A3: Passenger cars | B3: 12304221 | C3: 13142958 | D3: 13968202 | E3: 14830698 | F3: 15592419 | G3: 15797746 | H3: 16413348 | I3: 18950390 | J3: 19711593 | K3: {=TREND($B$3:$J$3, $B$2:$J$2, K2)} -> 20043713 | L3: {=TREND($B$3:$J$3, $B$2:$J$2, L2)} -> 20925532 | M3: {=TREND($B$3:$J$3, $B$2:$J$2, M2)} -> 21807351 | N3: {=TREND($B$3:$J$3, $B$2:$J$2, N2)} -> 22689169 | O3: {=TREND($B$3:$J$3, $B$2:$J$2, O2)} -> 23570988 | P3: {=TREND($B$3:$J$3, $B$2:$J$2, P2)} -> 24452807 | Q3: {=TREND($B$3:$J$3, $B$2:$J$2, Q2)} -> 25334626
A4: Start year | B4: =$F$3 -> 15592419 | C4: =$F$3 -> 15592419 | D4: =$F$3 -> 15592419 | E4: =$F$3 -> 15592419 | F4: =$F$3 -> 15592419 | G4: =$F$3 -> 15592419 | H4: =$F$3 -> 15592419 | I4: =$F$3 -> 15592419 | ... Q4: =$F$3 -> 15592419
A5: BCDTRtSY | B5: =B3/B4 -> 0.7891156 | C5: =C3/C4 -> 0.84290693 | D5: =D3/D4 -> 0.8958329 | E5: =E3/E4 -> 0.95114799 | F5: =F3/F4 -> 1 | G5: =G3/G4 -> 1.0131684 | H5: =H3/H4 -> 1.0526492 | I5: =I3/I4 -> 1.2153592 | ... Q5: =Q3/Q4 -> 1.624804 | R5: =$Q$5*Population!E$26 -> 1.6600642 | S5: =$Q$5*Population!F$26 -> 1.6675499 | T5: =$Q$5*Population!G$26 -> 1.6750356 | U5: =$Q$5*Population!H$26 -> 1.6825214 | V5: =$Q$5*Population!I$26 -> 1.6845434 | W5: =$Q$5*Population!J$26 -> 1.6974928 | X5: =$Q$5*Population!K$26 -> 1.7049785 | Y5: =$Q$5*Population!L$26 -> 1.7124642 | ... AK5: =$Q$5*Population!X$26 -> 1.7968716
A7: - Source: Indonesia State Police - Data for 2015-2018 has been revised
A8: Source Url: https://www.bps.go.id/indicator/17/57/3/number-of-motor-vehicle-by-type.html
A9: Access Time: November 26, 2023, 10:37 am
A29: Assume growth follows current trend through 2030 and then falls to follow population trend through rest of time series

Sheet Rail
B3: Rail Passenger and Freight Production in Indonesia, 2015-2020
C4: 2015 | D4: 2016 | E4: 2017 | F4: 2018 | G4: 2019 | H4: 2020 | I4: 2021 | J4: 2022 | K4: 2023 | L4: 2024 | M4: 2025 | N4: 2026 | O4: 2027 | P4: 2028 | Q4: 2029 | R4: 2030 | S4: 2031 | T4: 2032 | U4: 2033 | V4: 2034 | W4: 2035 | X4: 2036 | Y4: 2037 | Z4: 2038 | AA4: 2039 | AB4: 2040 | AC4: 2041 | AD4: 2042 | AE4: 2043 | AF4: 2044 | AG4: 2045 | AH4: 2046 | AI4: 2047 | AJ4: 2048 | AK4: 2049 | AL4: 2050
B5: Passenger kilometers, Java (pass km) | C5: 21323155000 | D5: 20765155000 | E5: 15597474000 | F5: 15972700000 | G5: 28083660000 | H5: 10327876000 | I5: =TREND($C$5:$G$5,$C$4:$G$4,I4) -> 23839850800 | J5: =TREND($C$5:$G$5,$C$4:$G$4,J4) -> 24712706300 | K5: =TREND($C$5:$G$5,$C$4:$G$4,K4) -> 25585561800 | L5: =TREND($C$5:$G$5,$C$4:$G$4,L4) -> 26458417300 | M5: =TREND($C$5:$G$5,$C$4:$G$4,M4) -> 27331272800 | N5: =TREND($C$5:$G$5,$C$4:$G$4,N4) -> 28204128300 | O5: =TREND($C$5:$G$5,$C$4:$G$4,O4) -> 29076983800 | P5: =TREND($C$5:$G$5,$C$4:$G$4,P4) -> 29949839300 | ... AL5: =TREND($C$5:$G$5,$C$4:$G$4,AL4) -> 49152660300
B6: Passenger kilometers, Sumatra (pass km) | C6: 829310000 | D6: 806489000 | E6: 560723000 | F6: 959429000 | G6: 996756000 | H6: 325309000 | I6: =TREND($C$6:$G$6,$C$4:$G$4,I4) -> 1025674200 | J6: =TREND($C$6:$G$6,$C$4:$G$4,J4) -> 1074457400 | K6: =TREND($C$6:$G$6,$C$4:$G$4,K4) -> 1123240600 | L6: =TREND($C$6:$G$6,$C$4:$G$4,L4) -> 1172023800 | M6: =TREND($C$6:$G$6,$C$4:$G$4,M4) -> 1220807000 | N6: =TREND($C$6:$G$6,$C$4:$G$4,N4) -> 1269590200 | O6: =TREND($C$6:$G$6,$C$4:$G$4,O4) -> 1318373400 | P6: =TREND($C$6:$G$6,$C$4:$G$4,P4) -> 1367156600 | ... AL6: =TREND($C$6:$G$6,$C$4:$G$4,AL4) -> 2440387000
B7: Total | C7: =SUM(C5:C6) -> 22152465000 | D7: =SUM(D5:D6) -> 21571644000 | E7: =SUM(E5:E6) -> 16158197000 | F7: =SUM(F5:F6) -> 16932129000 | G7: =SUM(G5:G6) -> 29080416000 | H7: =SUM(H5:H6) -> 10653185000 | I7: =SUM(I5:I6) -> 24865525000 | J7: =SUM(J5:J6) -> 25787163700 | ... AL7: =SUM(AL5:AL6) -> 51593047300
B8: BCDTRtSY Rail-psgr | C8: =C7/G7 -> 0.76176575 | D8: =D7/G7 -> 0.74179283 | E8: =E7/G7 -> 0.55563844 | F8: =F7/G7 -> 0.58225195 | G8: =G7/G7 -> 1 | H8: =H7/G7 -> 0.36633537 | I8: =I7/G7 -> 0.85506084 | J8: =J7/G7 -> 0.8867536 | K8: =K7/G7 -> 0.91844637 | L8: =L7/G7 -> 0.95013913 | M8: =M7/G7 -> 0.98183189 | N8: =N7/G7 -> 1.0135247 | O8: =O7/G7 -> 1.0452174 | P8: =P7/G7 -> 1.0769102 | Q8: =Q7/G7 -> 1.1086029 | R8: =R7/G7 -> 1.1402957 | S8: =S7/G7 -> 1.1719885 | T8: =T7/G7 -> 1.2036812 | U8: =U7/G7 -> 1.235374 | V8: =V7/G7 -> 1.2670667 | W8: =W7/G7 -> 1.2987595 | X8: =X7/G7 -> 1.3304523 | Y8: =Y7/G7 -> 1.362145 | Z8: =Z7/G7 -> 1.3938378 | AA8: =AA7/G7 -> 1.4255306 | AB8: =AB7/G7 -> 1.4572233 | AC8: =AC7/G7 -> 1.4889161 | AD8: =AD7/G7 -> 1.5206088 | AE8: =AE7/G7 -> 1.5523016 | AF8: =AF7/G7 -> 1.5839944 | AG8: =AG7/G7 -> 1.6156871 | AH8: =AH7/G7 -> 1.6473799 | AI8: =AI7/G7 -> 1.6790727 | AJ8: =AJ7/G7 -> 1.7107654 | AK8: =AK7/G7 -> 1.7424582 | AL8: =AL7/G7 -> 1.7741509
B10: Ton kilometers, Java (ton km) | C10: 3458000000 | D10: 3673000000 | E10: 4083000000 | F10: 3576000000 | G10: 4547000000 | H10: 3293000000
B11: Ton kilometers, Sumatra (ton km) | C11: 6776000000 | D11: 7550000000 | E11: 9313000000 | F11: 11514000000 | G11: 11053000000 | H11: 8256000000
B12: Total | C12: =SUM(C10:C11) -> 10234000000 | D12: =SUM(D10:D11) -> 11223000000 | E12: =SUM(E10:E11) -> 13396000000 | F12: =SUM(F10:F11) -> 15090000000 | G12: =SUM(G10:G11) -> 15600000000 | H12: =SUM(H10:H11) -> 11549000000 | I12: =TREND($C$12:$G$12,$C$4:$G$4,I4) -> 18948200000 | J12: =TREND($C$12:$G$12,$C$4:$G$4,J4) -> 20408100000 | K12: =TREND($C$12:$G$12,$C$4:$G$4,K4) -> 21868000000 | L12: =TREND($C$12:$G$12,$C$4:$G$4,L4) -> 23327900000 | M12: =TREND($C$12:$G$12,$C$4:$G$4,M4) -> 24787800000 | N12: =TREND($C$12:$G$12,$C$4:$G$4,N4) -> 26247700000 | O12: =TREND($C$12:$G$12,$C$4:$G$4,O4) -> 27707600000 | P12: =TREND($C$12:$G$12,$C$4:$G$4,P4) -> 29167500000 | ... AL12: =TREND($C$12:$G$12,$C$4:$G$4,AL4) -> 61285300000
B13: BCDTRtSY Rail-frgt | C13: =C12/G12 -> 0.65602564 | D13: =D12/G12 -> 0.71942308 | E13: =E12/G12 -> 0.85871795 | F13: =F12/G12 -> 0.96730769 | G13: =G12/G12 -> 1 | H13: =H12/G12 -> 0.74032051 | I13: =I12/G12 -> 1.2146282 | J13: =J12/G12 -> 1.3082115 | K13: =K12/G12 -> 1.4017949 | L13: =L12/G12 -> 1.4953782 | M13: =M12/G12 -> 1.5889615 | N13: =N12/G12 -> 1.6825449 | O13: =O12/G12 -> 1.7761282 | P13: =P12/G12 -> 1.8697115 | Q13: =Q12/G12 -> 1.9632949 | R13: =R12/G12 -> 2.0568782 | S13: =S12/G12 -> 2.1504615 | T13: =T12/G12 -> 2.2440449 | U13: =U12/G12 -> 2.3376282 | V13: =V12/G12 -> 2.4312115 | W13: =W12/G12 -> 2.5247949 | X13: =X12/G12 -> 2.6183782 | Y13: =Y12/G12 -> 2.7119615 | Z13: =Z12/G12 -> 2.8055449 | AA13: =AA12/G12 -> 2.8991282 | AB13: =AB12/G12 -> 2.9927115 | AC13: =AC12/G12 -> 3.0862949 | AD13: =AD12/G12 -> 3.1798782 | AE13: =AE12/G12 -> 3.2734615 | AF13: =AF12/G12 -> 3.3670449 | AG13: =AG12/G12 -> 3.4606282 | AH13: =AH12/G12 -> 3.5542115 | AI13: =AI12/G12 -> 3.6477949 | AJ13: =AJ12/G12 -> 3.7413782 | AK13: =AK12/G12 -> 3.8349615 | AL13: =AL12/G12 -> 3.9285449
B14: Source: https://djka.dephub.go.id/uploads/202104/Buku_Statistik_DJKA_Thn_2020_FINAL.pdf

Sheet Aircraft
B3: Aircraft Key Indicators
C4: 2000 | D4: 2001 | E4: 2002 | F4: 2003 | G4: 2004 | H4: 2005 | I4: 2006 | J4: 2007 | K4: 2008 | L4: 2009 | M4: 2010 | N4: 2011 | O4: 2012 | P4: 2013 | Q4: 2014 | R4: 2015 | S4: 2016 | T4: 2017 | U4: 2018 | V4: 2019 | W4: 2020 | X4: 2021 | Y4: 2022 | Z4: 2023 | AA4: 2024 | AB4: 2025 | AC4: 2026 | AD4: 2027 | AE4: 2028 | AF4: 2029 | AG4: 2030 | AH4: 2031 | AI4: 2032 | AJ4: 2033 | AK4: 2034 | AL4: 2035 | AM4: 2036 | AN4: 2037 | AO4: 2038 | AP4: 2039 | AQ4: 2040 | AR4: 2041 | AS4: 2042 | AT4: 2043 | AU4: 2044 | AV4: 2045 | AW4: 2046 | AX4: 2047 | AY4: 2048 | AZ4: 2049 | BA4: 2050
B5: Domestic passenger aircraft distance travelled (million km) | R5: 65172 | S5: 73914 | T5: 78997 | U5: 86200 | V5: 70234 | W5: =TREND($R$5:$V$5,$R$4:$V$4,W4) -> 81626.4 | X5: =TREND($R$5:$V$5,$R$4:$V$4,X4) -> 83867.4 | Y5: =TREND($R$5:$V$5,$R$4:$V$4,Y4) -> 86108.4 | Z5: =TREND($R$5:$V$5,$R$4:$V$4,Z4) -> 88349.4 | AA5: =TREND($R$5:$V$5,$R$4:$V$4,AA4) -> 90590.4 | AB5: =TREND($R$5:$V$5,$R$4:$V$4,AB4) -> 92831.4 | AC5: =TREND($R$5:$V$5,$R$4:$V$4,AC4) -> 95072.4 | AD5: =TREND($R$5:$V$5,$R$4:$V$4,AD4) -> 97313.4 | ... BA5: =TREND($R$5:$V$5,$R$4:$V$4,BA4) -> 148856.4
B6: International passenger aircraft distance travelled (million km) | R6: 74661 | S6: 87942 | T6: 96083 | U6: 110114 | V6: 112339 | W6: =TREND($R$6:$V$6,$R$4:$V$4,W4) -> 125486.2 | X6: =TREND($R$6:$V$6,$R$4:$V$4,X4) -> 135239 | Y6: =TREND($R$6:$V$6,$R$4:$V$4,Y4) -> 144991.8 | Z6: =TREND($R$6:$V$6,$R$4:$V$4,Z4) -> 154744.6 | AA6: =TREND($R$6:$V$6,$R$4:$V$4,AA4) -> 164497.4 | AB6: =TREND($R$6:$V$6,$R$4:$V$4,AB4) -> 174250.2 | AC6: =TREND($R$6:$V$6,$R$4:$V$4,AC4) -> 184003 | AD6: =TREND($R$6:$V$6,$R$4:$V$4,AD4) -> 193755.8 | ... BA6: =TREND($R$6:$V$6,$R$4:$V$4,BA4) -> 418070.2
B7: Total passenger aircraft distance travelled | R7: =SUM(R5:R6) -> 139833 | S7: =SUM(S5:S6) -> 161856 | T7: =SUM(T5:T6) -> 175080 | U7: =SUM(U5:U6) -> 196314 | V7: =SUM(V5:V6) -> 182573 | W7: =SUM(W5:W6) -> 207112.6 | X7: =SUM(X5:X6) -> 219106.4 | Y7: =SUM(Y5:Y6) -> 231100.2 | ... BA7: =SUM(BA5:BA6) -> 566926.6
B8: Freight aircraft ton distance travelled(million ton-km) | C8: 408.5 | D8: 408.3 | E8: 405.4 | F8: 424.3 | G8: 434.1 | H8: 439.7 | I8: 469.2 | J8: 484.5 | K8: 394.5 | L8: 276.9 | M8: 665.6 | N8: 754.2 | O8: 880.3 | P8: 768.2 | Q8: 902.1 | R8: 758.7 | S8: 974.5 | T8: 1052.3 | U8: 1131.9 | V8: 981.7 | W8: =TREND($C$8:$V$8,$C$4:$V$4,W4) -> 1071.6932 | X8: =TREND($C$8:$V$8,$C$4:$V$4,X4) -> 1111.7835 | Y8: =TREND($C$8:$V$8,$C$4:$V$4,Y4) -> 1151.8738 | Z8: =TREND($C$8:$V$8,$C$4:$V$4,Z4) -> 1191.9641 | AA8: =TREND($C$8:$V$8,$C$4:$V$4,AA4) -> 1232.0544 | AB8: =TREND($C$8:$V$8,$C$4:$V$4,AB4) -> 1272.1447 | AC8: =TREND($C$8:$V$8,$C$4:$V$4,AC4) -> 1312.235 | AD8: =TREND($C$8:$V$8,$C$4:$V$4,AD4) -> 1352.3253 | ... BA8: =TREND($C$8:$V$8,$C$4:$V$4,BA4) -> 2274.4022
B9: Reference-psgr | R9: 182573 | S9: 182573 | T9: 182573 | U9: 182573 | V9: 182573 | W9: 182573 | X9: 182573 | Y9: 182573 | Z9: 182573 | AA9: 182573 | AB9: 182573 | AC9: 182573 | AD9: 182573 | AE9: 182573 | AF9: 182573 | AG9: 182573 | AH9: 182573 | AI9: 182573 | AJ9: 182573 | AK9: 182573 | AL9: 182573 | AM9: 182573 | AN9: 182573 | AO9: 182573 | AP9: 182573 | AQ9: 182573 | AR9: 182573 | AS9: 182573 | AT9: 182573 | AU9: 182573 | AV9: 182573 | AW9: 182573 | AX9: 182573 | AY9: 182573 | AZ9: 182573 | BA9: 182573
B10: Reference-frgt | R10: 981.7 | S10: 981.7 | T10: 981.7 | U10: 981.7 | V10: 981.7 | W10: 981.7 | X10: 981.7 | Y10: 981.7 | Z10: 981.7 | AA10: 981.7 | AB10: 981.7 | AC10: 981.7 | AD10: 981.7 | AE10: 981.7 | AF10: 981.7 | AG10: 981.7 | AH10: 981.7 | AI10: 981.7 | AJ10: 981.7 | AK10: 981.7 | AL10: 981.7 | AM10: 981.7 | AN10: 981.7 | AO10: 981.7 | AP10: 981.7 | AQ10: 981.7 | AR10: 981.7 | AS10: 981.7 | AT10: 981.7 | AU10: 981.7 | AV10: 981.7 | AW10: 981.7 | AX10: 981.7 | AY10: 981.7 | AZ10: 981.7 | BA10: 981.7
B11: BCDTRtSY Aircraft-psgr | R11: =R7/R9 -> 0.76590186 | S11: =S7/S9 -> 0.88652758 | T11: =T7/T9 -> 0.95895888 | U11: =U7/U9 -> 1.075263 | V11: =V7/V9 -> 1 | W11: =W7/W9 -> 1.1344098 | X11: =X7/X9 -> 1.200103 | Y11: =Y7/Y9 -> 1.2657961 | ... BA11: =BA7/BA9 -> 3.105205
B12: BCDTRtSY Aircraft-frgt | D12: =D8/C8 -> 0.9995104 | E12: =E8/D8 -> 0.99289738 | F12: =F8/E8 -> 1.0466206 | G12: =G8/F8 -> 1.0230969 | H12: =H8/G8 -> 1.0129003 | I12: =I8/H8 -> 1.0670912 | J12: =J8/I8 -> 1.0326087 | K12: =K8/J8 -> 0.81424149 | ... Q12: =Q8/P8 -> 1.1743036 | R12: =R8/R10 -> 0.77284303 | S12: =S8/S10 -> 0.99266578 | T12: =T8/T10 -> 1.0719161 | U12: =U8/U10 -> 1.1529999 | V12: =V8/V10 -> 1 | W12: =W8/W10 -> 1.0916707 | X12: =X8/X10 -> 1.1325084 | Y12: =Y8/Y10 -> 1.173346 | ... BA12: =BA8/BA10 -> 2.3167996
B13: Source:
B14: https://www.bps.go.id/publication/2020/11/20/231373341461207b51910a4a/statistik-transportasi-udara-2019.html
B15: International Civil Aviation Organization, Civil Aviation Statistics of the World and ICAO staff https://data.worldbank.org/indicator/IS.AIR.GOOD.MT.K1?locations=ID

Sheet Ships
A1: Number of Ships Passenger at Commercial and Non Commercial Sea Port, Indonesia 1995-2018 (Thousands)
A2: Year | B2: 1995 | C2: 1996 | D2: 1997 | E2: 1998 | F2: 1999 | G2: 2000 | H2: 2001 | I2: 2002 | J2: 2003 | K2: 2004 | L2: 2005 | M2: 2006 | N2: 2007 | O2: 2008 | P2: 2009 | Q2: 2010 | R2: 2011 | S2: 2012 | T2: 2013 | U2: 2014 | V2: 2015 | W2: 2016 | X2: 2017 | Y2: 2018
A3: Embarkation | B3: 9563 | C3: 11830.4 | D3: 11151.7 | E3: 22989.2 | F3: 17432.5 | G3: 14353.5 | H3: 19882 | I3: 20542 | J3: 19162 | K3: 16830 | L3: 14737 | M3: 13664 | N3: 14762 | O3: 18705.5 | P3: 14906 | Q3: 18271.7 | R3: 19996.8 | S3: 26149.5 | T3: 23081.5 | U3: 22377.1 | V3: 21761.4 | W3: 21361.9 | X3: 22828.9 | Y3: 25696.9
A4: Debarkation | B4: 9448.2 | C4: 11829.5 | D4: 10806 | E4: 23675.8 | F4: 17670.9 | G4: 14549.7 | H4: 19641 | I4: 20052 | J4: 19938 | K4: 16072 | L4: 13664 | M4: 14136.8 | N4: 15245.8 | O4: 18919 | P4: 14858.9 | Q4: 18314.8 | R4: 19704.8 | S4: 24197.8 | T4: 22229.6 | U4: 21998.2 | V4: 21229.8 | W4: 21308.7 | X4: 22087.6 | Y4: 25317.9
A5: Total Number of Ships | B5: =B3+B4 -> 19011.2 | C5: =C3+C4 -> 23659.9 | D5: =D3+D4 -> 21957.7 | E5: =E3+E4 -> 46665 | F5: =F3+F4 -> 35103.4 | G5: =G3+G4 -> 28903.2 | H5: =H3+H4 -> 39523 | I5: =I3+I4 -> 40594 | ... Y5: =Y3+Y4 -> 51014.8
A6: Average miles per day travelled by ships | B6: 550 | C6: 550 | D6: 550 | E6: 550 | F6: 550 | G6: 550 | H6: 550 | I6: 550 | J6: 550 | K6: 550 | L6: 550 | M6: 550 | N6: 550 | O6: 550 | P6: 550 | Q6: 550 | R6: 550 | S6: 550 | T6: 550 | U6: 550 | V6: 550 | W6: 550 | X6: 550 | Y6: 550
A7: Average kilometers per day travelled by ships | B7: =B6*1.62 -> 891 | C7: =C6*1.62 -> 891 | D7: =D6*1.62 -> 891 | E7: =E6*1.62 -> 891 | F7: =F6*1.62 -> 891 | G7: =G6*1.62 -> 891 | H7: =H6*1.62 -> 891 | I7: =I6*1.62 -> 891 | ... Y7: =Y6*1.62 -> 891
A8: Average kilometers per year travelled by ships | B8: =B7*365 -> 325215 | C8: =C7*365 -> 325215 | D8: =D7*365 -> 325215 | E8: =E7*365 -> 325215 | F8: =F7*365 -> 325215 | G8: =G7*365 -> 325215 | H8: =H7*365 -> 325215 | I8: =I7*365 -> 325215 | ... Y8: =Y7*365 -> 325215
A9: Total kilometers travelled by Ships in Indonesia | B9: =B5*B8 -> 6.1827274e+09 | C9: =C5*C8 -> 7.6945544e+09 | D9: =D5*D8 -> 7.1409734e+09 | E9: =E5*E8 -> 1.5176158e+10 | F9: =F5*F8 -> 1.1416152e+10 | G9: =G5*G8 -> 9.3997542e+09 | H9: =H5*H8 -> 1.2853472e+10 | I9: =I5*I8 -> 1.3201778e+10 | ... Y9: =Y5*Y8 -> 1.6590778e+10
A11: Number of Ships Call at Commercial and Non Commercial Sea Port Indonesia, 1995-2018 (Thousands)
A12: Year | B12: 1995 | C12: 1996 | D12: 1997 | E12: 1998 | F12: 1999 | G12: 2000 | H12: 2001 | I12: 2002 | J12: 2003 | K12: 2004 | L12: 2005 | M12: 2006 | N12: 2007 | O12: 2008 | P12: 2009 | Q12: 2010 | R12: 2011 | S12: 2012 | T12: 2013 | U12: 2014 | V12: 2015 | W12: 2016 | X12: 2017 | Y12: 2018
A13: Number of Ships Call at Commercial and Non Commercial Sea Port Indonesia | B13: 863672 | C13: 542086 | D13: 505759 | E13: 471807 | F13: 602953 | G13: 665245 | H13: 678234 | I13: 755781 | J13: 713415 | K13: 531250 | L13: 755781 | M13: 509228 | N13: 591278 | O13: 729564 | P13: 602851 | Q13: 826363 | R13: 701599 | S13: 872706 | T13: 832559 | U13: 863031 | V13: 788975 | W13: 882716 | X13: 842081 | Y13: 829273
A18: BAU Distance Cargo Transported Relative to Start Year (Dimensionless)
A19: Year | B19: 1995 | C19: 1996 | D19: 1997 | E19: 1998 | F19: 1999 | G19: 2000 | H19: 2001 | I19: 2002 | J19: 2003 | K19: 2004 | L19: 2005 | M19: 2006 | N19: 2007 | O19: 2008 | P19: 2009 | Q19: 2010 | R19: 2011 | S19: 2012 | T19: 2013 | U19: 2014 | V19: 2015 | W19: 2016 | X19: 2017 | Y19: 2018 | Z19: 2019 | AA19: 2020 | AB19: 2021 | AC19: 2022 | AD19: 2023 | AE19: 2024 | AF19: 2025 | AG19: 2026 | AH19: 2027 | AI19: 2028 | AJ19: 2029 | AK19: 2030 | AL19: 2031 | AM19: 2032 | AN19: 2033 | AO19: 2034 | AP19: 2035 | AQ19: 2036 | AR19: 2037 | AS19: 2038 | AT19: 2039 | AU19: 2040 | AV19: 2041 | AW19: 2042 | AX19: 2043 | AY19: 2044 | AZ19: 2045 | BA19: 2046 | BB19: 2047 | BC19: 2048 | BD19: 2049 | BE19: 2050
A20: Passenger Ships in Indonesia | B20: 6.1827274e+09 | C20: 7.6945544e+09 | D20: 7.1409734e+09 | E20: 1.5176158e+10 | F20: 1.1416152e+10 | G20: 9.3997542e+09 | H20: 1.2853472e+10 | I20: 1.3201778e+10 | J20: 1.2715907e+10 | K20: 1.0700224e+10 | L20: 9.2364312e+09 | M20: 9.0412372e+09 | N20: 9.7589867e+09 | O20: 1.2236052e+10 | P20: 9.679992e+09 | Q20: 1.1898479e+10 | R20: 1.2911556e+10 | S20: 1.6373697e+10 | T20: 1.4735849e+10 | U20: 1.4431513e+10 | V20: 1.3981383e+10 | W20: 1.3877119e+10 | X20: 1.460752e+10 | Y20: 1.6590778e+10 | Z20: {=TREND(B20:Y20, B19:Y19, Z19)} -> 1.5398338e+10 | AA20: {=TREND(C20:Z20, C19:Z19, AA19)} -> 1.5440177e+10 | AB20: {=TREND(D20:AA20, D19:AA19, AB19)} -> 1.5531238e+10 | AC20: {=TREND(E20:AB20, E19:AB19, AC19)} -> 1.5501136e+10 | AD20: {=TREND(F20:AC20, F19:AC19, AD19)} -> 1.6131755e+10 | AE20: {=TREND(G20:AD20, G19:AD19, AE19)} -> 1.6509742e+10 | AF20: {=TREND(H20:AE20, H19:AE19, AF19)} -> 1.670952e+10 | AG20: {=TREND(I20:AF20, I19:AF19, AG19)} -> 1.7190661e+10 | ... BE20: {=TREND(AG20:BD20, AG19:BD19, BE19)} -> 2.4415007e+10
A21: Freight Ships in Indonesia | B21: 863672 | C21: 542086 | D21: 505759 | E21: 471807 | F21: 602953 | G21: 665245 | H21: 678234 | I21: 755781 | J21: 713415 | K21: 531250 | L21: 755781 | M21: 509228 | N21: 591278 | O21: 729564 | P21: 602851 | Q21: 826363 | R21: 701599 | S21: 872706 | T21: 832559 | U21: 863031 | V21: 788975 | W21: 882716 | X21: 842081 | Y21: 829273 | Z21: {=TREND(B21:Y21, B19:Y19, Z19)} -> 853019.15 | AA21: {=TREND(C21:Z21, C19:Z19, AA19)} -> 892221.08 | AB21: {=TREND(D21:AA21, D19:AA19, AB19)} -> 907778.12 | AC21: {=TREND(E21:AB21, E19:AB19, AC19)} -> 918700.07 | AD21: {=TREND(F21:AC21, F19:AC19, AD19)} -> 923874.2 | AE21: {=TREND(G21:AD21, G19:AD19, AE19)} -> 937407.49 | AF21: {=TREND(H21:AE21, H19:AE19, AF19)} -> 955576.14 | AG21: {=TREND(I21:AF21, I19:AF19, AG19)} -> 975038.2 | ... BE21: {=TREND(AG21:BD21, AG19:BD19, BE19)} -> 1339080.2
A22: Start Year-passenger | B22: =$Z$20 -> 1.5398338e+10 | C22: =$Z$20 -> 1.5398338e+10 | D22: =$Z$20 -> 1.5398338e+10 | E22: =$Z$20 -> 1.5398338e+10 | F22: =$Z$20 -> 1.5398338e+10 | G22: =$Z$20 -> 1.5398338e+10 | H22: =$Z$20 -> 1.5398338e+10 | I22: =$Z$20 -> 1.5398338e+10 | ... BE22: =$Z$20 -> 1.5398338e+10
A23: Start Year-freight | B23: =$Z$21 -> 853019.15 | C23: =$Z$21 -> 853019.15 | D23: =$Z$21 -> 853019.15 | E23: =$Z$21 -> 853019.15 | F23: =$Z$21 -> 853019.15 | G23: =$Z$21 -> 853019.15 | H23: =$Z$21 -> 853019.15 | I23: =$Z$21 -> 853019.15 | ... BE23: =$Z$21 -> 853019.15
A24: BCDTRtSY-passenger | B24: =B20/B22 -> 0.40151914 | C24: =C20/C22 -> 0.49970032 | D24: =D20/D22 -> 0.46374962 | E24: =E20/E22 -> 0.98557117 | F24: =F20/F22 -> 0.7413886 | G24: =G20/G22 -> 0.61043953 | H24: =H20/H22 -> 0.83473115 | I24: =I20/I22 -> 0.85735082 | ... BE24: =BE20/BE22 -> 1.5855612
A25: BCDTRtSY-freight | B25: =B21/B23 -> 1.0124884 | C25: =C21/C23 -> 0.63549101 | D25: =D21/D23 -> 0.59290463 | E25: =E21/E23 -> 0.55310247 | F25: =F21/F23 -> 0.7068458 | G25: =G21/G23 -> 0.77987112 | H25: =H21/H23 -> 0.79509821 | I25: =I21/I23 -> 0.88600707 | ... BE25: =BE21/BE23 -> 1.5698126
A33: Number of Ships Passenger at Commercial and Non Commercial Sea Port, Indonesia 1995-2018 (Thousands) | G33: Number of Ships Call at Commercial and Non Commercial Sea Port Indonesia, 1995-2018
A35: Year | B35: Embarkation | D35: Debarkation | G35: Year | H35: 25 Strategic Port | L35: All Sea Port
A36: 1995 | B36: 9563 | D36: 9448.2 | H36: Units | J36: GT (Thousands) | L36: Units | N36: GT (Thousands)
A37: 1996 | B37: 11830.4 | D37: 11829.5 | G37: 1995 | H37: 241625 | J37: 376004 | L37: 863672 | N37: 535998
A38: 1997 | B38: 11151.7 | D38: 10806 | G38: 1996 | H38: 161026 | J38: 466967 | L38: 542086 | N38: 674141
A39: 1998 | B39: 22989.2 | D39: 23675.8 | G39: 1997 | H39: 190504 | J39: 450365 | L39: 505759 | N39: 644999
A40: 1999 | B40: 17432.5 | D40: 17670.9 | G40: 1998 | H40: 260883 | J40: 495194 | L40: 471807 | N40: 712816
A41: 2000 | B41: 14353.5 | D41: 14549.7 | G41: 1999 | H41: 263608 | J41: 480972 | L41: 602953 | N41: 746561
A42: 2001 | B42: 19882 | D42: 19641 | G42: 2000 | H42: 244270 | J42: 500508 | L42: 665245 | N42: 731851
A43: 2002 | B43: 20542 | D43: 20052 | G43: 2001 | H43: 246986 | J43: 500668 | L43: 678234 | N43: 735293
A44: 2003 | B44: 19162 | D44: 19938 | G44: 2002 | H44: 335504 | J44: 552800 | L44: 755781 | N44: 909546
A45: 2004 | B45: 16830 | D45: 16072 | G45: 2003 | H45: 167978 | J45: 434818 | L45: 713415 | N45: 752059
A46: 2005 | B46: 14737 | D46: 13664 | G46: 2004 | H46: 204623 | J46: 435643 | L46: 531250 | N46: 734532
A47: 2006 | B47: 13664 | D47: 14136.8 | G47: 2005 | H47: 335504 | J47: 552800 | L47: 755781 | N47: 909546
A48: 2007 | B48: 14762 | D48: 15245.8 | G48: 2006 | H48: 238448 | J48: 460329 | L48: 509228 | N48: 743463
... A58: 2017 | B58: 22828.9 | D58: 22087.6 | G58: 2016 | H58: 272873 | J58: 724505 | L58: 882716 | N58: 1608911
A59: 2018 | B59: 25696.9 | D59: 25317.9 | G59: 2017 | H59: 242744 | I59: r | J59: 761755 | K59: r | L59: 842081 | M59: r | N59: 1678060 | O59: r
A60: Source : Port Administrator Office | G60: 2018 | H60: 240325 | J60: 821867 | L60: 829273 | N60: 1607487
G61: Source : Port Administrator Office

Sheet BCDTRtSY-psgr
A1: BAU Cargo Dist Transported Relative to Start Year (dimensionless) | B1: 2019 | C1: 2020 | D1: 2021 | E1: 2022 | F1: 2023 | G1: 2024 | H1: 2025 | I1: 2026 | J1: 2027 | K1: 2028 | L1: 2029 | M1: 2030 | N1: 2031 | O1: 2032 | P1: 2033 | Q1: 2034 | R1: 2035 | S1: 2036 | T1: 2037 | U1: 2038 | V1: 2039 | W1: 2040 | X1: 2041 | Y1: 2042 | Z1: 2043 | AA1: 2044 | AB1: 2045 | AC1: 2046 | AD1: 2047 | AE1: 2048 | AF1: 2049 | AG1: 2050
A2: LDVs | B2: =LDVs!F5 -> 1 | C2: =LDVs!G5 -> 1.0131684 | D2: =LDVs!H5 -> 1.0526492 | E2: =LDVs!I5 -> 1.2153592 | F2: =LDVs!J5 -> 1.264178 | G2: =LDVs!K5 -> 1.2854781 | H2: =LDVs!L5 -> 1.3420324 | I2: =LDVs!M5 -> 1.3985867 | ... AG2: =LDVs!AK5 -> 1.7968716
A3: HDVs | B3: ='HDVs and Motorcycles'!G21 -> 1 | C3: ='HDVs and Motorcycles'!H21 -> 1.0073067 | D3: ='HDVs and Motorcycles'!I21 -> 1.0258972 | E3: ='HDVs and Motorcycles'!J21 -> 1.1332907 | F3: ='HDVs and Motorcycles'!K21 -> 1.1780765 | G3: ='HDVs and Motorcycles'!L21 -> 1.1892827 | H3: ='HDVs and Motorcycles'!M21 -> 1.2280443 | I3: ='HDVs and Motorcycles'!N21 -> 1.266806 | ... AG3: ='HDVs and Motorcycles'!AL21 -> 1.5724276
A4: aircraft | B4: =Aircraft!V11 -> 1 | C4: =Aircraft!W11 -> 1.1344098 | D4: =Aircraft!X11 -> 1.200103 | E4: =Aircraft!Y11 -> 1.2657961 | F4: =Aircraft!Z11 -> 1.3314893 | G4: =Aircraft!AA11 -> 1.3971825 | H4: =Aircraft!AB11 -> 1.4628757 | I4: =Aircraft!AC11 -> 1.5285688 | ... AG4: =Aircraft!BA11 -> 3.105205
A5: rail | B5: =Rail!G8 -> 1 | C5: =Rail!H8 -> 0.36633537 | D5: =Rail!I8 -> 0.85506084 | E5: =Rail!J8 -> 0.8867536 | F5: =Rail!K8 -> 0.91844637 | G5: =Rail!L8 -> 0.95013913 | H5: =Rail!M8 -> 0.98183189 | I5: =Rail!N8 -> 1.0135247 | ... AG5: =Rail!AL8 -> 1.7741509
A6: ships | B6: =Ships!Z24 -> 1 | C6: =Ships!AA24 -> 1.0027171 | D6: =Ships!AB24 -> 1.0086308 | E6: =Ships!AC24 -> 1.0066759 | F6: =Ships!AD24 -> 1.0476296 | G6: =Ships!AE24 -> 1.0721769 | H6: =Ships!AF24 -> 1.0851508 | I6: =Ships!AG24 -> 1.1163972 | ... AG6: =Ships!BE24 -> 1.5855612
A7: motorbikes | B7: ='HDVs and Motorcycles'!G23 -> 1 | C7: ='HDVs and Motorcycles'!H23 -> 1.0199688 | D7: ='HDVs and Motorcycles'!I23 -> 1.0644772 | E7: ='HDVs and Motorcycles'!J23 -> 1.125802 | F7: ='HDVs and Motorcycles'!K23 -> 1.1799228 | G7: ='HDVs and Motorcycles'!L23 -> 1.2218568 | H7: ='HDVs and Motorcycles'!M23 -> 1.2695856 | I7: ='HDVs and Motorcycles'!N23 -> 1.3173144 | ... AG7: ='HDVs and Motorcycles'!AL23 -> 1.6679519

Sheet BCDTRtSY-frgt
A1: BAU Cargo Dist Transported Relative to Start Year (dimensionless) | B1: 2019 | C1: 2020 | D1: 2021 | E1: 2022 | F1: 2023 | G1: 2024 | H1: 2025 | I1: 2026 | J1: 2027 | K1: 2028 | L1: 2029 | M1: 2030 | N1: 2031 | O1: 2032 | P1: 2033 | Q1: 2034 | R1: 2035 | S1: 2036 | T1: 2037 | U1: 2038 | V1: 2039 | W1: 2040 | X1: 2041 | Y1: 2042 | Z1: 2043 | AA1: 2044 | AB1: 2045 | AC1: 2046 | AD1: 2047 | AE1: 2048 | AF1: 2049 | AG1: 2050
A2: LDVs | B2: 1 | C2: =C3 -> 1.0122498 | D2: =D3 -> 1.0552527 | E2: =E3 -> 1.1712744 | F2: =F3 -> 1.2123994 | G2: =G3 -> 1.2360479 | H2: =H3 -> 1.2833064 | I2: =I3 -> 1.3305649 | J2: =J3 -> 1.3778234 | ... AG2: =AG3 -> 1.6805252
A3: HDVs | B3: ='HDVs and Motorcycles'!G22 -> 1 | C3: ='HDVs and Motorcycles'!H22 -> 1.0122498 | D3: ='HDVs and Motorcycles'!I22 -> 1.0552527 | E3: ='HDVs and Motorcycles'!J22 -> 1.1712744 | F3: ='HDVs and Motorcycles'!K22 -> 1.2123994 | G3: ='HDVs and Motorcycles'!L22 -> 1.2360479 | H3: ='HDVs and Motorcycles'!M22 -> 1.2833064 | I3: ='HDVs and Motorcycles'!N22 -> 1.3305649 | ... AG3: ='HDVs and Motorcycles'!AL22 -> 1.6805252
A4: aircraft | B4: =Aircraft!V12 -> 1 | C4: =Aircraft!W12 -> 1.0916707 | D4: =Aircraft!X12 -> 1.1325084 | E4: =Aircraft!Y12 -> 1.173346 | F4: =Aircraft!Z12 -> 1.2141836 | G4: =Aircraft!AA12 -> 1.2550212 | H4: =Aircraft!AB12 -> 1.2958589 | I4: =Aircraft!AC12 -> 1.3366965 | ... AG4: =Aircraft!BA12 -> 2.3167996
A5: rail | B5: =Rail!G13 -> 1 | C5: =Rail!H13 -> 0.74032051 | D5: =Rail!I13 -> 1.2146282 | E5: =Rail!J13 -> 1.3082115 | F5: =Rail!K13 -> 1.4017949 | G5: =Rail!L13 -> 1.4953782 | H5: =Rail!M13 -> 1.5889615 | I5: =Rail!N13 -> 1.6825449 | ... AG5: =Rail!AL13 -> 3.9285449
A6: ships | B6: =Ships!Z25 -> 1 | C6: =Ships!AA25 -> 1.0459567 | D6: =Ships!AB25 -> 1.0641943 | E6: =Ships!AC25 -> 1.0769982 | F6: =Ships!AD25 -> 1.0830638 | G6: =Ships!AE25 -> 1.098929 | H6: =Ships!AF25 -> 1.1202282 | I6: =Ships!AG25 -> 1.1430437 | ... AG6: =Ships!BE25 -> 1.5698126
A7: motorbikes | B7: 0 | C7: 0 | D7: 0 | E7: 0 | F7: 0 | G7: 0 | H7: 0 | I7: 0 | J7: 0 | K7: 0 | L7: 0 | M7: 0 | N7: 0 | O7: 0 | P7: 0 | Q7: 0 | R7: 0 | S7: 0 | T7: 0 | U7: 0 | V7: 0 | W7: 0 | X7: 0 | Y7: 0 | Z7: 0 | AA7: 0 | AB7: 0 | AC7: 0 | AD7: 0 | AE7: 0 | AF7: 0 | AG7: 0
