Workbook

Sheet About 
A1: BCEU BAU Components Energy Use
A3: Source | B3: IESR (2024)
B4: https://iesr.or.id/en/
A10: Comments | B10: These data come from the LEAP (Long-range Energy Alternatives Planning) Indonesia model and represent BAU (Business As Usual) scenarios projected for the country. The BAU scenarios assume no significant changes to current energy policies or interventions, providing a baseline for analyzing future energy consumption, emissions, and sectoral growth under existing conditions. This model helps evaluate long-term trends in Indonesia's energy use and environmental impacts, serving as a foundation for comparing potential outcomes from alternative policy scenarios aimed at sustainable development and climate goals.

Sheet Commercial
A1: Variable: Non Electricity Consumption: Total Final Energy Consumption (Thousand Gigajoule)
A2: Scenario: Business as Usual
A3: Branch: Demand\Commercial\Office\Conventional Office\Non Electricity Consumption\Gasoil Generator
A4: Region: Indonesia
A5: Thousand Gigajoule to Gigajoule | B5: 1000
A6: Branch | B6: 2022 | C6: 2023 | D6: 2024 | E6: 2025 | F6: 2026 | G6: 2027 | H6: 2028 | I6: 2029 | J6: 2030 | K6: 2031 | L6: 2032 | M6: 2033 | N6: 2034 | O6: 2035 | P6: 2036 | Q6: 2037 | R6: 2038 | S6: 2039 | T6: 2040 | U6: 2041 | V6: 2042 | W6: 2043 | X6: 2044 | Y6: 2045 | Z6: 2046 | AA6: 2047 | AB6: 2048 | AC6: 2049 | AD6: 2050 | AE6: 2051 | AF6: 2052 | AG6: 2053 | AH6: 2054 | AI6: 2055 | AJ6: 2056 | AK6: 2057 | AL6: 2058 | AM6: 2059 | AN6: 2060
A7: Gasoil Generator | B7: 328.18775 | C7: 344.62501 | D7: 347.9738 | E7: 351.33736 | F7: 356.71991 | G7: 362.14197 | H7: 367.60354 | I7: 373.10462 | J7: 378.64521 | K7: 383.69711 | L7: 388.7822 | M7: 393.90048 | N7: 399.05194 | O7: 404.23658 | P7: 408.90412 | Q7: 413.59844 | R7: 418.31956 | S7: 423.06746 | T7: 427.84214 | U7: 432.08976 | V7: 436.35792 | W7: 440.6466 | X7: 444.95581 | Y7: 449.28555 | Z7: 453.08941 | AA7: 456.9078 | AB7: 460.74072 | AC7: 464.58816 | AD7: 468.45012 | AE7: 470.96822 | AF7: 473.48631 | AG7: 476.0044 | AH7: 478.52249 | AI7: 481.04059 | AJ7: 483.55868 | AK7: 486.07677 | AL7: 488.59486 | AM7: 491.11296 | AN7: 493.63105
A8: Biogasoil Generator | B8: 3364.4751 | C8: 3532.9846 | D8: 3567.3153 | E8: 3601.7974 | F8: 3656.9776 | G8: 3712.5629 | H8: 3768.5531 | I8: 3824.9484 | J8: 3881.7487 | K8: 3933.5392 | L8: 3985.6699 | M8: 4038.1408 | N8: 4090.9519 | O8: 4144.1032 | P8: 4191.9533 | Q8: 4240.078 | R8: 4288.4773 | S8: 4337.1513 | T8: 4386.0998 | U8: 4429.6451 | V8: 4473.4008 | W8: 4517.367 | X8: 4561.5436 | Y8: 4605.9307 | Z8: 4644.9267 | AA8: 4684.0716 | AB8: 4723.3654 | AC8: 4762.8081 | AD8: 4802.3997 | AE8: 4828.2144 | AF8: 4854.0291 | AG8: 4879.8438 | AH8: 4905.6584 | AI8: 4931.4731 | AJ8: 4957.2878 | AK8: 4983.1025 | AL8: 5008.9171 | AM8: 5034.7318 | AN8: 5060.5465
A9: MDF Generator | B9: 2.9221903 | C9: 3.068548 | D9: 3.0983657 | E9: 3.1283148 | F9: 3.1762412 | G9: 3.2245193 | H9: 3.2731493 | I9: 3.322131 | J9: 3.3714644 | K9: 3.4164467 | L9: 3.4617245 | M9: 3.5072977 | N9: 3.5531664 | O9: 3.5993305 | P9: 3.6408904 | Q9: 3.6826888 | R9: 3.7247257 | S9: 3.767001 | T9: 3.8095149 | U9: 3.8473359 | V9: 3.8853396 | W9: 3.9235261 | X9: 3.9618954 | Y9: 4.0004475 | Z9: 4.0343171 | AA9: 4.0683162 | AB9: 4.1024445 | AC9: 4.1367022 | AD9: 4.1710892 | AE9: 4.1935104 | AF9: 4.2159315 | AG9: 4.2383527 | AH9: 4.2607738 | AI9: 4.283195 | AJ9: 4.3056161 | AK9: 4.3280372 | AL9: 4.3504584 | AM9: 4.3728795 | AN9: 4.3953007
A11: Variable: Non Electricity Consumption: Total Final Energy Consumption (Thousand Gigajoule)
A12: Scenario: Business as Usual
A13: Branch: Demand\Commercial\Hotel\Five Star\Non Electricity Consumption\Biomass Heat
A14: Region: Indonesia
A16: Branch | B16: 2022 | C16: 2023 | D16: 2024 | E16: 2025 | F16: 2026 | G16: 2027 | H16: 2028 | I16: 2029 | J16: 2030 | K16: 2031 | L16: 2032 | M16: 2033 | N16: 2034 | O16: 2035 | P16: 2036 | Q16: 2037 | R16: 2038 | S16: 2039 | T16: 2040 | U16: 2041 | V16: 2042 | W16: 2043 | X16: 2044 | Y16: 2045 | Z16: 2046 | AA16: 2047 | AB16: 2048 | AC16: 2049 | AD16: 2050 | AE16: 2051 | AF16: 2052 | AG16: 2053 | AH16: 2054 | AI16: 2055 | AJ16: 2056 | AK16: 2057 | AL16: 2058 | AM16: 2059 | AN16: 2060
A17: Biomass Heat | B17: 660.23083 | C17: 703.32055 | D17: 749.2225 | E17: 798.12023 | F17: 850.20925 | G17: 905.69784 | H17: 964.80787 | I17: 1027.7757 | J17: 1094.8531 | K17: 1166.3083 | L17: 1242.4269 | M17: 1323.5135 | N17: 1409.8921 | O17: 1501.9082 | P17: 1599.9297 | Q17: 1704.3485 | R17: 1815.5821 | S17: 1934.0754 | T17: 2060.3021 | U17: 2194.767 | V17: 2338.0076 | W17: 2490.5968 | X17: 2653.1447 | Y17: 2826.3012 | Z17: 3010.7587 | AA17: 3207.2547 | AB17: 3416.575 | AC17: 3639.5565 | AD17: 3877.0908 | AE17: 4130.1277 | AF17: 4399.6789 | AG17: 4686.8223 | AH17: 4992.7061 | AI17: 5318.5532 | AJ17: 5665.6665 | AK17: 6035.4342 | AL17: 6429.3345 | AM17: 6848.9426 | AN17: 7295.9363
A18: Solar Heat | B18: 403.3108 | C18: 429.63273 | D18: 457.67255 | E18: 487.54238 | F18: 519.36165 | G18: 553.2576 | H18: 589.36575 | I18: 627.83049 | J18: 668.80561 | K18: 712.45496 | L18: 758.95306 | M18: 808.48585 | N18: 861.25138 | O18: 917.46063 | P18: 977.33836 | Q18: 1041.124 | R18: 1109.0725 | S18: 1181.4558 | T18: 1258.563 | U18: 1340.7027 | V18: 1428.2031 | W18: 1521.4143 | X18: 1620.7088 | Y18: 1726.4838 | Z18: 1839.1621 | AA18: 1959.1943 | AB18: 2087.0604 | AC18: 2223.2716 | AD18: 2368.3726 | AE18: 2522.9436 | AF18: 2687.6025 | AG18: 2863.0079 | AH18: 3049.8611 | AI18: 3248.9091 | AJ18: 3460.9479 | AK18: 3686.8254 | AL18: 3927.4447 | AM18: 4183.7679 | AN18: 4456.82
A19: Gas Heat | B19: 313.17283 | C19: 333.61193 | D19: 355.38499 | E19: 378.57906 | F19: 403.28688 | G19: 429.60725 | H19: 457.64541 | I19: 487.51346 | J19: 519.33085 | K19: 553.22478 | L19: 589.33079 | M19: 627.79325 | N19: 668.76594 | O19: 712.4127 | P19: 758.90805 | Q19: 808.4379 | R19: 861.2003 | S19: 917.40621 | T19: 977.28039 | U19: 1041.0622 | V19: 1109.0068 | W19: 1181.3857 | X19: 1258.4884 | Y19: 1340.6231 | Z19: 1428.1184 | AA19: 1521.324 | AB19: 1620.6127 | AC19: 1726.3814 | AD19: 1839.053 | AE19: 1959.0781 | AF19: 2086.9366 | AG19: 2223.1397 | AH19: 2368.2321 | AI19: 2522.7939 | AJ19: 2687.4431 | AK19: 2862.8381 | AL19: 3049.6802 | AM19: 3248.7164 | AN19: 3460.7427
A20: Kerosene Heat | B20: 21.96271 | C20: 23.396098 | D20: 24.923036 | E20: 26.549628 | F20: 28.28238 | G20: 30.128219 | H20: 32.094526 | I20: 34.189163 | J20: 36.420506 | K20: 38.797477 | L20: 41.329579 | M20: 44.026939 | N20: 46.900341 | O20: 49.961274 | P20: 53.221978 | Q20: 56.69549 | R20: 60.395701 | S20: 64.337403 | T20: 68.53636 | U20: 73.00936 | V20: 77.774289 | W20: 82.850199 | X20: 88.257386 | Y20: 94.017471 | Z20: 100.15349 | AA20: 106.68997 | AB20: 113.65305 | AC20: 121.07057 | AD20: 128.9722 | AE20: 137.38952 | AF20: 146.35619 | AG20: 155.90808 | AH20: 166.08336 | AI20: 176.92273 | AJ20: 188.46952 | AK20: 200.76992 | AL20: 213.87309 | AM20: 227.83144 | AN20: 242.70077
A21: Gasoil Generator | B21: 16.796903 | C21: 17.893147 | D21: 19.060936 | E21: 20.304941 | F21: 21.630136 | G21: 23.041818 | H21: 24.545634 | I21: 26.147596 | J21: 27.854109 | K21: 29.671997 | L21: 31.608529 | M21: 33.671448 | N21: 35.869002 | O21: 38.209979 | P21: 40.703739 | Q21: 43.360253 | R21: 46.190144 | S21: 49.204727 | T21: 52.416055 | U21: 55.836969 | V21: 59.481148 | W21: 63.363163 | X21: 67.498536 | Y21: 71.903803 | Z21: 76.596578 | AA21: 81.595625 | AB21: 86.920933 | AC21: 92.593795 | AD21: 98.636895 | AE21: 105.0744 | AF21: 111.93204 | AG21: 119.23724 | AH21: 127.01921 | AI21: 135.30907 | AJ21: 144.13997 | AK21: 153.54721 | AL21: 163.56841 | AM21: 174.24364 | AN21: 185.61559
A22: Biogasoil Generator | B22: 172.19644 | C22: 183.43478 | D22: 195.40658 | E22: 208.15972 | F22: 221.74518 | G22: 236.2173 | H22: 251.63393 | I22: 268.05673 | J22: 285.55135 | K22: 304.18775 | L22: 324.04045 | M22: 345.18883 | N22: 367.71745 | O22: 391.7164 | P22: 417.28162 | Q22: 444.51535 | R22: 473.52648 | S22: 504.43101 | T22: 537.35251 | U22: 572.42262 | V22: 609.78157 | W22: 649.57874 | X22: 691.97325 | Y22: 737.13462 | Z22: 785.24344 | AA22: 836.49206 | AB22: 891.0854 | AC22: 949.24176 | AD22: 1011.1937 | AE22: 1077.1888 | AF22: 1147.4912 | AG22: 1222.3818 | AH22: 1302.16 | AI22: 1387.145 | AJ22: 1477.6765 | AK22: 1574.1166 | AL22: 1676.8507 | AM22: 1786.2897 | AN22: 1902.8712
A23: MDF Generator | B23: 0.14955996 | C23: 0.15932094 | D23: 0.16971896 | E23: 0.1807956 | F23: 0.19259516 | G23: 0.20516481 | H23: 0.21855481 | I23: 0.23281871 | J23: 0.24801354 | K23: 0.26420005 | L23: 0.28144297 | M23: 0.29981124 | N23: 0.31937831 | O23: 0.34022241 | P23: 0.3624269 | Q23: 0.38608056 | R23: 0.41127796 | S23: 0.43811987 | T23: 0.4667136 | U23: 0.49717348 | V23: 0.52962133 | W23: 0.56418687 | X23: 0.60100831 | Y23: 0.64023289 | Z23: 0.68201745 | AA23: 0.72652907 | AB23: 0.77394572 | AC23: 0.824457 | AD23: 0.87826488 | AE23: 0.9355845 | AF23: 0.99664508 | AG23: 1.0616907 | AH23: 1.1309816 | AI23: 1.2047947 | AJ23: 1.2834252 | AK23: 1.3671874 | AL23: 1.4564164 | AM23: 1.5514689 | AN23: 1.6527249
A24: LPG Heat | B24: 273.08574 | C24: 290.90858 | D24: 309.89462 | E24: 330.11978 | F24: 351.66492 | G24: 374.6162 | H24: 399.06539 | I24: 425.11024 | J24: 452.8549 | K24: 482.41031 | L24: 513.89464 | M24: 547.43378 | N24: 583.16184 | O24: 621.22168 | P24: 661.76549 | Q24: 704.95536 | R24: 750.96401 | S24: 799.9754 | T24: 852.18549 | U24: 907.80306 | V24: 967.05049 | W24: 1030.1647 | X24: 1097.398 | Y24: 1169.0193 | Z24: 1245.3149 | AA24: 1326.5899 | AB24: 1413.1693 | AC24: 1505.3992 | AD24: 1603.6486 | AE24: 1708.3101 | AF24: 1819.8023 | AG24: 1938.571 | AH24: 2065.0911 | AI24: 2199.8685 | AJ24: 2343.4421 | AK24: 2496.386 | AL24: 2659.3117 | AM24: 2832.8707 | AN24: 3017.757
A26: Variable: Non Electricity Consumption: Total Final Energy Consumption (Million Gigajoule)
A27: Scenario: Business as Usual
A28: Branch: Demand\Commercial\Hotel\Four Star\Non Electricity Consumption\Biomass Heat
A29: Region: Indonesia
A30: Million Gigajoule to Gigajoule | B30: 1000000
A31: Branch | B31: 2022 | C31: 2023 | D31: 2024 | E31: 2025 | F31: 2026 | G31: 2027 | H31: 2028 | I31: 2029 | J31: 2030 | K31: 2031 | L31: 2032 | M31: 2033 | N31: 2034 | O31: 2035 | P31: 2036 | Q31: 2037 | R31: 2038 | S31: 2039 | T31: 2040 | U31: 2041 | V31: 2042 | W31: 2043 | X31: 2044 | Y31: 2045 | Z31: 2046 | AA31: 2047 | AB31: 2048 | AC31: 2049 | AD31: 2050 | AE31: 2051 | AF31: 2052 | AG31: 2053 | AH31: 2054 | AI31: 2055 | AJ31: 2056 | AK31: 2057 | AL31: 2058 | AM31: 2059 | AN31: 2060
A32: Biomass Heat | B32: 1.4471193 | C32: 1.5415649 | D32: 1.6421746 | E32: 1.7493505 | F32: 1.8635212 | G32: 1.9851433 | H32: 2.1147029 | I32: 2.2527182 | J32: 2.399741 | K32: 2.5563592 | L32: 2.723199 | M32: 2.9009276 | N32: 3.0902555 | O32: 3.2919399 | P32: 3.5067872 | Q32: 3.7356563 | R32: 3.9794625 | S32: 4.2391807 | T32: 4.5158492 | U32: 4.8105744 | V32: 5.1245348 | W32: 5.4589856 | X32: 5.8152643 | Y32: 6.1947953 | Z32: 6.5990963 | AA32: 7.0297839 | AB32: 7.4885801 | AC32: 7.9773195 | AD32: 8.4979563 | AE32: 9.0525722 | AF32: 9.643385 | AG32: 10.272757 | AH32: 10.943205 | AI32: 11.657409 | AJ32: 12.418225 | AK32: 13.228696 | AL32: 14.092062 | AM32: 15.011775 | AN32: 15.991513
A33: Solar Heat | B33: 0.88399209 | C33: 0.9416855 | D33: 1.0031443 | E33: 1.0686141 | F33: 1.1383568 | G33: 1.2126512 | H33: 1.2917944 | I33: 1.3761029 | J33: 1.4659138 | K33: 1.5615861 | L33: 1.6635024 | M33: 1.7720703 | N33: 1.8877238 | O33: 2.0109254 | P33: 2.1421677 | Q33: 2.2819755 | R33: 2.4309077 | S33: 2.58956 | T33: 2.7585667 | U33: 2.9386035 | V33: 3.1303904 | W33: 3.3346941 | X33: 3.5523317 | Y33: 3.7841733 | Z33: 4.031146 | AA33: 4.2942372 | AB33: 4.574499 | AC33: 4.873052 | AD33: 5.1910899 | AE33: 5.5298844 | AF33: 5.8907903 | AG33: 6.2752505 | AH33: 6.6848024 | AI33: 7.1210835 | AJ33: 7.5858384 | AK33: 8.0809253 | AL33: 8.6083239 | AM33: 9.1701429 | AN33: 9.7686289
A34: Gas Heat | B34: 0.68642421 | C34: 0.73122343 | D34: 0.77894645 | E34: 0.8297841 | F34: 0.88393965 | G34: 0.94162964 | H34: 1.0030848 | I34: 1.0685507 | J34: 1.1382893 | K34: 1.2125793 | L34: 1.2917178 | M34: 1.3760213 | N34: 1.4658268 | O34: 1.5614935 | P34: 1.6634038 | Q34: 1.7719652 | R34: 1.8876118 | S34: 2.0108061 | T34: 2.1420406 | U34: 2.2818401 | V34: 2.4307635 | W34: 2.5894064 | X34: 2.7584031 | Y34: 2.9384292 | Z34: 3.1302047 | AA34: 3.3344963 | AB34: 3.552121 | AC34: 3.7839489 | AD34: 4.0309069 | AE34: 4.2939825 | AF34: 4.5742277 | AG34: 4.8727629 | AH34: 5.190782 | AI34: 5.5295564 | AJ34: 5.8904409 | AK34: 6.2748783 | AL34: 6.6844059 | AM34: 7.1206611 | AN34: 7.5853884
A35: Kerosene Heat | B35: 0.04813871 | C35: 0.051280464 | D35: 0.054627265 | E35: 0.058192493 | F35: 0.061990404 | G35: 0.066036185 | H35: 0.070346012 | I35: 0.074937118 | J35: 0.079827861 | K35: 0.085037797 | L35: 0.090587757 | M35: 0.096499933 | N35: 0.10279797 | O35: 0.10950704 | P35: 0.11665397 | Q35: 0.12426735 | R35: 0.13237761 | S35: 0.14101719 | T35: 0.15022062 | U35: 0.16002471 | V35: 0.17046867 | W35: 0.18159424 | X35: 0.19344592 | Y35: 0.2060711 | Z35: 0.21952025 | AA35: 0.23384716 | AB35: 0.24910911 | AC35: 0.26536712 | AD35: 0.28268621 | AE35: 0.30113562 | AF35: 0.32078912 | AG35: 0.3417253 | AH35: 0.36402788 | AI35: 0.38778602 | AJ35: 0.41309473 | AK35: 0.4400552 | AL35: 0.46877524 | AM35: 0.49936968 | AN35: 0.53196086
A36: Gasoil Generator | B36: 0.036816096 | C36: 0.039218885 | D36: 0.041778491 | E36: 0.044505149 | F36: 0.047409761 | G36: 0.050503941 | H36: 0.053800062 | I36: 0.057311303 | J36: 0.061051704 | K36: 0.06503622 | L36: 0.069280785 | M36: 0.07380237 | N36: 0.078619054 | O36: 0.083750097 | P36: 0.089216016 | Q36: 0.095038666 | R36: 0.10124133 | S36: 0.10784881 | T36: 0.11488752 | U36: 0.12238561 | V36: 0.13037306 | W36: 0.13888181 | X36: 0.14794588 | Y36: 0.15760151 | Z36: 0.16788732 | AA36: 0.17884442 | AB36: 0.19051663 | AC36: 0.20295063 | AD36: 0.21619613 | AE36: 0.23030609 | AF36: 0.24533693 | AG36: 0.26134875 | AH36: 0.27840558 | AI36: 0.29657562 | AJ36: 0.31593151 | AK36: 0.33655067 | AL36: 0.35851552 | AM36: 0.3819139 | AN36: 0.40683937
A37: Biogasoil Generator | B37: 0.37742676 | C37: 0.40205938 | D37: 0.42829963 | E37: 0.45625245 | F37: 0.48602959 | G37: 0.51775013 | H37: 0.5515409 | I37: 0.58753702 | J37: 0.6258824 | K37: 0.66673038 | L37: 0.71024429 | M37: 0.75659812 | N37: 0.80597721 | O37: 0.85857902 | P37: 0.91461385 | Q37: 0.97430579 | R37: 1.0378935 | S37: 1.1056312 | T37: 1.1777898 | U37: 1.2546578 | V37: 1.3365426 | W37: 1.4237716 | X37: 1.5166935 | Y37: 1.6156799 | Z37: 1.7211267 | AA37: 1.8334554 | AB37: 1.9531152 | AC37: 2.0805845 | AD37: 2.2163731 | AE37: 2.3610238 | AF37: 2.5151152 | AG37: 2.6792632 | AH37: 2.8541243 | AI37: 3.0403977 | AJ37: 3.2388281 | AK37: 3.450209 | AL37: 3.6753856 | AM37: 3.9152583 | AN37: 4.1707862
A38: MDF Generator | B38: 0.00032781126 | C38: 0.00034920574 | D38: 0.00037199652 | E38: 0.00039627473 | F38: 0.00042213745 | G38: 0.0004496881 | H38: 0.00047903682 | I38: 0.00051030098 | J38: 0.00054360559 | K38: 0.0005790838 | L38: 0.00061687749 | M38: 0.00065713777 | N38: 0.00070002562 | O38: 0.00074571253 | P38: 0.00079438118 | Q38: 0.00084622617 | R38: 0.00090145481 | S38: 0.00096028792 | T38: 0.0010229608 | U38: 0.0010897239 | V38: 0.0011608443 | W38: 0.0012366064 | X38: 0.0013173131 | Y38: 0.001403287 | Z38: 0.001494872 | AA38: 0.0015924343 | AB38: 0.0016963639 | AC38: 0.0018070765 | AD38: 0.0019250146 | AE38: 0.00205065 | AF38: 0.0021844849 | AG38: 0.0023270545 | AH38: 0.0024789288 | AI38: 0.0026407152 | AJ38: 0.0028130605 | AK38: 0.0029966538 | AL38: 0.0031922293 | AM38: 0.003400569 | AN38: 0.0036225058
A39: LPG Heat | B39: 0.5985598 | C39: 0.63762458 | D39: 0.67923891 | E39: 0.72356919 | F39: 0.77079266 | G39: 0.82109816 | H39: 0.87468682 | I39: 0.93177293 | J39: 0.99258474 | K39: 1.0573654 | L39: 1.126374 | M39: 1.1998864 | N39: 1.2781965 | O39: 1.3616175 | P39: 1.450483 | Q39: 1.5451482 | R39: 1.6459917 | S39: 1.7534167 | T39: 1.8678528 | U39: 1.9897576 | V39: 2.1196183 | W39: 2.2579544 | X39: 2.405319 | Y39: 2.5623012 | Z39: 2.7295289 | AA39: 2.9076706 | AB39: 3.0974386 | AC39: 3.2995918 | AD39: 3.5149384 | AE39: 3.7443395 | AF39: 3.9887125 | AG39: 4.2490343 | AH39: 4.5263459 | AI39: 4.8217562 | AJ39: 5.1364463 | AK39: 5.4716746 | AL39: 5.8287814 | AM39: 6.2091946 | AN39: 6.6144354
A41: Variable: Non Electricity Consumption: Total Final Energy Consumption (Million Gigajoule)
A42: Scenario: Business as Usual
A43: Branch: Demand\Commercial\Hotel\Three Star\Non Electricity Consumption\Biomass Heat
A44: Region: Indonesia
A46: Branch | B46: 2022 | C46: 2023 | D46: 2024 | E46: 2025 | F46: 2026 | G46: 2027 | H46: 2028 | I46: 2029 | J46: 2030 | K46: 2031 | L46: 2032 | M46: 2033 | N46: 2034 | O46: 2035 | P46: 2036 | Q46: 2037 | R46: 2038 | S46: 2039 | T46: 2040 | U46: 2041 | V46: 2042 | W46: 2043 | X46: 2044 | Y46: 2045 | Z46: 2046 | AA46: 2047 | AB46: 2048 | AC46: 2049 | AD46: 2050 | AE46: 2051 | AF46: 2052 | AG46: 2053 | AH46: 2054 | AI46: 2055 | AJ46: 2056 | AK46: 2057 | AL46: 2058 | AM46: 2059 | AN46: 2060
A47: Biomass Heat | B47: 1.0864727 | C47: 1.157381 | D47: 1.232917 | E47: 1.3133829 | F47: 1.3991003 | G47: 1.4904121 | H47: 1.5876833 | I47: 1.6913028 | J47: 1.8016851 | K47: 1.9192714 | L47: 2.0445319 | M47: 2.1779675 | N47: 2.3201117 | O47: 2.471533 | P47: 2.6328367 | Q47: 2.8046678 | R47: 2.9877134 | S47: 3.1827054 | T47: 3.3904234 | U47: 3.6116981 | V47: 3.8474143 | W47: 4.0985143 | X47: 4.3660023 | Y47: 4.6509479 | Z47: 4.9544902 | AA47: 5.2778432 | AB47: 5.6222997 | AC47: 5.989237 | AD47: 6.3801223 | AE47: 6.7965186 | AF47: 7.2400908 | AG47: 7.7126126 | AH47: 8.2159734 | AI47: 8.7521859 | AJ47: 9.323394 | AK47: 9.9318819 | AL47: 10.580082 | AM47: 11.270588 | AN47: 12.006158
A48: Solar Heat | B48: 0.66368635 | C48: 0.70700159 | D48: 0.75314379 | E48: 0.80229744 | F48: 0.85465908 | G48: 0.91043808 | H48: 0.96985749 | I48: 1.0331549 | J48: 1.1005833 | K48: 1.1724125 | L48: 1.2489296 | M48: 1.3304405 | N48: 1.4172712 | O48: 1.5097689 | P48: 1.6083034 | Q48: 1.7132687 | R48: 1.8250845 | S48: 1.944198 | T48: 2.0710853 | U48: 2.206254 | V48: 2.3502443 | W48: 2.5036321 | X48: 2.6670307 | Y48: 2.8410935 | Z48: 3.0265164 | AA48: 3.2240409 | AB48: 3.4344567 | AC48: 3.6586052 | AD48: 3.8973827 | AE48: 4.151744 | AF48: 4.422706 | AG48: 4.7113523 | AH48: 5.0188369 | AI48: 5.3463894 | AJ48: 5.6953195 | AK48: 6.0670224 | AL48: 6.4629844 | AM48: 6.8847887 | AN48: 7.3341218
A49: Gas Heat | B49: 0.51535572 | C49: 0.54899022 | D49: 0.58481986 | E49: 0.62298791 | F49: 0.66364698 | G49: 0.70695966 | H49: 0.75309911 | I49: 0.80224985 | J49: 0.85460838 | K49: 0.91038408 | L49: 0.96979996 | M49: 1.0330936 | N49: 1.1005181 | O49: 1.172343 | P49: 1.2488555 | Q49: 1.3303616 | R49: 1.4171871 | S49: 1.5096793 | T49: 1.608208 | U49: 1.7131671 | V49: 1.8249763 | W49: 1.9440827 | X49: 2.0709625 | Y49: 2.2061231 | Z49: 2.3501049 | AA49: 2.5034836 | AB49: 2.6668725 | AC49: 2.840925 | AD49: 3.0263369 | AE49: 3.2238496 | AF49: 3.434253 | AG49: 3.6583882 | AH49: 3.8971516 | AI49: 4.1514977 | AJ49: 4.4224437 | AK49: 4.7110728 | AL49: 5.0185392 | AM49: 5.3460723 | AN49: 5.6949817
A50: Kerosene Heat | B50: 0.036141731 | C50: 0.038500508 | D50: 0.041013229 | E50: 0.043689942 | F50: 0.04654135 | G50: 0.049578854 | H50: 0.052814599 | I50: 0.056261525 | J50: 0.059933412 | K50: 0.063844944 | L50: 0.06801176 | M50: 0.072450522 | N50: 0.077178979 | O50: 0.082216036 | P50: 0.087581835 | Q50: 0.093297831 | R50: 0.099386879 | S50: 0.10587333 | T50: 0.11278311 | U50: 0.12014386 | V50: 0.127985 | W50: 0.13633789 | X50: 0.14523594 | Y50: 0.15471471 | Z50: 0.1648121 | AA50: 0.1755685 | AB50: 0.18702692 | AC50: 0.19923316 | AD50: 0.21223604 | AE50: 0.22608754 | AF50: 0.24084306 | AG50: 0.25656159 | AH50: 0.27330599 | AI50: 0.2911432 | AJ50: 0.31014456 | AK50: 0.33038602 | AL50: 0.35194855 | AM50: 0.37491834 | AN50: 0.39938724
A51: Gasoil Generator | B51: 0.027640904 | C51: 0.029444878 | D51: 0.031366587 | E51: 0.033413715 | F51: 0.035594449 | G51: 0.037917507 | H51: 0.040392179 | I51: 0.04302836 | J51: 0.04583659 | K51: 0.048828098 | L51: 0.052014845 | M51: 0.055409575 | N51: 0.05902586 | O51: 0.062878161 | P51: 0.06698188 | Q51: 0.071353428 | R51: 0.076010283 | S51: 0.080971065 | T51: 0.086255612 | U51: 0.091885052 | V51: 0.097881896 | W51: 0.10427012 | X51: 0.11107527 | Y51: 0.11832456 | Z51: 0.12604697 | AA51: 0.13427337 | AB51: 0.14303668 | AC51: 0.15237191 | AD51: 0.16231641 | AE51: 0.17290993 | AF51: 0.18419483 | AG51: 0.19621624 | AH51: 0.20902221 | AI51: 0.22266397 | AJ51: 0.23719605 | AK51: 0.25267656 | AL51: 0.26916741 | AM51: 0.28673452 | AN51: 0.30544814
A52: Biogasoil Generator | B52: 0.28336565 | C52: 0.3018594 | D52: 0.32156014 | E52: 0.34254664 | F52: 0.36490282 | G52: 0.38871807 | H52: 0.41408761 | I52: 0.44111288 | J52: 0.46990195 | K52: 0.50056993 | L52: 0.53323944 | M52: 0.56804111 | N52: 0.6051141 | O52: 0.64460665 | P52: 0.68667666 | Q52: 0.73149235 | R52: 0.77923293 | S52: 0.83008928 | T52: 0.88426474 | U52: 0.94197595 | V52: 1.0034537 | W52: 1.0689437 | X52: 1.1387079 | Y52: 1.2130252 | Z52: 1.2921929 | AA52: 1.3765274 | AB52: 1.4663659 | AC52: 1.5620677 | AD52: 1.6640155 | AE52: 1.7726169 | AF52: 1.888306 | AG52: 2.0115456 | AH52: 2.1428284 | AI52: 2.2826793 | AJ52: 2.4316575 | AK52: 2.5903587 | AL52: 2.7594175 | AM52: 2.9395099 | AN52: 3.1313559
A53: MDF Generator | B53: 0.00024611516 | C53: 0.00026217778 | D53: 0.00027928871 | E53: 0.00029751639 | F53: 0.00031693368 | G53: 0.00033761824 | H53: 0.00035965277 | I53: 0.00038312537 | J53: 0.00040812991 | K53: 0.00043476635 | L53: 0.00046314122 | M53: 0.00049336796 | N53: 0.00052556743 | O53: 0.00055986839 | P53: 0.00059640799 | Q53: 0.00063533234 | R53: 0.00067679707 | S53: 0.00072096798 | T53: 0.00076802168 | U53: 0.00081814633 | V53: 0.00087154235 | W53: 0.00092842323 | X53: 0.00098901643 | Y53: 0.0010535642 | Z53: 0.0011223247 | AA53: 0.0011955728 | AB53: 0.0012736014 | AC53: 0.0013567225 | AD53: 0.0014452685 | AE53: 0.0015395934 | AF53: 0.0016400744 | AG53: 0.0017471133 | AH53: 0.001861138 | AI53: 0.0019826044 | AJ53: 0.0021119984 | AK53: 0.0022498372 | AL53: 0.0023966719 | AM53: 0.0025530898 | AN53: 0.0027197163
A54: LPG Heat | B54: 0.4493886 | C54: 0.47871778 | D54: 0.50996112 | E54: 0.54324354 | F54: 0.57869813 | G54: 0.61646665 | H54: 0.65670011 | I54: 0.6995594 | J54: 0.74521589 | K54: 0.79385212 | L54: 0.84566258 | M54: 0.90085444 | N54: 0.95964837 | O54: 1.0222795 | P54: 1.0889981 | Q54: 1.1600712 | R54: 1.2357828 | S54: 1.3164357 | T54: 1.4023524 | U54: 1.4938764 | V54: 1.5913737 | W54: 1.6952341 | X54: 1.8058729 | Y54: 1.9237326 | Z54: 2.0492842 | AA54: 2.18303 | AB54: 2.3255047 | AC54: 2.4772779 | AD54: 2.6389565 | AE54: 2.811187 | AF54: 2.9946581 | AG54: 3.1901033 | AH54: 3.3983042 | AI54: 3.6200932 | AJ54: 3.8563573 | AK54: 4.108041 | AL54: 4.3761508 | AM54: 4.6617586 | AN54: 4.9660066
A56: Variable: Non Electricity Consumption: Total Final Energy Consumption (Million Gigajoule)
A57: Scenario: Business as Usual
A58: Branch: Demand\Commercial\Hotel\Budget\Non Electricity Consumption\Biomass Heat
A59: Region: Indonesia
A61: Branch | B61: 2022 | C61: 2023 | D61: 2024 | E61: 2025 | F61: 2026 | G61: 2027 | H61: 2028 | I61: 2029 | J61: 2030 | K61: 2031 | L61: 2032 | M61: 2033 | N61: 2034 | O61: 2035 | P61: 2036 | Q61: 2037 | R61: 2038 | S61: 2039 | T61: 2040 | U61: 2041 | V61: 2042 | W61: 2043 | X61: 2044 | Y61: 2045 | Z61: 2046 | AA61: 2047 | AB61: 2048 | AC61: 2049 | AD61: 2050 | AE61: 2051 | AF61: 2052 | AG61: 2053 | AH61: 2054 | AI61: 2055 | AJ61: 2056 | AK61: 2057 | AL61: 2058 | AM61: 2059 | AN61: 2060
A62: Biomass Heat | B62: 1.817268 | C62: 1.9358713 | D62: 2.0622152 | E62: 2.1968049 | F62: 2.3401785 | G62: 2.4929094 | H62: 2.6556082 | I62: 2.8289255 | J62: 3.0135543 | K62: 3.2102328 | L62: 3.4197474 | M62: 3.642936 | N62: 3.8806908 | O62: 4.1339627 | P62: 4.4037642 | Q62: 4.6911742 | R62: 4.9973419 | S62: 5.3234916 | T62: 5.6709273 | U62: 6.0410383 | V62: 6.4353044 | W62: 6.8553021 | X62: 7.3027108 | Y62: 7.7793195 | Z62: 8.2870339 | AA62: 8.8278841 | AB62: 9.4040327 | AC62: 10.017783 | AD62: 10.67159 | AE62: 11.368068 | AF62: 12.11 | AG62: 12.900355 | AH62: 13.742292 | AI62: 14.639177 | AJ62: 15.594598 | AK62: 16.612373 | AL62: 17.696574 | AM62: 18.851534 | AN62: 20.081872
A63: Solar Heat | B63: 1.1101024 | C63: 1.1825528 | D63: 1.2597316 | E63: 1.3419476 | F63: 1.4295293 | G63: 1.522827 | H63: 1.6222137 | I63: 1.7280869 | J63: 1.8408698 | K63: 1.9610135 | L63: 2.0889983 | M63: 2.225336 | N63: 2.3705717 | O63: 2.5252862 | P63: 2.6900981 | Q63: 2.8656663 | R63: 3.0526929 | S63: 3.2519258 | T63: 3.4641615 | U63: 3.6902488 | V63: 3.9310915 | W63: 4.1876527 | X63: 4.4609583 | Y63: 4.752101 | Z63: 5.0622451 | AA63: 5.3926307 | AB63: 5.7445787 | AC63: 6.1194965 | AD63: 6.5188832 | AE63: 6.9443356 | AF63: 7.3975551 | AG63: 7.8803538 | AH63: 8.3946621 | AI63: 8.9425366 | AJ63: 9.526168 | AK63: 10.14789 | AL63: 10.810188 | AM63: 11.515711 | AN63: 12.267279
A64: Gas Heat | B64: 0.86199995 | C64: 0.91825805 | D64: 0.97818782 | E64: 1.0420289 | F64: 1.1100365 | G64: 1.1824826 | H64: 1.2596569 | I64: 1.341868 | J64: 1.4294445 | K64: 1.5227366 | L64: 1.6221175 | M64: 1.7279844 | N64: 1.8407606 | O64: 1.9608972 | P64: 2.0888744 | Q64: 2.225204 | R64: 2.3704311 | S64: 2.5251364 | T64: 2.6899385 | U64: 2.8654963 | V64: 3.0525119 | W64: 3.2517329 | X64: 3.4639561 | Y64: 3.6900299 | Z64: 3.9308583 | AA64: 4.1874043 | AB64: 4.4606937 | AC64: 4.7518192 | AD64: 5.0619449 | AE64: 5.3923108 | AF64: 5.744238 | AG64: 6.1191335 | AH64: 6.5184965 | AI64: 6.9439237 | AJ64: 7.3971163 | AK64: 7.8798864 | AL64: 8.3941642 | AM64: 8.9420062 | AN64: 9.5256029
A65: Kerosene Heat | B65: 0.06045178 | C65: 0.064397143 | D65: 0.068599998 | E65: 0.073077152 | F65: 0.077846505 | G65: 0.082927128 | H65: 0.088339336 | I65: 0.09410477 | J65: 0.10024648 | K65: 0.10678903 | L65: 0.11375858 | M65: 0.12118299 | N65: 0.12909195 | O65: 0.13751709 | P65: 0.14649209 | Q65: 0.15605284 | R65: 0.16623757 | S65: 0.17708701 | T65: 0.18864452 | U65: 0.20095634 | V65: 0.21407168 | W65: 0.22804299 | X65: 0.24292613 | Y65: 0.25878061 | Z65: 0.27566983 | AA65: 0.29366132 | AB65: 0.31282702 | AC65: 0.33324355 | AD65: 0.35499257 | AE65: 0.37816103 | AF65: 0.40284157 | AG65: 0.42913287 | AH65: 0.45714007 | AI65: 0.48697514 | AJ65: 0.5187574 | AK65: 0.5526139 | AL65: 0.58868004 | AM65: 0.62710003 | AN65: 0.66802748
A66: Gasoil Generator | B66: 0.046233033 | C66: 0.049250415 | D66: 0.052464725 | E66: 0.055888816 | F66: 0.059536378 | G66: 0.063421998 | H66: 0.067561211 | I66: 0.071970568 | J66: 0.0766677 | K66: 0.081671389 | L66: 0.087001642 | M66: 0.092679772 | N66: 0.098728482 | O66: 0.10517196 | P66: 0.11203597 | Q66: 0.11934795 | R66: 0.12713715 | S66: 0.13543471 | T66: 0.14427381 | U66: 0.15368979 | V66: 0.16372029 | W66: 0.17440544 | X66: 0.18578794 | Y66: 0.19791332 | Z66: 0.21083006 | AA66: 0.22458981 | AB66: 0.23924758 | AC66: 0.25486198 | AD66: 0.27149545 | AE66: 0.2892145 | AF66: 0.30808998 | AG66: 0.32819736 | AH66: 0.34961703 | AI66: 0.37243466 | AJ66: 0.39674147 | AK66: 0.42263465 | AL66: 0.45021775 | AM66: 0.47960104 | AN66: 0.51090202
A67: Biogasoil Generator | B67: 0.47396616 | C67: 0.50489939 | D67: 0.53785146 | E67: 0.57295413 | F67: 0.61034777 | G67: 0.65018189 | H67: 0.69261577 | I67: 0.73781908 | J67: 0.78597257 | K67: 0.83726877 | L67: 0.89191281 | M67: 0.95012316 | N67: 1.0121326 | O67: 1.0781891 | P67: 1.1485567 | Q67: 1.2235168 | R67: 1.3033691 | S67: 1.388433 | T67: 1.4790486 | U67: 1.5755782 | V67: 1.6784077 | W67: 1.7879483 | X67: 1.9046381 | Y67: 2.0289436 | Z67: 2.1613619 | AA67: 2.3024223 | AB67: 2.4526891 | AC67: 2.6127629 | AD67: 2.7832839 | AE67: 2.9649339 | AF67: 3.1584392 | AG67: 3.3645736 | AH67: 3.5841612 | AI67: 3.8180801 | AJ67: 4.0672657 | AK67: 4.3327143 | AL67: 4.6154873 | AM67: 4.9167153 | AN67: 5.2376029
A68: MDF Generator | B68: 0.00041165985 | C68: 0.00043852668 | D68: 0.00046714695 | E68: 0.00049763513 | F68: 0.0005301131 | G68: 0.00056471073 | H68: 0.00060156637 | I68: 0.00064082737 | J68: 0.00068265073 | K68: 0.00072720368 | L68: 0.00077466435 | M68: 0.00082522253 | N68: 0.00087908037 | O68: 0.00093645323 | P68: 0.0009975705 | Q68: 0.0010626766 | R68: 0.0011320318 | S68: 0.0012059134 | T68: 0.0012846169 | U68: 0.0013684569 | V68: 0.0014577687 | W68: 0.0015529095 | X68: 0.0016542595 | Y68: 0.0017622242 | Z68: 0.0018772351 | AA68: 0.0019997521 | AB68: 0.0021302652 | AC68: 0.0022692961 | AD68: 0.0024174009 | AE68: 0.0025751717 | AF68: 0.0027432393 | AG68: 0.0029222758 | AH68: 0.003112997 | AI68: 0.0033161656 | AJ68: 0.0035325939 | AK68: 0.0037631474 | AL68: 0.0040087478 | AM68: 0.0042703772 | AN68: 0.0045490818
A69: LPG Heat | B69: 0.75166131 | C69: 0.8007182 | D69: 0.85297678 | E69: 0.90864599 | F69: 0.96794843 | G69: 1.0311212 | H69: 1.098417 | I69: 1.1701047 | J69: 1.2464712 | K69: 1.3278217 | L69: 1.4144814 | M69: 1.5067971 | N69: 1.6051376 | O69: 1.7098963 | P69: 1.8214921 | Q69: 1.9403711 | R69: 2.0670086 | S69: 2.2019112 | T69: 2.3456181 | U69: 2.498704 | V69: 2.661781 | W69: 2.8355011 | X69: 3.020559 | Y69: 3.2176947 | Z69: 3.4276963 | AA69: 3.6514037 | AB69: 3.8897112 | AC69: 4.1435717 | AD69: 4.4140004 | AE69: 4.7020785 | AF69: 5.0089579 | AG69: 5.3358656 | AH69: 5.6841089 | AI69: 6.0550802 | AJ69: 6.4502627 | AK69: 6.8712367 | AL69: 7.3196854 | AM69: 7.7974019 | AN69: 8.3062965
A71: Variable: Non Electricity Consumption: Total Final Energy Consumption (Thousand Gigajoule)
A72: Scenario: Business as Usual
A73: Branch: Demand\Commercial\Hospital\Class A\Non Electricity Consumption\Biomass Heat
A74: Region: Indonesia
A76: Branch | B76: 2022 | C76: 2023 | D76: 2024 | E76: 2025 | F76: 2026 | G76: 2027 | H76: 2028 | I76: 2029 | J76: 2030 | K76: 2031 | L76: 2032 | M76: 2033 | N76: 2034 | O76: 2035 | P76: 2036 | Q76: 2037 | R76: 2038 | S76: 2039 | T76: 2040 | U76: 2041 | V76: 2042 | W76: 2043 | X76: 2044 | Y76: 2045 | Z76: 2046 | AA76: 2047 | AB76: 2048 | AC76: 2049 | AD76: 2050 | AE76: 2051 | AF76: 2052 | AG76: 2053 | AH76: 2054 | AI76: 2055 | AJ76: 2056 | AK76: 2057 | AL76: 2058 | AM76: 2059 | AN76: 2060
A77: Biomass Heat | B77: 203.44651 | C77: 204.14219 | D77: 204.83786 | E77: 205.53353 | F77: 207.39445 | G77: 209.25537 | H77: 211.11629 | I77: 212.9772 | J77: 214.83812 | K77: 216.40115 | L77: 217.96417 | M77: 219.5272 | N77: 221.09023 | O77: 222.65325 | P77: 223.91495 | Q77: 225.17664 | R77: 226.43833 | S77: 227.70002 | T77: 228.96172 | U77: 229.92869 | V77: 230.89566 | W77: 231.86263 | X77: 232.82961 | Y77: 233.79658 | Z77: 234.48078 | AA77: 235.16498 | AB77: 235.84918 | AC77: 236.53338 | AD77: 237.21758 | AE77: 237.21758 | AF77: 237.21758 | AG77: 237.21758 | AH77: 237.21758 | AI77: 237.21758 | AJ77: 237.21758 | AK77: 237.21758 | AL77: 237.21758 | AM77: 237.21758 | AN77: 237.21758
A78: Solar Heat | B78: 124.27801 | C78: 124.70298 | D78: 125.12794 | E78: 125.5529 | F78: 126.68967 | G78: 127.82643 | H78: 128.9632 | I78: 130.09996 | J78: 131.23673 | K78: 132.19153 | L78: 133.14632 | M78: 134.10112 | N78: 135.05591 | O78: 136.01071 | P78: 136.78143 | Q78: 137.55215 | R78: 138.32287 | S78: 139.09359 | T78: 139.86432 | U78: 140.455 | V78: 141.04569 | W78: 141.63638 | X78: 142.22707 | Y78: 142.81776 | Z78: 143.23571 | AA78: 143.65366 | AB78: 144.07161 | AC78: 144.48957 | AD78: 144.90752 | AE78: 144.90752 | AF78: 144.90752 | AG78: 144.90752 | AH78: 144.90752 | AI78: 144.90752 | AJ78: 144.90752 | AK78: 144.90752 | AL78: 144.90752 | AM78: 144.90752 | AN78: 144.90752
A79: Gas Heat | B79: 96.50249 | C79: 96.832475 | D79: 97.16246 | E79: 97.492445 | F79: 98.375149 | G79: 99.257854 | H79: 100.14056 | I79: 101.02326 | J79: 101.90597 | K79: 102.64737 | L79: 103.38877 | M79: 104.13018 | N79: 104.87158 | O79: 105.61298 | P79: 106.21145 | Q79: 106.80992 | R79: 107.40839 | S79: 108.00686 | T79: 108.60533 | U79: 109.064 | V79: 109.52267 | W79: 109.98135 | X79: 110.44002 | Y79: 110.89869 | Z79: 111.22323 | AA79: 111.54778 | AB79: 111.87232 | AC79: 112.19686 | AD79: 112.5214 | AE79: 112.5214 | AF79: 112.5214 | AG79: 112.5214 | AH79: 112.5214 | AI79: 112.5214 | AJ79: 112.5214 | AK79: 112.5214 | AL79: 112.5214 | AM79: 112.5214 | AN79: 112.5214
A80: Kerosene Heat | B80: 6.7676887 | C80: 6.7908304 | D80: 6.8139721 | E80: 6.8371139 | F80: 6.8990176 | G80: 6.9609214 | H80: 7.0228252 | I80: 7.084729 | J80: 7.1466328 | K80: 7.1986272 | L80: 7.2506216 | M80: 7.302616 | N80: 7.3546104 | O80: 7.4066048 | P80: 7.4485752 | Q80: 7.4905456 | R80: 7.5325161 | S80: 7.5744865 | T80: 7.616457 | U80: 7.6486235 | V80: 7.6807901 | W80: 7.7129566 | X80: 7.7451231 | Y80: 7.7772897 | Z80: 7.8000497 | AA80: 7.8228097 | AB80: 7.8455698 | AC80: 7.8683298 | AD80: 7.8910898 | AE80: 7.8910898 | AF80: 7.8910898 | AG80: 7.8910898 | AH80: 7.8910898 | AI80: 7.8910898 | AJ80: 7.8910898 | AK80: 7.8910898 | AL80: 7.8910898 | AM80: 7.8910898 | AN80: 7.8910898
A81: Gasoil Generator | B81: 5.1758737 | C81: 5.1935723 | D81: 5.2112709 | E81: 5.2289695 | F81: 5.276313 | G81: 5.3236565 | H81: 5.371 | I81: 5.4183435 | J81: 5.4656871 | K81: 5.505452 | L81: 5.5452168 | M81: 5.5849817 | N81: 5.6247466 | O81: 5.6645115 | P81: 5.6966102 | Q81: 5.7287088 | R81: 5.7608075 | S81: 5.7929062 | T81: 5.8250048 | U81: 5.8496055 | V81: 5.8742062 | W81: 5.8988069 | X81: 5.9234077 | Y81: 5.9480084 | Z81: 5.965415 | AA81: 5.9828217 | AB81: 6.0002284 | AC81: 6.0176351 | AD81: 6.0350418 | AE81: 6.0350418 | AF81: 6.0350418 | AG81: 6.0350418 | AH81: 6.0350418 | AI81: 6.0350418 | AJ81: 6.0350418 | AK81: 6.0350418 | AL81: 6.0350418 | AM81: 6.0350418 | AN81: 6.0350418
A82: Biogasoil Generator | B82: 53.06139 | C82: 53.24283 | D82: 53.42427 | E82: 53.605711 | F82: 54.091061 | G82: 54.576412 | H82: 55.061762 | I82: 55.547113 | J82: 56.032463 | K82: 56.44012 | L82: 56.847777 | M82: 57.255434 | N82: 57.66309 | O82: 58.070747 | P82: 58.399812 | Q82: 58.728878 | R82: 59.057943 | S82: 59.387008 | T82: 59.716073 | U82: 59.968271 | V82: 60.22047 | W82: 60.472668 | X82: 60.724867 | Y82: 60.977065 | Z82: 61.155513 | AA82: 61.333961 | AB82: 61.512409 | AC82: 61.690857 | AD82: 61.869304 | AE82: 61.869304 | AF82: 61.869304 | AG82: 61.869304 | AH82: 61.869304 | AI82: 61.869304 | AJ82: 61.869304 | AK82: 61.869304 | AL82: 61.869304 | AM82: 61.869304 | AN82: 61.869304
A83: MDF Generator | B83: 0.046086082 | C83: 0.046243671 | D83: 0.04640126 | E83: 0.046558848 | F83: 0.046980396 | G83: 0.047401944 | H83: 0.047823491 | I83: 0.048245039 | J83: 0.048666586 | K83: 0.049020654 | L83: 0.049374721 | M83: 0.049728789 | N83: 0.050082856 | O83: 0.050436923 | P83: 0.05072273 | Q83: 0.051008538 | R83: 0.051294345 | S83: 0.051580152 | T83: 0.051865959 | U83: 0.052085004 | V83: 0.052304049 | W83: 0.052523094 | X83: 0.05274214 | Y83: 0.052961185 | Z83: 0.053116174 | AA83: 0.053271164 | AB83: 0.053426153 | AC83: 0.053581143 | AD83: 0.053736132 | AE83: 0.053736132 | AF83: 0.053736132 | AG83: 0.053736132 | AH83: 0.053736132 | AI83: 0.053736132 | AJ83: 0.053736132 | AK83: 0.053736132 | AL83: 0.053736132 | AM83: 0.053736132 | AN83: 0.053736132
A84: LPG Heat | B84: 84.149875 | C84: 84.437621 | D84: 84.725366 | E84: 85.013112 | F84: 85.782828 | G84: 86.552543 | H84: 87.322259 | I84: 88.091974 | J84: 88.86169 | K84: 89.508192 | L84: 90.154693 | M84: 90.801195 | N84: 91.447697 | O84: 92.094198 | P84: 92.616061 | Q84: 93.137925 | R84: 93.659788 | S84: 94.181651 | T84: 94.703514 | U84: 95.103475 | V84: 95.503436 | W84: 95.903397 | X84: 96.303357 | Y84: 96.703318 | Z84: 96.986318 | AA84: 97.269318 | AB84: 97.552317 | AC84: 97.835317 | AD84: 98.118317 | AE84: 98.118317 | AF84: 98.118317 | AG84: 98.118317 | AH84: 98.118317 | AI84: 98.118317 | AJ84: 98.118317 | AK84: 98.118317 | AL84: 98.118317 | AM84: 98.118317 | AN84: 98.118317
A86: Variable: Non Electricity Consumption: Total Final Energy Consumption (Thousand Gigajoule)
A87: Scenario: Business as Usual
A88: Branch: Demand\Commercial\Hospital\Class B\Non Electricity Consumption\Biomass Heat
A89: Region: Indonesia
A91: Branch | B91: 2022 | C91: 2023 | D91: 2024 | E91: 2025 | F91: 2026 | G91: 2027 | H91: 2028 | I91: 2029 | J91: 2030 | K91: 2031 | L91: 2032 | M91: 2033 | N91: 2034 | O91: 2035 | P91: 2036 | Q91: 2037 | R91: 2038 | S91: 2039 | T91: 2040 | U91: 2041 | V91: 2042 | W91: 2043 | X91: 2044 | Y91: 2045 | Z91: 2046 | AA91: 2047 | AB91: 2048 | AC91: 2049 | AD91: 2050 | AE91: 2051 | AF91: 2052 | AG91: 2053 | AH91: 2054 | AI91: 2055 | AJ91: 2056 | AK91: 2057 | AL91: 2058 | AM91: 2059 | AN91: 2060
A92: Biomass Heat | B92: 1031.2611 | C92: 1034.7875 | D92: 1038.3138 | E92: 1041.8401 | F92: 1051.273 | G92: 1060.7059 | H92: 1070.1388 | I92: 1079.5718 | J92: 1089.0047 | K92: 1096.9276 | L92: 1104.8505 | M92: 1112.7734 | N92: 1120.6963 | O92: 1128.6192 | P92: 1135.0147 | Q92: 1141.4101 | R92: 1147.8056 | S92: 1154.2011 | T92: 1160.5965 | U92: 1165.4981 | V92: 1170.3996 | W92: 1175.3011 | X92: 1180.2027 | Y92: 1185.1042 | Z92: 1188.5724 | AA92: 1192.0406 | AB92: 1195.5087 | AC92: 1198.9769 | AD92: 1202.4451 | AE92: 1202.4451 | AF92: 1202.4451 | AG92: 1202.4451 | AH92: 1202.4451 | AI92: 1202.4451 | AJ92: 1202.4451 | AK92: 1202.4451 | AL92: 1202.4451 | AM92: 1202.4451 | AN92: 1202.4451
A93: Solar Heat | B93: 629.9596 | C93: 632.11371 | D93: 634.26782 | E93: 636.42193 | F93: 642.18415 | G93: 647.94636 | H93: 653.70858 | I93: 659.4708 | J93: 665.23301 | K93: 670.07283 | L93: 674.91264 | M93: 679.75246 | N93: 684.59228 | O93: 689.43209 | P93: 693.33884 | Q93: 697.2456 | R93: 701.15235 | S93: 705.0591 | T93: 708.96586 | U93: 711.96003 | V93: 714.9542 | W93: 717.94837 | X93: 720.94254 | Y93: 723.93671 | Z93: 726.05529 | AA93: 728.17387 | AB93: 730.29246 | AC93: 732.41104 | AD93: 734.52962 | AE93: 734.52962 | AF93: 734.52962 | AG93: 734.52962 | AH93: 734.52962 | AI93: 734.52962 | AJ93: 734.52962 | AK93: 734.52962 | AL93: 734.52962 | AM93: 734.52962 | AN93: 734.52962
A94: Gas Heat | B94: 489.16673 | C94: 490.83941 | D94: 492.51209 | E94: 494.18477 | F94: 498.65915 | G94: 503.13354 | H94: 507.60793 | I94: 512.08232 | J94: 516.55671 | K94: 520.31485 | L94: 524.07299 | M94: 527.83113 | N94: 531.58927 | O94: 535.34742 | P94: 538.38103 | Q94: 541.41464 | R94: 544.44825 | S94: 547.48187 | T94: 550.51548 | U94: 552.84047 | V94: 555.16546 | W94: 557.49044 | X94: 559.81543 | Y94: 562.14042 | Z94: 563.78551 | AA94: 565.4306 | AB94: 567.07569 | AC94: 568.72078 | AD94: 570.36587 | AE94: 570.36587 | AF94: 570.36587 | AG94: 570.36587 | AH94: 570.36587 | AI94: 570.36587 | AJ94: 570.36587 | AK94: 570.36587 | AL94: 570.36587 | AM94: 570.36587 | AN94: 570.36587
A95: Kerosene Heat | B95: 34.305106 | C95: 34.42241 | D95: 34.539715 | E95: 34.657019 | F95: 34.970807 | G95: 35.284594 | H95: 35.598382 | I95: 35.912169 | J95: 36.225956 | K95: 36.489514 | L95: 36.753071 | M95: 37.016628 | N95: 37.280185 | O95: 37.543743 | P95: 37.756489 | Q95: 37.969235 | R95: 38.181981 | S95: 38.394728 | T95: 38.607474 | U95: 38.770525 | V95: 38.933575 | W95: 39.096626 | X95: 39.259677 | Y95: 39.422727 | Z95: 39.538097 | AA95: 39.653467 | AB95: 39.768836 | AC95: 39.884206 | AD95: 39.999575 | AE95: 39.999575 | AF95: 39.999575 | AG95: 39.999575 | AH95: 39.999575 | AI95: 39.999575 | AJ95: 39.999575 | AK95: 39.999575 | AL95: 39.999575 | AM95: 39.999575 | AN95: 39.999575
A96: Gasoil Generator | B96: 26.236268 | C96: 26.325982 | D96: 26.415695 | E96: 26.505408 | F96: 26.745391 | G96: 26.985373 | H96: 27.225355 | I96: 27.465337 | J96: 27.705319 | K96: 27.906886 | L96: 28.108452 | M96: 28.310018 | N96: 28.511585 | O96: 28.713151 | P96: 28.875858 | Q96: 29.038565 | R96: 29.201271 | S96: 29.363978 | T96: 29.526684 | U96: 29.651384 | V96: 29.776084 | W96: 29.900784 | X96: 30.025484 | Y96: 30.150184 | Z96: 30.238417 | AA96: 30.326651 | AB96: 30.414885 | AC96: 30.503119 | AD96: 30.591352 | AE96: 30.591352 | AF96: 30.591352 | AG96: 30.591352 | AH96: 30.591352 | AI96: 30.591352 | AJ96: 30.591352 | AK96: 30.591352 | AL96: 30.591352 | AM96: 30.591352 | AN96: 30.591352
A97: Biogasoil Generator | B97: 268.96577 | C97: 269.88548 | D97: 270.8052 | E97: 271.72491 | F97: 274.18513 | G97: 276.64535 | H97: 279.10557 | I97: 281.56579 | J97: 284.02601 | K97: 286.0924 | L97: 288.15879 | M97: 290.22519 | N97: 292.29158 | O97: 294.35798 | P97: 296.02599 | Q97: 297.69401 | R97: 299.36202 | S97: 301.03004 | T97: 302.69806 | U97: 303.97644 | V97: 305.25482 | W97: 306.53321 | X97: 307.81159 | Y97: 309.08997 | Z97: 309.99451 | AA97: 310.89906 | AB97: 311.8036 | AC97: 312.70815 | AD97: 313.61269 | AE97: 313.61269 | AF97: 313.61269 | AG97: 313.61269 | AH97: 313.61269 | AI97: 313.61269 | AJ97: 313.61269 | AK97: 313.61269 | AL97: 313.61269 | AM97: 313.61269 | AN97: 313.61269
A98: MDF Generator | B98: 0.23360825 | C98: 0.23440706 | D98: 0.23520587 | E98: 0.23600468 | F98: 0.23814149 | G98: 0.2402783 | H98: 0.2424151 | I98: 0.24455191 | J98: 0.24668871 | K98: 0.24848346 | L98: 0.25027822 | M98: 0.25207297 | N98: 0.25386772 | O98: 0.25566247 | P98: 0.25711121 | Q98: 0.25855996 | R98: 0.2600087 | S98: 0.26145744 | T98: 0.26290619 | U98: 0.26401652 | V98: 0.26512685 | W98: 0.26623718 | X98: 0.26734751 | Y98: 0.26845784 | Z98: 0.26924347 | AA98: 0.27002911 | AB98: 0.27081474 | AC98: 0.27160038 | AD98: 0.27238601 | AE98: 0.27238601 | AF98: 0.27238601 | AG98: 0.27238601 | AH98: 0.27238601 | AI98: 0.27238601 | AJ98: 0.27238601 | AK98: 0.27238601 | AL98: 0.27238601 | AM98: 0.27238601 | AN98: 0.27238601
A99: LPG Heat | B99: 426.55189 | C99: 428.01046 | D99: 429.46903 | E99: 430.9276 | F99: 434.82925 | G99: 438.7309 | H99: 442.63256 | I99: 446.53421 | J99: 450.43586 | K99: 453.71295 | L99: 456.99004 | M99: 460.26713 | N99: 463.54421 | O99: 466.8213 | P99: 469.4666 | Q99: 472.1119 | R99: 474.7572 | S99: 477.4025 | T99: 480.04781 | U99: 482.07519 | V99: 484.10257 | W99: 486.12995 | X99: 488.15734 | Y99: 490.18472 | Z99: 491.61923 | AA99: 493.05375 | AB99: 494.48826 | AC99: 495.92277 | AD99: 497.35728 | AE99: 497.35728 | AF99: 497.35728 | AG99: 497.35728 | AH99: 497.35728 | AI99: 497.35728 | AJ99: 497.35728 | AK99: 497.35728 | AL99: 497.35728 | AM99: 497.35728 | AN99: 497.35728
A101: Variable: Non Electricity Consumption: Total Final Energy Consumption (Thousand Gigajoule)
A102: Scenario: Business as Usual
A103: Branch: Demand\Commercial\Hospital\Class C\Non Electricity Consumption\Biomass Heat
A104: Region: Indonesia
A106: Branch | B106: 2022 | C106: 2023 | D106: 2024 | E106: 2025 | F106: 2026 | G106: 2027 | H106: 2028 | I106: 2029 | J106: 2030 | K106: 2031 | L106: 2032 | M106: 2033 | N106: 2034 | O106: 2035 | P106: 2036 | Q106: 2037 | R106: 2038 | S106: 2039 | T106: 2040 | U106: 2041 | V106: 2042 | W106: 2043 | X106: 2044 | Y106: 2045 | Z106: 2046 | AA106: 2047 | AB106: 2048 | AC106: 2049 | AD106: 2050 | AE106: 2051 | AF106: 2052 | AG106: 2053 | AH106: 2054 | AI106: 2055 | AJ106: 2056 | AK106: 2057 | AL106: 2058 | AM106: 2059 | AN106: 2060
A107: Biomass Heat | B107: 664.47219 | C107: 666.74431 | D107: 669.01644 | E107: 671.28856 | F107: 677.36646 | G107: 683.44436 | H107: 689.52227 | I107: 695.60017 | J107: 701.67807 | K107: 706.78303 | L107: 711.888 | M107: 716.99297 | N107: 722.09794 | O107: 727.2029 | P107: 731.32369 | Q107: 735.44448 | R107: 739.56526 | S107: 743.68605 | T107: 747.80683 | U107: 750.96504 | V107: 754.12325 | W107: 757.28146 | X107: 760.43966 | Y107: 763.59787 | Z107: 765.83252 | AA107: 768.06717 | AB107: 770.30182 | AC107: 772.53647 | AD107: 774.77112 | AE107: 774.77112 | AF107: 774.77112 | AG107: 774.77112 | AH107: 774.77112 | AI107: 774.77112 | AJ107: 774.77112 | AK107: 774.77112 | AL107: 774.77112 | AM107: 774.77112 | AN107: 774.77112
A108: Solar Heat | B108: 405.90169 | C108: 407.28965 | D108: 408.67761 | E108: 410.06557 | F108: 413.77833 | G108: 417.4911 | H108: 421.20387 | I108: 424.91663 | J108: 428.6294 | K108: 431.74784 | L108: 434.86628 | M108: 437.98471 | N108: 441.10315 | O108: 444.22159 | P108: 446.73882 | Q108: 449.25606 | R108: 451.7733 | S108: 454.29054 | T108: 456.80777 | U108: 458.73701 | V108: 460.66624 | W108: 462.59547 | X108: 464.52471 | Y108: 466.45394 | Z108: 467.819 | AA108: 469.18407 | AB108: 470.54913 | AC108: 471.9142 | AD108: 473.27926 | AE108: 473.27926 | AF108: 473.27926 | AG108: 473.27926 | AH108: 473.27926 | AI108: 473.27926 | AJ108: 473.27926 | AK108: 473.27926 | AL108: 473.27926 | AM108: 473.27926 | AN108: 473.27926
A109: Gas Heat | B109: 315.18466 | C109: 316.26242 | D109: 317.34018 | E109: 318.41793 | F109: 321.30091 | G109: 324.1839 | H109: 327.06688 | I109: 329.94986 | J109: 332.83284 | K109: 335.25432 | L109: 337.67581 | M109: 340.09729 | N109: 342.51877 | O109: 344.94025 | P109: 346.8949 | Q109: 348.84954 | R109: 350.80419 | S109: 352.75884 | T109: 354.71349 | U109: 356.21154 | V109: 357.7096 | W109: 359.20766 | X109: 360.70572 | Y109: 362.20378 | Z109: 363.26376 | AA109: 364.32374 | AB109: 365.38372 | AC109: 366.4437 | AD109: 367.50368 | AE109: 367.50368 | AF109: 367.50368 | AG109: 367.50368 | AH109: 367.50368 | AI109: 367.50368 | AJ109: 367.50368 | AK109: 367.50368 | AL109: 367.50368 | AM109: 367.50368 | AN109: 367.50368
A110: Kerosene Heat | B110: 22.103799 | C110: 22.179382 | D110: 22.254965 | E110: 22.330547 | F110: 22.53273 | G110: 22.734913 | H110: 22.937095 | I110: 23.139278 | J110: 23.34146 | K110: 23.511278 | L110: 23.681096 | M110: 23.850914 | N110: 24.020731 | O110: 24.190549 | P110: 24.327628 | Q110: 24.464707 | R110: 24.601785 | S110: 24.738864 | T110: 24.875943 | U110: 24.981001 | V110: 25.08606 | W110: 25.191118 | X110: 25.296177 | Y110: 25.401235 | Z110: 25.475571 | AA110: 25.549907 | AB110: 25.624243 | AC110: 25.698579 | AD110: 25.772915 | AE110: 25.772915 | AF110: 25.772915 | AG110: 25.772915 | AH110: 25.772915 | AI110: 25.772915 | AJ110: 25.772915 | AK110: 25.772915 | AL110: 25.772915 | AM110: 25.772915 | AN110: 25.772915
A111: Gasoil Generator | B111: 16.904807 | C111: 16.962612 | D111: 17.020417 | E111: 17.078222 | F111: 17.23285 | G111: 17.387478 | H111: 17.542105 | I111: 17.696733 | J111: 17.851361 | K111: 17.981236 | L111: 18.111111 | M111: 18.240986 | N111: 18.370861 | O111: 18.500737 | P111: 18.605573 | Q111: 18.71041 | R111: 18.815247 | S111: 18.920084 | T111: 19.02492 | U111: 19.105268 | V111: 19.185616 | W111: 19.265964 | X111: 19.346312 | Y111: 19.426659 | Z111: 19.483511 | AA111: 19.540363 | AB111: 19.597214 | AC111: 19.654066 | AD111: 19.710918 | AE111: 19.710918 | AF111: 19.710918 | AG111: 19.710918 | AH111: 19.710918 | AI111: 19.710918 | AJ111: 19.710918 | AK111: 19.710918 | AL111: 19.710918 | AM111: 19.710918 | AN111: 19.710918
A112: Biogasoil Generator | B112: 173.30264 | C112: 173.89524 | D112: 174.48784 | E112: 175.08043 | F112: 176.66563 | G112: 178.25082 | H112: 179.83601 | I112: 181.4212 | J112: 183.0064 | K112: 184.33784 | L112: 185.66928 | M112: 187.00071 | N112: 188.33215 | O112: 189.66359 | P112: 190.73835 | Q112: 191.8131 | R112: 192.88785 | S112: 193.9626 | T112: 195.03735 | U112: 195.86105 | V112: 196.68475 | W112: 197.50845 | X112: 198.33215 | Y112: 199.15585 | Z112: 199.73868 | AA112: 200.3215 | AB112: 200.90433 | AC112: 201.48715 | AD112: 202.06998 | AE112: 202.06998 | AF112: 202.06998 | AG112: 202.06998 | AH112: 202.06998 | AI112: 202.06998 | AJ112: 202.06998 | AK112: 202.06998 | AL112: 202.06998 | AM112: 202.06998 | AN112: 202.06998
A113: MDF Generator | B113: 0.15052074 | C113: 0.15103544 | D113: 0.15155014 | E113: 0.15206483 | F113: 0.15344164 | G113: 0.15481845 | H113: 0.15619525 | I113: 0.15757206 | J113: 0.15894887 | K113: 0.16010528 | L113: 0.16126169 | M113: 0.1624181 | N113: 0.16357452 | O113: 0.16473093 | P113: 0.1656644 | Q113: 0.16659786 | R113: 0.16753133 | S113: 0.1684648 | T113: 0.16939827 | U113: 0.17011369 | V113: 0.17082911 | W113: 0.17154453 | X113: 0.17225994 | Y113: 0.17297536 | Z113: 0.17348157 | AA113: 0.17398778 | AB113: 0.17449399 | AC113: 0.17500019 | AD113: 0.1755064 | AE113: 0.1755064 | AF113: 0.1755064 | AG113: 0.1755064 | AH113: 0.1755064 | AI113: 0.1755064 | AJ113: 0.1755064 | AK113: 0.1755064 | AL113: 0.1755064 | AM113: 0.1755064 | AN113: 0.1755064
...

Sheet Commercial-Conversion
A1: Variable: Non Electricity Consumption: Total Final Energy Consumption (Gigajoule)
A2: Scenario: Business as Usual
A3: Branch: Demand\Commercial\Office\Conventional Office\Non Electricity Consumption\Gasoil Generator
A4: Region: Indonesia
A6: Branch | B6: 2022 | C6: 2023 | D6: 2024 | E6: 2025 | F6: 2026 | G6: 2027 | H6: 2028 | I6: 2029 | J6: 2030 | K6: 2031 | L6: 2032 | M6: 2033 | N6: 2034 | O6: 2035 | P6: 2036 | Q6: 2037 | R6: 2038 | S6: 2039 | T6: 2040 | U6: 2041 | V6: 2042 | W6: 2043 | X6: 2044 | Y6: 2045 | Z6: 2046 | AA6: 2047 | AB6: 2048 | AC6: 2049 | AD6: 2050 | AE6: 2051 | AF6: 2052 | AG6: 2053 | AH6: 2054 | AI6: 2055 | AJ6: 2056 | AK6: 2057 | AL6: 2058 | AM6: 2059 | AN6: 2060
A7: Gasoil Generator | B7: =Commercial!B7*Commercial!$B$5 -> 328187.75 | C7: =Commercial!C7*Commercial!$B$5 -> 344625.01 | D7: =Commercial!D7*Commercial!$B$5 -> 347973.8 | E7: =Commercial!E7*Commercial!$B$5 -> 351337.36 | F7: =Commercial!F7*Commercial!$B$5 -> 356719.91 | G7: =Commercial!G7*Commercial!$B$5 -> 362141.97 | H7: =Commercial!H7*Commercial!$B$5 -> 367603.54 | I7: =Commercial!I7*Commercial!$B$5 -> 373104.62 | ... AN7: =Commercial!AN7*Commercial!$B$5 -> 493631.05
A8: Biogasoil Generator | B8: =Commercial!B8*Commercial!$B$5 -> 3364475.1 | C8: =Commercial!C8*Commercial!$B$5 -> 3532984.6 | D8: =Commercial!D8*Commercial!$B$5 -> 3567315.3 | E8: =Commercial!E8*Commercial!$B$5 -> 3601797.4 | F8: =Commercial!F8*Commercial!$B$5 -> 3656977.6 | G8: =Commercial!G8*Commercial!$B$5 -> 3712562.9 | H8: =Commercial!H8*Commercial!$B$5 -> 3768553.1 | I8: =Commercial!I8*Commercial!$B$5 -> 3824948.4 | ... AN8: =Commercial!AN8*Commercial!$B$5 -> 5060546.5
A9: MDF Generator | B9: =Commercial!B9*Commercial!$B$5 -> 2922.1903 | C9: =Commercial!C9*Commercial!$B$5 -> 3068.548 | D9: =Commercial!D9*Commercial!$B$5 -> 3098.3657 | E9: =Commercial!E9*Commercial!$B$5 -> 3128.3148 | F9: =Commercial!F9*Commercial!$B$5 -> 3176.2412 | G9: =Commercial!G9*Commercial!$B$5 -> 3224.5193 | H9: =Commercial!H9*Commercial!$B$5 -> 3273.1493 | I9: =Commercial!I9*Commercial!$B$5 -> 3322.131 | ... AN9: =Commercial!AN9*Commercial!$B$5 -> 4395.3007
A11: Variable: Non Electricity Consumption: Total Final Energy Consumption (Gigajoule)
A12: Scenario: Business as Usual
A13: Branch: Demand\Commercial\Hotel\Five Star\Non Electricity Consumption\Biomass Heat
A14: Region: Indonesia
A16: Branch | B16: 2022 | C16: 2023 | D16: 2024 | E16: 2025 | F16: 2026 | G16: 2027 | H16: 2028 | I16: 2029 | J16: 2030 | K16: 2031 | L16: 2032 | M16: 2033 | N16: 2034 | O16: 2035 | P16: 2036 | Q16: 2037 | R16: 2038 | S16: 2039 | T16: 2040 | U16: 2041 | V16: 2042 | W16: 2043 | X16: 2044 | Y16: 2045 | Z16: 2046 | AA16: 2047 | AB16: 2048 | AC16: 2049 | AD16: 2050 | AE16: 2051 | AF16: 2052 | AG16: 2053 | AH16: 2054 | AI16: 2055 | AJ16: 2056 | AK16: 2057 | AL16: 2058 | AM16: 2059 | AN16: 2060
A17: Biomass Heat | B17: =Commercial!B17*Commercial!$B$5 -> 660230.83 | C17: =Commercial!C17*Commercial!$B$5 -> 703320.55 | D17: =Commercial!D17*Commercial!$B$5 -> 749222.5 | E17: =Commercial!E17*Commercial!$B$5 -> 798120.23 | F17: =Commercial!F17*Commercial!$B$5 -> 850209.25 | G17: =Commercial!G17*Commercial!$B$5 -> 905697.84 | H17: =Commercial!H17*Commercial!$B$5 -> 964807.87 | I17: =Commercial!I17*Commercial!$B$5 -> 1027775.7 | ... AN17: =Commercial!AN17*Commercial!$B$5 -> 7295936.3
A18: Solar Heat | B18: =Commercial!B18*Commercial!$B$5 -> 403310.8 | C18: =Commercial!C18*Commercial!$B$5 -> 429632.73 | D18: =Commercial!D18*Commercial!$B$5 -> 457672.55 | E18: =Commercial!E18*Commercial!$B$5 -> 487542.38 | F18: =Commercial!F18*Commercial!$B$5 -> 519361.65 | G18: =Commercial!G18*Commercial!$B$5 -> 553257.6 | H18: =Commercial!H18*Commercial!$B$5 -> 589365.75 | I18: =Commercial!I18*Commercial!$B$5 -> 627830.49 | ... AN18: =Commercial!AN18*Commercial!$B$5 -> 4456820
A19: Gas Heat | B19: =Commercial!B19*Commercial!$B$5 -> 313172.83 | C19: =Commercial!C19*Commercial!$B$5 -> 333611.93 | D19: =Commercial!D19*Commercial!$B$5 -> 355384.99 | E19: =Commercial!E19*Commercial!$B$5 -> 378579.06 | F19: =Commercial!F19*Commercial!$B$5 -> 403286.88 | G19: =Commercial!G19*Commercial!$B$5 -> 429607.25 | H19: =Commercial!H19*Commercial!$B$5 -> 457645.41 | I19: =Commercial!I19*Commercial!$B$5 -> 487513.46 | ... AN19: =Commercial!AN19*Commercial!$B$5 -> 3460742.7
A20: Kerosene Heat | B20: =Commercial!B20*Commercial!$B$5 -> 21962.71 | C20: =Commercial!C20*Commercial!$B$5 -> 23396.098 | D20: =Commercial!D20*Commercial!$B$5 -> 24923.036 | E20: =Commercial!E20*Commercial!$B$5 -> 26549.628 | F20: =Commercial!F20*Commercial!$B$5 -> 28282.38 | G20: =Commercial!G20*Commercial!$B$5 -> 30128.219 | H20: =Commercial!H20*Commercial!$B$5 -> 32094.526 | I20: =Commercial!I20*Commercial!$B$5 -> 34189.163 | ... AN20: =Commercial!AN20*Commercial!$B$5 -> 242700.77
A21: Gasoil Generator | B21: =Commercial!B21*Commercial!$B$5 -> 16796.903 | C21: =Commercial!C21*Commercial!$B$5 -> 17893.147 | D21: =Commercial!D21*Commercial!$B$5 -> 19060.936 | E21: =Commercial!E21*Commercial!$B$5 -> 20304.941 | F21: =Commercial!F21*Commercial!$B$5 -> 21630.136 | G21: =Commercial!G21*Commercial!$B$5 -> 23041.818 | H21: =Commercial!H21*Commercial!$B$5 -> 24545.634 | I21: =Commercial!I21*Commercial!$B$5 -> 26147.596 | ... AN21: =Commercial!AN21*Commercial!$B$5 -> 185615.59
A22: Biogasoil Generator | B22: =Commercial!B22*Commercial!$B$5 -> 172196.44 | C22: =Commercial!C22*Commercial!$B$5 -> 183434.78 | D22: =Commercial!D22*Commercial!$B$5 -> 195406.58 | E22: =Commercial!E22*Commercial!$B$5 -> 208159.72 | F22: =Commercial!F22*Commercial!$B$5 -> 221745.18 | G22: =Commercial!G22*Commercial!$B$5 -> 236217.3 | H22: =Commercial!H22*Commercial!$B$5 -> 251633.93 | I22: =Commercial!I22*Commercial!$B$5 -> 268056.73 | ... AN22: =Commercial!AN22*Commercial!$B$5 -> 1902871.2
A23: MDF Generator | B23: =Commercial!B23*Commercial!$B$5 -> 149.55996 | C23: =Commercial!C23*Commercial!$B$5 -> 159.32094 | D23: =Commercial!D23*Commercial!$B$5 -> 169.71896 | E23: =Commercial!E23*Commercial!$B$5 -> 180.7956 | F23: =Commercial!F23*Commercial!$B$5 -> 192.59516 | G23: =Commercial!G23*Commercial!$B$5 -> 205.16481 | H23: =Commercial!H23*Commercial!$B$5 -> 218.55481 | I23: =Commercial!I23*Commercial!$B$5 -> 232.81871 | ... AN23: =Commercial!AN23*Commercial!$B$5 -> 1652.7249
A24: LPG Heat | B24: =Commercial!B24*Commercial!$B$5 -> 273085.74 | C24: =Commercial!C24*Commercial!$B$5 -> 290908.58 | D24: =Commercial!D24*Commercial!$B$5 -> 309894.62 | E24: =Commercial!E24*Commercial!$B$5 -> 330119.78 | F24: =Commercial!F24*Commercial!$B$5 -> 351664.92 | G24: =Commercial!G24*Commercial!$B$5 -> 374616.2 | H24: =Commercial!H24*Commercial!$B$5 -> 399065.39 | I24: =Commercial!I24*Commercial!$B$5 -> 425110.24 | ... AN24: =Commercial!AN24*Commercial!$B$5 -> 3017757
A26: Variable: Non Electricity Consumption: Total Final Energy Consumption (Gigajoule)
A27: Scenario: Business as Usual
A28: Branch: Demand\Commercial\Hotel\Four Star\Non Electricity Consumption\Biomass Heat
A29: Region: Indonesia
A31: Branch | B31: 2022 | C31: 2023 | D31: 2024 | E31: 2025 | F31: 2026 | G31: 2027 | H31: 2028 | I31: 2029 | J31: 2030 | K31: 2031 | L31: 2032 | M31: 2033 | N31: 2034 | O31: 2035 | P31: 2036 | Q31: 2037 | R31: 2038 | S31: 2039 | T31: 2040 | U31: 2041 | V31: 2042 | W31: 2043 | X31: 2044 | Y31: 2045 | Z31: 2046 | AA31: 2047 | AB31: 2048 | AC31: 2049 | AD31: 2050 | AE31: 2051 | AF31: 2052 | AG31: 2053 | AH31: 2054 | AI31: 2055 | AJ31: 2056 | AK31: 2057 | AL31: 2058 | AM31: 2059 | AN31: 2060
A32: Biomass Heat | B32: =Commercial!B32*Commercial!$B$30 -> 1447119.3 | C32: =Commercial!C32*Commercial!$B$30 -> 1541564.9 | D32: =Commercial!D32*Commercial!$B$30 -> 1642174.6 | E32: =Commercial!E32*Commercial!$B$30 -> 1749350.5 | F32: =Commercial!F32*Commercial!$B$30 -> 1863521.2 | G32: =Commercial!G32*Commercial!$B$30 -> 1985143.3 | H32: =Commercial!H32*Commercial!$B$30 -> 2114702.9 | I32: =Commercial!I32*Commercial!$B$30 -> 2252718.2 | ... AN32: =Commercial!AN32*Commercial!$B$30 -> 15991513
A33: Solar Heat | B33: =Commercial!B33*Commercial!$B$30 -> 883992.09 | C33: =Commercial!C33*Commercial!$B$30 -> 941685.5 | D33: =Commercial!D33*Commercial!$B$30 -> 1003144.3 | E33: =Commercial!E33*Commercial!$B$30 -> 1068614.1 | F33: =Commercial!F33*Commercial!$B$30 -> 1138356.8 | G33: =Commercial!G33*Commercial!$B$30 -> 1212651.2 | H33: =Commercial!H33*Commercial!$B$30 -> 1291794.4 | I33: =Commercial!I33*Commercial!$B$30 -> 1376102.9 | ... AN33: =Commercial!AN33*Commercial!$B$30 -> 9768628.9
A34: Gas Heat | B34: =Commercial!B34*Commercial!$B$30 -> 686424.21 | C34: =Commercial!C34*Commercial!$B$30 -> 731223.43 | D34: =Commercial!D34*Commercial!$B$30 -> 778946.45 | E34: =Commercial!E34*Commercial!$B$30 -> 829784.1 | F34: =Commercial!F34*Commercial!$B$30 -> 883939.65 | G34: =Commercial!G34*Commercial!$B$30 -> 941629.64 | H34: =Commercial!H34*Commercial!$B$30 -> 1003084.8 | I34: =Commercial!I34*Commercial!$B$30 -> 1068550.7 | ... AN34: =Commercial!AN34*Commercial!$B$30 -> 7585388.4
A35: Kerosene Heat | B35: =Commercial!B35*Commercial!$B$30 -> 48138.71 | C35: =Commercial!C35*Commercial!$B$30 -> 51280.464 | D35: =Commercial!D35*Commercial!$B$30 -> 54627.265 | E35: =Commercial!E35*Commercial!$B$30 -> 58192.493 | F35: =Commercial!F35*Commercial!$B$30 -> 61990.404 | G35: =Commercial!G35*Commercial!$B$30 -> 66036.185 | H35: =Commercial!H35*Commercial!$B$30 -> 70346.012 | I35: =Commercial!I35*Commercial!$B$30 -> 74937.118 | ... AN35: =Commercial!AN35*Commercial!$B$30 -> 531960.86
A36: Gasoil Generator | B36: =Commercial!B36*Commercial!$B$30 -> 36816.096 | C36: =Commercial!C36*Commercial!$B$30 -> 39218.885 | D36: =Commercial!D36*Commercial!$B$30 -> 41778.491 | E36: =Commercial!E36*Commercial!$B$30 -> 44505.149 | F36: =Commercial!F36*Commercial!$B$30 -> 47409.761 | G36: =Commercial!G36*Commercial!$B$30 -> 50503.941 | H36: =Commercial!H36*Commercial!$B$30 -> 53800.062 | I36: =Commercial!I36*Commercial!$B$30 -> 57311.303 | ... AN36: =Commercial!AN36*Commercial!$B$30 -> 406839.37
A37: Biogasoil Generator | B37: =Commercial!B37*Commercial!$B$30 -> 377426.76 | C37: =Commercial!C37*Commercial!$B$30 -> 402059.38 | D37: =Commercial!D37*Commercial!$B$30 -> 428299.63 | E37: =Commercial!E37*Commercial!$B$30 -> 456252.45 | F37: =Commercial!F37*Commercial!$B$30 -> 486029.59 | G37: =Commercial!G37*Commercial!$B$30 -> 517750.13 | H37: =Commercial!H37*Commercial!$B$30 -> 551540.9 | I37: =Commercial!I37*Commercial!$B$30 -> 587537.02 | ... AN37: =Commercial!AN37*Commercial!$B$30 -> 4170786.2
A38: MDF Generator | B38: =Commercial!B38*Commercial!$B$30 -> 327.81126 | C38: =Commercial!C38*Commercial!$B$30 -> 349.20574 | D38: =Commercial!D38*Commercial!$B$30 -> 371.99652 | E38: =Commercial!E38*Commercial!$B$30 -> 396.27473 | F38: =Commercial!F38*Commercial!$B$30 -> 422.13745 | G38: =Commercial!G38*Commercial!$B$30 -> 449.6881 | H38: =Commercial!H38*Commercial!$B$30 -> 479.03682 | I38: =Commercial!I38*Commercial!$B$30 -> 510.30098 | ... AN38: =Commercial!AN38*Commercial!$B$30 -> 3622.5058
A39: LPG Heat | B39: =Commercial!B39*Commercial!$B$30 -> 598559.8 | C39: =Commercial!C39*Commercial!$B$30 -> 637624.58 | D39: =Commercial!D39*Commercial!$B$30 -> 679238.91 | E39: =Commercial!E39*Commercial!$B$30 -> 723569.19 | F39: =Commercial!F39*Commercial!$B$30 -> 770792.66 | G39: =Commercial!G39*Commercial!$B$30 -> 821098.16 | H39: =Commercial!H39*Commercial!$B$30 -> 874686.82 | I39: =Commercial!I39*Commercial!$B$30 -> 931772.93 | ... AN39: =Commercial!AN39*Commercial!$B$30 -> 6614435.4
A41: Variable: Non Electricity Consumption: Total Final Energy Consumption (Gigajoule)
A42: Scenario: Business as Usual
A43: Branch: Demand\Commercial\Hotel\Three Star\Non Electricity Consumption\Biomass Heat
A44: Region: Indonesia
A46: Branch | B46: 2022 | C46: 2023 | D46: 2024 | E46: 2025 | F46: 2026 | G46: 2027 | H46: 2028 | I46: 2029 | J46: 2030 | K46: 2031 | L46: 2032 | M46: 2033 | N46: 2034 | O46: 2035 | P46: 2036 | Q46: 2037 | R46: 2038 | S46: 2039 | T46: 2040 | U46: 2041 | V46: 2042 | W46: 2043 | X46: 2044 | Y46: 2045 | Z46: 2046 | AA46: 2047 | AB46: 2048 | AC46: 2049 | AD46: 2050 | AE46: 2051 | AF46: 2052 | AG46: 2053 | AH46: 2054 | AI46: 2055 | AJ46: 2056 | AK46: 2057 | AL46: 2058 | AM46: 2059 | AN46: 2060
A47: Biomass Heat | B47: =Commercial!B47*Commercial!$B$30 -> 1086472.7 | C47: =Commercial!C47*Commercial!$B$30 -> 1157381 | D47: =Commercial!D47*Commercial!$B$30 -> 1232917 | E47: =Commercial!E47*Commercial!$B$30 -> 1313382.9 | F47: =Commercial!F47*Commercial!$B$30 -> 1399100.3 | G47: =Commercial!G47*Commercial!$B$30 -> 1490412.1 | H47: =Commercial!H47*Commercial!$B$30 -> 1587683.3 | I47: =Commercial!I47*Commercial!$B$30 -> 1691302.8 | ... AN47: =Commercial!AN47*Commercial!$B$30 -> 12006158
A48: Solar Heat | B48: =Commercial!B48*Commercial!$B$30 -> 663686.35 | C48: =Commercial!C48*Commercial!$B$30 -> 707001.59 | D48: =Commercial!D48*Commercial!$B$30 -> 753143.79 | E48: =Commercial!E48*Commercial!$B$30 -> 802297.44 | F48: =Commercial!F48*Commercial!$B$30 -> 854659.08 | G48: =Commercial!G48*Commercial!$B$30 -> 910438.08 | H48: =Commercial!H48*Commercial!$B$30 -> 969857.49 | I48: =Commercial!I48*Commercial!$B$30 -> 1033154.9 | ... AN48: =Commercial!AN48*Commercial!$B$30 -> 7334121.8
A49: Gas Heat | B49: =Commercial!B49*Commercial!$B$30 -> 515355.72 | C49: =Commercial!C49*Commercial!$B$30 -> 548990.22 | D49: =Commercial!D49*Commercial!$B$30 -> 584819.86 | E49: =Commercial!E49*Commercial!$B$30 -> 622987.91 | F49: =Commercial!F49*Commercial!$B$30 -> 663646.98 | G49: =Commercial!G49*Commercial!$B$30 -> 706959.66 | H49: =Commercial!H49*Commercial!$B$30 -> 753099.11 | I49: =Commercial!I49*Commercial!$B$30 -> 802249.85 | ... AN49: =Commercial!AN49*Commercial!$B$30 -> 5694981.7
A50: Kerosene Heat | B50: =Commercial!B50*Commercial!$B$30 -> 36141.731 | C50: =Commercial!C50*Commercial!$B$30 -> 38500.508 | D50: =Commercial!D50*Commercial!$B$30 -> 41013.229 | E50: =Commercial!E50*Commercial!$B$30 -> 43689.942 | F50: =Commercial!F50*Commercial!$B$30 -> 46541.35 | G50: =Commercial!G50*Commercial!$B$30 -> 49578.854 | H50: =Commercial!H50*Commercial!$B$30 -> 52814.599 | I50: =Commercial!I50*Commercial!$B$30 -> 56261.525 | ... AN50: =Commercial!AN50*Commercial!$B$30 -> 399387.24
A51: Gasoil Generator | B51: =Commercial!B51*Commercial!$B$30 -> 27640.904 | C51: =Commercial!C51*Commercial!$B$30 -> 29444.878 | D51: =Commercial!D51*Commercial!$B$30 -> 31366.587 | E51: =Commercial!E51*Commercial!$B$30 -> 33413.715 | F51: =Commercial!F51*Commercial!$B$30 -> 35594.449 | G51: =Commercial!G51*Commercial!$B$30 -> 37917.507 | H51: =Commercial!H51*Commercial!$B$30 -> 40392.179 | I51: =Commercial!I51*Commercial!$B$30 -> 43028.36 | ... AN51: =Commercial!AN51*Commercial!$B$30 -> 305448.14
A52: Biogasoil Generator | B52: =Commercial!B52*Commercial!$B$30 -> 283365.65 | C52: =Commercial!C52*Commercial!$B$30 -> 301859.4 | D52: =Commercial!D52*Commercial!$B$30 -> 321560.14 | E52: =Commercial!E52*Commercial!$B$30 -> 342546.64 | F52: =Commercial!F52*Commercial!$B$30 -> 364902.82 | G52: =Commercial!G52*Commercial!$B$30 -> 388718.07 | H52: =Commercial!H52*Commercial!$B$30 -> 414087.61 | I52: =Commercial!I52*Commercial!$B$30 -> 441112.88 | ... AN52: =Commercial!AN52*Commercial!$B$30 -> 3131355.9
A53: MDF Generator | B53: =Commercial!B53*Commercial!$B$30 -> 246.11516 | C53: =Commercial!C53*Commercial!$B$30 -> 262.17778 | D53: =Commercial!D53*Commercial!$B$30 -> 279.28871 | E53: =Commercial!E53*Commercial!$B$30 -> 297.51639 | F53: =Commercial!F53*Commercial!$B$30 -> 316.93368 | G53: =Commercial!G53*Commercial!$B$30 -> 337.61824 | H53: =Commercial!H53*Commercial!$B$30 -> 359.65277 | I53: =Commercial!I53*Commercial!$B$30 -> 383.12537 | ... AN53: =Commercial!AN53*Commercial!$B$30 -> 2719.7163
A54: LPG Heat | B54: =Commercial!B54*Commercial!$B$30 -> 449388.6 | C54: =Commercial!C54*Commercial!$B$30 -> 478717.78 | D54: =Commercial!D54*Commercial!$B$30 -> 509961.12 | E54: =Commercial!E54*Commercial!$B$30 -> 543243.54 | F54: =Commercial!F54*Commercial!$B$30 -> 578698.13 | G54: =Commercial!G54*Commercial!$B$30 -> 616466.65 | H54: =Commercial!H54*Commercial!$B$30 -> 656700.11 | I54: =Commercial!I54*Commercial!$B$30 -> 699559.4 | ... AN54: =Commercial!AN54*Commercial!$B$30 -> 4966006.6
A56: Variable: Non Electricity Consumption: Total Final Energy Consumption (Gigajoule)
A57: Scenario: Business as Usual
A58: Branch: Demand\Commercial\Hotel\Budget\Non Electricity Consumption\Biomass Heat
A59: Region: Indonesia
A61: Branch | B61: 2022 | C61: 2023 | D61: 2024 | E61: 2025 | F61: 2026 | G61: 2027 | H61: 2028 | I61: 2029 | J61: 2030 | K61: 2031 | L61: 2032 | M61: 2033 | N61: 2034 | O61: 2035 | P61: 2036 | Q61: 2037 | R61: 2038 | S61: 2039 | T61: 2040 | U61: 2041 | V61: 2042 | W61: 2043 | X61: 2044 | Y61: 2045 | Z61: 2046 | AA61: 2047 | AB61: 2048 | AC61: 2049 | AD61: 2050 | AE61: 2051 | AF61: 2052 | AG61: 2053 | AH61: 2054 | AI61: 2055 | AJ61: 2056 | AK61: 2057 | AL61: 2058 | AM61: 2059 | AN61: 2060
A62: Biomass Heat | B62: =Commercial!B62*Commercial!$B$30 -> 1817268 | C62: =Commercial!C62*Commercial!$B$30 -> 1935871.3 | D62: =Commercial!D62*Commercial!$B$30 -> 2062215.2 | E62: =Commercial!E62*Commercial!$B$30 -> 2196804.9 | F62: =Commercial!F62*Commercial!$B$30 -> 2340178.5 | G62: =Commercial!G62*Commercial!$B$30 -> 2492909.4 | H62: =Commercial!H62*Commercial!$B$30 -> 2655608.2 | I62: =Commercial!I62*Commercial!$B$30 -> 2828925.5 | ... AN62: =Commercial!AN62*Commercial!$B$30 -> 20081872
A63: Solar Heat | B63: =Commercial!B63*Commercial!$B$30 -> 1110102.4 | C63: =Commercial!C63*Commercial!$B$30 -> 1182552.8 | D63: =Commercial!D63*Commercial!$B$30 -> 1259731.6 | E63: =Commercial!E63*Commercial!$B$30 -> 1341947.6 | F63: =Commercial!F63*Commercial!$B$30 -> 1429529.3 | G63: =Commercial!G63*Commercial!$B$30 -> 1522827 | H63: =Commercial!H63*Commercial!$B$30 -> 1622213.7 | I63: =Commercial!I63*Commercial!$B$30 -> 1728086.9 | ... AN63: =Commercial!AN63*Commercial!$B$30 -> 12267279
A64: Gas Heat | B64: =Commercial!B64*Commercial!$B$30 -> 861999.95 | C64: =Commercial!C64*Commercial!$B$30 -> 918258.05 | D64: =Commercial!D64*Commercial!$B$30 -> 978187.82 | E64: =Commercial!E64*Commercial!$B$30 -> 1042028.9 | F64: =Commercial!F64*Commercial!$B$30 -> 1110036.5 | G64: =Commercial!G64*Commercial!$B$30 -> 1182482.6 | H64: =Commercial!H64*Commercial!$B$30 -> 1259656.9 | I64: =Commercial!I64*Commercial!$B$30 -> 1341868 | ... AN64: =Commercial!AN64*Commercial!$B$30 -> 9525602.9
A65: Kerosene Heat | B65: =Commercial!B65*Commercial!$B$30 -> 60451.78 | C65: =Commercial!C65*Commercial!$B$30 -> 64397.143 | D65: =Commercial!D65*Commercial!$B$30 -> 68599.998 | E65: =Commercial!E65*Commercial!$B$30 -> 73077.152 | F65: =Commercial!F65*Commercial!$B$30 -> 77846.505 | G65: =Commercial!G65*Commercial!$B$30 -> 82927.128 | H65: =Commercial!H65*Commercial!$B$30 -> 88339.336 | I65: =Commercial!I65*Commercial!$B$30 -> 94104.77 | ... AN65: =Commercial!AN65*Commercial!$B$30 -> 668027.48
A66: Gasoil Generator | B66: =Commercial!B66*Commercial!$B$30 -> 46233.033 | C66: =Commercial!C66*Commercial!$B$30 -> 49250.415 | D66: =Commercial!D66*Commercial!$B$30 -> 52464.725 | E66: =Commercial!E66*Commercial!$B$30 -> 55888.816 | F66: =Commercial!F66*Commercial!$B$30 -> 59536.378 | G66: =Commercial!G66*Commercial!$B$30 -> 63421.998 | H66: =Commercial!H66*Commercial!$B$30 -> 67561.211 | I66: =Commercial!I66*Commercial!$B$30 -> 71970.568 | ... AN66: =Commercial!AN66*Commercial!$B$30 -> 510902.02
A67: Biogasoil Generator | B67: =Commercial!B67*Commercial!$B$30 -> 473966.16 | C67: =Commercial!C67*Commercial!$B$30 -> 504899.39 | D67: =Commercial!D67*Commercial!$B$30 -> 537851.46 | E67: =Commercial!E67*Commercial!$B$30 -> 572954.13 | F67: =Commercial!F67*Commercial!$B$30 -> 610347.77 | G67: =Commercial!G67*Commercial!$B$30 -> 650181.89 | H67: =Commercial!H67*Commercial!$B$30 -> 692615.77 | I67: =Commercial!I67*Commercial!$B$30 -> 737819.08 | ... AN67: =Commercial!AN67*Commercial!$B$30 -> 5237602.9
A68: MDF Generator | B68: =Commercial!B68*Commercial!$B$30 -> 411.65985 | C68: =Commercial!C68*Commercial!$B$30 -> 438.52668 | D68: =Commercial!D68*Commercial!$B$30 -> 467.14695 | E68: =Commercial!E68*Commercial!$B$30 -> 497.63513 | F68: =Commercial!F68*Commercial!$B$30 -> 530.1131 | G68: =Commercial!G68*Commercial!$B$30 -> 564.71073 | H68: =Commercial!H68*Commercial!$B$30 -> 601.56637 | I68: =Commercial!I68*Commercial!$B$30 -> 640.82737 | ... AN68: =Commercial!AN68*Commercial!$B$30 -> 4549.0818
A69: LPG Heat | B69: =Commercial!B69*Commercial!$B$30 -> 751661.31 | C69: =Commercial!C69*Commercial!$B$30 -> 800718.2 | D69: =Commercial!D69*Commercial!$B$30 -> 852976.78 | E69: =Commercial!E69*Commercial!$B$30 -> 908645.99 | F69: =Commercial!F69*Commercial!$B$30 -> 967948.43 | G69: =Commercial!G69*Commercial!$B$30 -> 1031121.2 | H69: =Commercial!H69*Commercial!$B$30 -> 1098417 | I69: =Commercial!I69*Commercial!$B$30 -> 1170104.7 | ... AN69: =Commercial!AN69*Commercial!$B$30 -> 8306296.5
A71: Variable: Non Electricity Consumption: Total Final Energy Consumption (Gigajoule)
A72: Scenario: Business as Usual
A73: Branch: Demand\Commercial\Hospital\Class A\Non Electricity Consumption\Biomass Heat
A74: Region: Indonesia
A76: Branch | B76: 2022 | C76: 2023 | D76: 2024 | E76: 2025 | F76: 2026 | G76: 2027 | H76: 2028 | I76: 2029 | J76: 2030 | K76: 2031 | L76: 2032 | M76: 2033 | N76: 2034 | O76: 2035 | P76: 2036 | Q76: 2037 | R76: 2038 | S76: 2039 | T76: 2040 | U76: 2041 | V76: 2042 | W76: 2043 | X76: 2044 | Y76: 2045 | Z76: 2046 | AA76: 2047 | AB76: 2048 | AC76: 2049 | AD76: 2050 | AE76: 2051 | AF76: 2052 | AG76: 2053 | AH76: 2054 | AI76: 2055 | AJ76: 2056 | AK76: 2057 | AL76: 2058 | AM76: 2059 | AN76: 2060
A77: Biomass Heat | B77: =Commercial!B77*Commercial!$B$5 -> 203446.51 | C77: =Commercial!C77*Commercial!$B$5 -> 204142.19 | D77: =Commercial!D77*Commercial!$B$5 -> 204837.86 | E77: =Commercial!E77*Commercial!$B$5 -> 205533.53 | F77: =Commercial!F77*Commercial!$B$5 -> 207394.45 | G77: =Commercial!G77*Commercial!$B$5 -> 209255.37 | H77: =Commercial!H77*Commercial!$B$5 -> 211116.29 | I77: =Commercial!I77*Commercial!$B$5 -> 212977.2 | ... AN77: =Commercial!AN77*Commercial!$B$5 -> 237217.58
A78: Solar Heat | B78: =Commercial!B78*Commercial!$B$5 -> 124278.01 | C78: =Commercial!C78*Commercial!$B$5 -> 124702.98 | D78: =Commercial!D78*Commercial!$B$5 -> 125127.94 | E78: =Commercial!E78*Commercial!$B$5 -> 125552.9 | F78: =Commercial!F78*Commercial!$B$5 -> 126689.67 | G78: =Commercial!G78*Commercial!$B$5 -> 127826.43 | H78: =Commercial!H78*Commercial!$B$5 -> 128963.2 | I78: =Commercial!I78*Commercial!$B$5 -> 130099.96 | ... AN78: =Commercial!AN78*Commercial!$B$5 -> 144907.52
A79: Gas Heat | B79: =Commercial!B79*Commercial!$B$5 -> 96502.49 | C79: =Commercial!C79*Commercial!$B$5 -> 96832.475 | D79: =Commercial!D79*Commercial!$B$5 -> 97162.46 | E79: =Commercial!E79*Commercial!$B$5 -> 97492.445 | F79: =Commercial!F79*Commercial!$B$5 -> 98375.149 | G79: =Commercial!G79*Commercial!$B$5 -> 99257.854 | H79: =Commercial!H79*Commercial!$B$5 -> 100140.56 | I79: =Commercial!I79*Commercial!$B$5 -> 101023.26 | ... AN79: =Commercial!AN79*Commercial!$B$5 -> 112521.4
A80: Kerosene Heat | B80: =Commercial!B80*Commercial!$B$5 -> 6767.6887 | C80: =Commercial!C80*Commercial!$B$5 -> 6790.8304 | D80: =Commercial!D80*Commercial!$B$5 -> 6813.9721 | E80: =Commercial!E80*Commercial!$B$5 -> 6837.1139 | F80: =Commercial!F80*Commercial!$B$5 -> 6899.0176 | G80: =Commercial!G80*Commercial!$B$5 -> 6960.9214 | H80: =Commercial!H80*Commercial!$B$5 -> 7022.8252 | I80: =Commercial!I80*Commercial!$B$5 -> 7084.729 | ... AN80: =Commercial!AN80*Commercial!$B$5 -> 7891.0898
A81: Gasoil Generator | B81: =Commercial!B81*Commercial!$B$5 -> 5175.8737 | C81: =Commercial!C81*Commercial!$B$5 -> 5193.5723 | D81: =Commercial!D81*Commercial!$B$5 -> 5211.2709 | E81: =Commercial!E81*Commercial!$B$5 -> 5228.9695 | F81: =Commercial!F81*Commercial!$B$5 -> 5276.313 | G81: =Commercial!G81*Commercial!$B$5 -> 5323.6565 | H81: =Commercial!H81*Commercial!$B$5 -> 5371 | I81: =Commercial!I81*Commercial!$B$5 -> 5418.3435 | ... AN81: =Commercial!AN81*Commercial!$B$5 -> 6035.0418
A82: Biogasoil Generator | B82: =Commercial!B82*Commercial!$B$5 -> 53061.39 | C82: =Commercial!C82*Commercial!$B$5 -> 53242.83 | D82: =Commercial!D82*Commercial!$B$5 -> 53424.27 | E82: =Commercial!E82*Commercial!$B$5 -> 53605.711 | F82: =Commercial!F82*Commercial!$B$5 -> 54091.061 | G82: =Commercial!G82*Commercial!$B$5 -> 54576.412 | H82: =Commercial!H82*Commercial!$B$5 -> 55061.762 | I82: =Commercial!I82*Commercial!$B$5 -> 55547.113 | ... AN82: =Commercial!AN82*Commercial!$B$5 -> 61869.304
A83: MDF Generator | B83: =Commercial!B83*Commercial!$B$5 -> 46.086082 | C83: =Commercial!C83*Commercial!$B$5 -> 46.243671 | D83: =Commercial!D83*Commercial!$B$5 -> 46.40126 | E83: =Commercial!E83*Commercial!$B$5 -> 46.558848 | F83: =Commercial!F83*Commercial!$B$5 -> 46.980396 | G83: =Commercial!G83*Commercial!$B$5 -> 47.401944 | H83: =Commercial!H83*Commercial!$B$5 -> 47.823491 | I83: =Commercial!I83*Commercial!$B$5 -> 48.245039 | ... AN83: =Commercial!AN83*Commercial!$B$5 -> 53.736132
A84: LPG Heat | B84: =Commercial!B84*Commercial!$B$5 -> 84149.875 | C84: =Commercial!C84*Commercial!$B$5 -> 84437.621 | D84: =Commercial!D84*Commercial!$B$5 -> 84725.366 | E84: =Commercial!E84*Commercial!$B$5 -> 85013.112 | F84: =Commercial!F84*Commercial!$B$5 -> 85782.828 | G84: =Commercial!G84*Commercial!$B$5 -> 86552.543 | H84: =Commercial!H84*Commercial!$B$5 -> 87322.259 | I84: =Commercial!I84*Commercial!$B$5 -> 88091.974 | ... AN84: =Commercial!AN84*Commercial!$B$5 -> 98118.317
A86: Variable: Non Electricity Consumption: Total Final Energy Consumption (Gigajoule)
A87: Scenario: Business as Usual
A88: Branch: Demand\Commercial\Hospital\Class B\Non Electricity Consumption\Biomass Heat
A89: Region: Indonesia
A91: Branch | B91: 2022 | C91: 2023 | D91: 2024 | E91: 2025 | F91: 2026 | G91: 2027 | H91: 2028 | I91: 2029 | J91: 2030 | K91: 2031 | L91: 2032 | M91: 2033 | N91: 2034 | O91: 2035 | P91: 2036 | Q91: 2037 | R91: 2038 | S91: 2039 | T91: 2040 | U91: 2041 | V91: 2042 | W91: 2043 | X91: 2044 | Y91: 2045 | Z91: 2046 | AA91: 2047 | AB91: 2048 | AC91: 2049 | AD91: 2050 | AE91: 2051 | AF91: 2052 | AG91: 2053 | AH91: 2054 | AI91: 2055 | AJ91: 2056 | AK91: 2057 | AL91: 2058 | AM91: 2059 | AN91: 2060
A92: Biomass Heat | B92: =Commercial!B92*Commercial!$B$5 -> 1031261.1 | C92: =Commercial!C92*Commercial!$B$5 -> 1034787.5 | D92: =Commercial!D92*Commercial!$B$5 -> 1038313.8 | E92: =Commercial!E92*Commercial!$B$5 -> 1041840.1 | F92: =Commercial!F92*Commercial!$B$5 -> 1051273 | G92: =Commercial!G92*Commercial!$B$5 -> 1060705.9 | H92: =Commercial!H92*Commercial!$B$5 -> 1070138.8 | I92: =Commercial!I92*Commercial!$B$5 -> 1079571.8 | ... AN92: =Commercial!AN92*Commercial!$B$5 -> 1202445.1
A93: Solar Heat | B93: =Commercial!B93*Commercial!$B$5 -> 629959.6 | C93: =Commercial!C93*Commercial!$B$5 -> 632113.71 | D93: =Commercial!D93*Commercial!$B$5 -> 634267.82 | E93: =Commercial!E93*Commercial!$B$5 -> 636421.93 | F93: =Commercial!F93*Commercial!$B$5 -> 642184.15 | G93: =Commercial!G93*Commercial!$B$5 -> 647946.36 | H93: =Commercial!H93*Commercial!$B$5 -> 653708.58 | I93: =Commercial!I93*Commercial!$B$5 -> 659470.8 | ... AN93: =Commercial!AN93*Commercial!$B$5 -> 734529.62
A94: Gas Heat | B94: =Commercial!B94*Commercial!$B$5 -> 489166.73 | C94: =Commercial!C94*Commercial!$B$5 -> 490839.41 | D94: =Commercial!D94*Commercial!$B$5 -> 492512.09 | E94: =Commercial!E94*Commercial!$B$5 -> 494184.77 | F94: =Commercial!F94*Commercial!$B$5 -> 498659.15 | G94: =Commercial!G94*Commercial!$B$5 -> 503133.54 | H94: =Commercial!H94*Commercial!$B$5 -> 507607.93 | I94: =Commercial!I94*Commercial!$B$5 -> 512082.32 | ... AN94: =Commercial!AN94*Commercial!$B$5 -> 570365.87
A95: Kerosene Heat | B95: =Commercial!B95*Commercial!$B$5 -> 34305.106 | C95: =Commercial!C95*Commercial!$B$5 -> 34422.41 | D95: =Commercial!D95*Commercial!$B$5 -> 34539.715 | E95: =Commercial!E95*Commercial!$B$5 -> 34657.019 | F95: =Commercial!F95*Commercial!$B$5 -> 34970.807 | G95: =Commercial!G95*Commercial!$B$5 -> 35284.594 | H95: =Commercial!H95*Commercial!$B$5 -> 35598.382 | I95: =Commercial!I95*Commercial!$B$5 -> 35912.169 | ... AN95: =Commercial!AN95*Commercial!$B$5 -> 39999.575
A96: Gasoil Generator | B96: =Commercial!B96*Commercial!$B$5 -> 26236.268 | C96: =Commercial!C96*Commercial!$B$5 -> 26325.982 | D96: =Commercial!D96*Commercial!$B$5 -> 26415.695 | E96: =Commercial!E96*Commercial!$B$5 -> 26505.408 | F96: =Commercial!F96*Commercial!$B$5 -> 26745.391 | G96: =Commercial!G96*Commercial!$B$5 -> 26985.373 | H96: =Commercial!H96*Commercial!$B$5 -> 27225.355 | I96: =Commercial!I96*Commercial!$B$5 -> 27465.337 | ... AN96: =Commercial!AN96*Commercial!$B$5 -> 30591.352
A97: Biogasoil Generator | B97: =Commercial!B97*Commercial!$B$5 -> 268965.77 | C97: =Commercial!C97*Commercial!$B$5 -> 269885.48 | D97: =Commercial!D97*Commercial!$B$5 -> 270805.2 | E97: =Commercial!E97*Commercial!$B$5 -> 271724.91 | F97: =Commercial!F97*Commercial!$B$5 -> 274185.13 | G97: =Commercial!G97*Commercial!$B$5 -> 276645.35 | H97: =Commercial!H97*Commercial!$B$5 -> 279105.57 | I97: =Commercial!I97*Commercial!$B$5 -> 281565.79 | ... AN97: =Commercial!AN97*Commercial!$B$5 -> 313612.69
A98: MDF Generator | B98: =Commercial!B98*Commercial!$B$5 -> 233.60825 | C98: =Commercial!C98*Commercial!$B$5 -> 234.40706 | D98: =Commercial!D98*Commercial!$B$5 -> 235.20587 | E98: =Commercial!E98*Commercial!$B$5 -> 236.00468 | F98: =Commercial!F98*Commercial!$B$5 -> 238.14149 | G98: =Commercial!G98*Commercial!$B$5 -> 240.2783 | H98: =Commercial!H98*Commercial!$B$5 -> 242.4151 | I98: =Commercial!I98*Commercial!$B$5 -> 244.55191 | ... AN98: =Commercial!AN98*Commercial!$B$5 -> 272.38601
A99: LPG Heat | B99: =Commercial!B99*Commercial!$B$5 -> 426551.89 | C99: =Commercial!C99*Commercial!$B$5 -> 428010.46 | D99: =Commercial!D99*Commercial!$B$5 -> 429469.03 | E99: =Commercial!E99*Commercial!$B$5 -> 430927.6 | F99: =Commercial!F99*Commercial!$B$5 -> 434829.25 | G99: =Commercial!G99*Commercial!$B$5 -> 438730.9 | H99: =Commercial!H99*Commercial!$B$5 -> 442632.56 | I99: =Commercial!I99*Commercial!$B$5 -> 446534.21 | ... AN99: =Commercial!AN99*Commercial!$B$5 -> 497357.28
A101: Variable: Non Electricity Consumption: Total Final Energy Consumption (Gigajoule)
A102: Scenario: Business as Usual
A103: Branch: Demand\Commercial\Hospital\Class C\Non Electricity Consumption\Biomass Heat
A104: Region: Indonesia
A106: Branch | B106: 2022 | C106: 2023 | D106: 2024 | E106: 2025 | F106: 2026 | G106: 2027 | H106: 2028 | I106: 2029 | J106: 2030 | K106: 2031 | L106: 2032 | M106: 2033 | N106: 2034 | O106: 2035 | P106: 2036 | Q106: 2037 | R106: 2038 | S106: 2039 | T106: 2040 | U106: 2041 | V106: 2042 | W106: 2043 | X106: 2044 | Y106: 2045 | Z106: 2046 | AA106: 2047 | AB106: 2048 | AC106: 2049 | AD106: 2050 | AE106: 2051 | AF106: 2052 | AG106: 2053 | AH106: 2054 | AI106: 2055 | AJ106: 2056 | AK106: 2057 | AL106: 2058 | AM106: 2059 | AN106: 2060
A107: Biomass Heat | B107: =Commercial!B107*Commercial!$B$5 -> 664472.19 | C107: =Commercial!C107*Commercial!$B$5 -> 666744.31 | D107: =Commercial!D107*Commercial!$B$5 -> 669016.44 | E107: =Commercial!E107*Commercial!$B$5 -> 671288.56 | F107: =Commercial!F107*Commercial!$B$5 -> 677366.46 | G107: =Commercial!G107*Commercial!$B$5 -> 683444.36 | H107: =Commercial!H107*Commercial!$B$5 -> 689522.27 | I107: =Commercial!I107*Commercial!$B$5 -> 695600.17 | ... AN107: =Commercial!AN107*Commercial!$B$5 -> 774771.12
A108: Solar Heat | B108: =Commercial!B108*Commercial!$B$5 -> 405901.69 | C108: =Commercial!C108*Commercial!$B$5 -> 407289.65 | D108: =Commercial!D108*Commercial!$B$5 -> 408677.61 | E108: =Commercial!E108*Commercial!$B$5 -> 410065.57 | F108: =Commercial!F108*Commercial!$B$5 -> 413778.33 | G108: =Commercial!G108*Commercial!$B$5 -> 417491.1 | H108: =Commercial!H108*Commercial!$B$5 -> 421203.87 | I108: =Commercial!I108*Commercial!$B$5 -> 424916.63 | ... AN108: =Commercial!AN108*Commercial!$B$5 -> 473279.26
A109: Gas Heat | B109: =Commercial!B109*Commercial!$B$5 -> 315184.66 | C109: =Commercial!C109*Commercial!$B$5 -> 316262.42 | D109: =Commercial!D109*Commercial!$B$5 -> 317340.18 | E109: =Commercial!E109*Commercial!$B$5 -> 318417.93 | F109: =Commercial!F109*Commercial!$B$5 -> 321300.91 | G109: =Commercial!G109*Commercial!$B$5 -> 324183.9 | H109: =Commercial!H109*Commercial!$B$5 -> 327066.88 | I109: =Commercial!I109*Commercial!$B$5 -> 329949.86 | ... AN109: =Commercial!AN109*Commercial!$B$5 -> 367503.68
A110: Kerosene Heat | B110: =Commercial!B110*Commercial!$B$5 -> 22103.799 | C110: =Commercial!C110*Commercial!$B$5 -> 22179.382 | D110: =Commercial!D110*Commercial!$B$5 -> 22254.965 | E110: =Commercial!E110*Commercial!$B$5 -> 22330.547 | F110: =Commercial!F110*Commercial!$B$5 -> 22532.73 | G110: =Commercial!G110*Commercial!$B$5 -> 22734.913 | H110: =Commercial!H110*Commercial!$B$5 -> 22937.095 | I110: =Commercial!I110*Commercial!$B$5 -> 23139.278 | ... AN110: =Commercial!AN110*Commercial!$B$5 -> 25772.915
A111: Gasoil Generator | B111: =Commercial!B111*Commercial!$B$5 -> 16904.807 | C111: =Commercial!C111*Commercial!$B$5 -> 16962.612 | D111: =Commercial!D111*Commercial!$B$5 -> 17020.417 | E111: =Commercial!E111*Commercial!$B$5 -> 17078.222 | F111: =Commercial!F111*Commercial!$B$5 -> 17232.85 | G111: =Commercial!G111*Commercial!$B$5 -> 17387.478 | H111: =Commercial!H111*Commercial!$B$5 -> 17542.105 | I111: =Commercial!I111*Commercial!$B$5 -> 17696.733 | ... AN111: =Commercial!AN111*Commercial!$B$5 -> 19710.918
A112: Biogasoil Generator | B112: =Commercial!B112*Commercial!$B$5 -> 173302.64 | C112: =Commercial!C112*Commercial!$B$5 -> 173895.24 | D112: =Commercial!D112*Commercial!$B$5 -> 174487.84 | E112: =Commercial!E112*Commercial!$B$5 -> 175080.43 | F112: =Commercial!F112*Commercial!$B$5 -> 176665.63 | G112: =Commercial!G112*Commercial!$B$5 -> 178250.82 | H112: =Commercial!H112*Commercial!$B$5 -> 179836.01 | I112: =Commercial!I112*Commercial!$B$5 -> 181421.2 | ... AN112: =Commercial!AN112*Commercial!$B$5 -> 202069.98
A113: MDF Generator | B113: =Commercial!B113*Commercial!$B$5 -> 150.52074 | C113: =Commercial!C113*Commercial!$B$5 -> 151.03544 | D113: =Commercial!D113*Commercial!$B$5 -> 151.55014 | E113: =Commercial!E113*Commercial!$B$5 -> 152.06483 | F113: =Commercial!F113*Commercial!$B$5 -> 153.44164 | G113: =Commercial!G113*Commercial!$B$5 -> 154.81845 | H113: =Commercial!H113*Commercial!$B$5 -> 156.19525 | I113: =Commercial!I113*Commercial!$B$5 -> 157.57206 | ... AN113: =Commercial!AN113*Commercial!$B$5 -> 175.5064
A114: LPG Heat | B114: =Commercial!B114*Commercial!$B$5 -> 274840.06 | C114: =Commercial!C114*Commercial!$B$5 -> 275779.86 | D114: =Commercial!D114*Commercial!$B$5 -> 276719.66 | E114: =Commercial!E114*Commercial!$B$5 -> 277659.46 | F114: =Commercial!F114*Commercial!$B$5 -> 280173.41 | G114: =Commercial!G114*Commercial!$B$5 -> 282687.36 | H114: =Commercial!H114*Commercial!$B$5 -> 285201.31 | I114: =Commercial!I114*Commercial!$B$5 -> 287715.26 | ... AN114: =Commercial!AN114*Commercial!$B$5 -> 320462.08
A116: Variable: Non Electricity Consumption: Total Final Energy Consumption (Gigajoule)
...

Sheet Electricity
A1: Variable: Electric Appliances: Total Final Energy Consumption (Million Gigajoule)
A2: Scenario: Business as Usual
A3: Branch: Demand\Commercial\Office\Conventional Office\Electric Appliances\Air Conditioner
A4: Region: Indonesia
A5: Million Gigajoule to Gigajoule | B5: 1000000
A6: Branch | B6: 2022 | C6: 2023 | D6: 2024 | E6: 2025 | F6: 2026 | G6: 2027 | H6: 2028 | I6: 2029 | J6: 2030 | K6: 2031 | L6: 2032 | M6: 2033 | N6: 2034 | O6: 2035 | P6: 2036 | Q6: 2037 | R6: 2038 | S6: 2039 | T6: 2040 | U6: 2041 | V6: 2042 | W6: 2043 | X6: 2044 | Y6: 2045 | Z6: 2046 | AA6: 2047 | AB6: 2048 | AC6: 2049 | AD6: 2050 | AE6: 2051 | AF6: 2052 | AG6: 2053 | AH6: 2054 | AI6: 2055 | AJ6: 2056 | AK6: 2057 | AL6: 2058 | AM6: 2059 | AN6: 2060
A7: Air Conditioner | B7: 45.305693 | C7: 47.574826 | D7: 48.03712 | E7: 48.501453 | F7: 49.244504 | G7: 49.993009 | H7: 50.746968 | I7: 51.506382 | J7: 52.271249 | K7: 52.968655 | L7: 53.670642 | M7: 54.37721 | N7: 55.088359 | O7: 55.804089 | P7: 56.448434 | Q7: 57.096477 | R7: 57.748217 | S7: 58.403656 | T7: 59.062792 | U7: 59.649168 | V7: 60.238379 | W7: 60.830423 | X7: 61.425301 | Y7: 62.023013 | Z7: 62.548129 | AA7: 63.075251 | AB7: 63.604377 | AC7: 64.135509 | AD7: 64.668646 | AE7: 65.016264 | AF7: 65.363882 | AG7: 65.7115 | AH7: 66.059118 | AI7: 66.406736 | AJ7: 66.754354 | AK7: 67.101972 | AL7: 67.44959 | AM7: 67.797207 | AN7: 68.144825
A8: Lighting and Electronics | B8: 17.669927 | C8: 18.554924 | D8: 18.735226 | E8: 18.916323 | F8: 19.206125 | G8: 19.498054 | H8: 19.792109 | I8: 20.088292 | J8: 20.386602 | K8: 20.658602 | L8: 20.932388 | M8: 21.20796 | N8: 21.485319 | O8: 21.764465 | P8: 22.01577 | Q8: 22.268517 | R8: 22.522706 | S8: 22.778337 | T8: 23.03541 | U8: 23.264106 | V8: 23.493907 | W8: 23.724814 | X8: 23.956826 | Y8: 24.189943 | Z8: 24.394746 | AA8: 24.600332 | AB8: 24.806699 | AC8: 25.013849 | AD8: 25.221781 | AE8: 25.357357 | AF8: 25.492934 | AG8: 25.62851 | AH8: 25.764087 | AI8: 25.899663 | AJ8: 26.035239 | AK8: 26.170816 | AL8: 26.306392 | AM8: 26.441969 | AN8: 26.577545
A9: Elevator or Escalator | B9: 4.8062202 | C9: 5.0469395 | D9: 5.0959815 | E9: 5.1452399 | F9: 5.2240659 | G9: 5.3034706 | H9: 5.3834537 | I9: 5.4640155 | J9: 5.5451559 | K9: 5.6191397 | L9: 5.6936095 | M9: 5.7685652 | N9: 5.8440069 | O9: 5.9199345 | P9: 5.9882894 | Q9: 6.0570365 | R9: 6.126176 | S9: 6.1957076 | T9: 6.2656316 | U9: 6.3278369 | V9: 6.3903428 | W9: 6.4531494 | X9: 6.5162566 | Y9: 6.5796644 | Z9: 6.635371 | AA9: 6.6912903 | AB9: 6.7474223 | AC9: 6.803767 | AD9: 6.8603244 | AE9: 6.8972012 | AF9: 6.934078 | AG9: 6.9709548 | AH9: 7.0078315 | AI9: 7.0447083 | AJ9: 7.0815851 | AK9: 7.1184619 | AL9: 7.1553387 | AM9: 7.1922155 | AN9: 7.2290922
A10: Other Electricity Use | B10: 2.8978681 | C10: 3.0430076 | D10: 3.0725771 | E10: 3.102277 | F10: 3.1498045 | G10: 3.1976808 | H10: 3.2459059 | I10: 3.2944799 | J10: 3.3434028 | K10: 3.3880107 | L10: 3.4329116 | M10: 3.4781055 | N10: 3.5235924 | O10: 3.5693723 | P10: 3.6105863 | Q10: 3.6520367 | R10: 3.6937237 | S10: 3.7356472 | T10: 3.7778073 | U10: 3.8153134 | V10: 3.8530008 | W10: 3.8908695 | X10: 3.9289194 | Y10: 3.9671506 | Z10: 4.0007384 | AA10: 4.0344544 | AB10: 4.0682987 | AC10: 4.1022713 | AD10: 4.1363721 | AE10: 4.1586066 | AF10: 4.1808411 | AG10: 4.2030757 | AH10: 4.2253102 | AI10: 4.2475447 | AJ10: 4.2697793 | AK10: 4.2920138 | AL10: 4.3142483 | AM10: 4.3364828 | AN10: 4.3587174
A12: Variable: Electric Appliances: Total Final Energy Consumption (Million Gigajoule)
A13: Scenario: Business as Usual
A14: Branch: Demand\Commercial\Hotel\Five Star\Electric Appliances\Air Conditioner
A15: Region: Indonesia
A16: Million Gigajoule to Gigajoule | B16: 1000000
A17: Branch | B17: 2022 | C17: 2023 | D17: 2024 | E17: 2025 | F17: 2026 | G17: 2027 | H17: 2028 | I17: 2029 | J17: 2030 | K17: 2031 | L17: 2032 | M17: 2033 | N17: 2034 | O17: 2035 | P17: 2036 | Q17: 2037 | R17: 2038 | S17: 2039 | T17: 2040 | U17: 2041 | V17: 2042 | W17: 2043 | X17: 2044 | Y17: 2045 | Z17: 2046 | AA17: 2047 | AB17: 2048 | AC17: 2049 | AD17: 2050 | AE17: 2051 | AF17: 2052 | AG17: 2053 | AH17: 2054 | AI17: 2055 | AJ17: 2056 | AK17: 2057 | AL17: 2058 | AM17: 2059 | AN17: 2060
A18: Air Conditioner | B18: 2.3983642 | C18: 2.5548925 | D18: 2.7216367 | E18: 2.8992633 | F18: 3.0884826 | G18: 3.2900512 | H18: 3.5047752 | I18: 3.7335131 | J18: 3.9771794 | K18: 4.2367485 | L18: 4.5132583 | M18: 4.8078145 | N18: 5.1215947 | O18: 5.4558537 | P18: 5.8119279 | Q18: 6.1912412 | R18: 6.5953103 | S18: 7.0257507 | T18: 7.4842837 | U18: 7.9727427 | V18: 8.4930808 | W18: 9.0473785 | X18: 9.6378523 | Y18: 10.266863 | Z18: 10.936926 | AA18: 11.650721 | AB18: 12.4111 | AC18: 13.221106 | AD18: 14.083977 | AE18: 15.003162 | AF18: 15.982338 | AG18: 17.02542 | AH18: 18.136577 | AI18: 19.320254 | AJ18: 20.581183 | AK18: 21.924407 | AL18: 23.355295 | AM18: 24.879569 | AN18: 26.503325
A19: Lighting and Electronics | B19: 0.74881054 | C19: 0.79768138 | D19: 0.84974176 | E19: 0.90519984 | F19: 0.96427737 | G19: 1.0272106 | H19: 1.0942511 | I19: 1.165667 | J19: 1.2417438 | K19: 1.3227857 | L19: 1.4091169 | M19: 1.5010823 | N19: 1.5990499 | O19: 1.7034113 | P19: 1.8145838 | Q19: 1.933012 | R19: 2.0591693 | S19: 2.1935602 | T19: 2.3367221 | U19: 2.4892274 | V19: 2.6516859 | W19: 2.8247471 | X19: 3.0091032 | Y19: 3.2054912 | Z19: 3.4146964 | AA19: 3.6375553 | AB19: 3.874959 | AC19: 4.1278567 | AD19: 4.3972598 | AE19: 4.6842453 | AF19: 4.9899608 | AG19: 5.3156287 | AH19: 5.6625513 | AI19: 6.0321156 | AJ19: 6.4257993 | AK19: 6.8451767 | AL19: 7.2919246 | AM19: 7.7678294 | AN19: 8.2747939
A20: Elevator or Escalator | B20: 0.22428142 | C20: 0.23891906 | D20: 0.25451202 | E20: 0.27112266 | F20: 0.28881738 | G20: 0.30766693 | H20: 0.3277467 | I20: 0.34913697 | J20: 0.37192326 | K20: 0.3961967 | L20: 0.42205432 | M20: 0.44959954 | N20: 0.47894249 | O20: 0.51020049 | P20: 0.54349854 | Q20: 0.57896977 | R20: 0.61675601 | S20: 0.65700836 | T20: 0.69988777 | U20: 0.74556568 | V20: 0.79422475 | W20: 0.84605953 | X20: 0.90127729 | Y20: 0.96009882 | Z20: 1.0227593 | AA20: 1.0895093 | AB20: 1.1606157 | AC20: 1.2363629 | AD20: 1.3170536 | AE20: 1.4030107 | AF20: 1.4945776 | AG20: 1.5921207 | AH20: 1.6960298 | AI20: 1.8067206 | AJ20: 1.9246355 | AK20: 2.0502462 | AL20: 2.1840547 | AM20: 2.3265962 | AN20: 2.4784407
A21: Other Electricity Use | B21: 0.24598607 | C21: 0.26204026 | D21: 0.27914222 | E21: 0.29736033 | F21: 0.31676744 | G21: 0.33744115 | H21: 0.35946412 | I21: 0.38292442 | J21: 0.40791584 | K21: 0.43453831 | L21: 0.46289829 | M21: 0.49310918 | N21: 0.52529176 | O21: 0.55957473 | P21: 0.59609517 | Q21: 0.6349991 | R21: 0.67644208 | S21: 0.72058982 | T21: 0.76761884 | U21: 0.8177172 | V21: 0.87108521 | W21: 0.92793626 | X21: 0.98849767 | Y21: 1.0530116 | Z21: 1.121736 | AA21: 1.1949457 | AB21: 1.2729334 | AC21: 1.3560109 | AD21: 1.4445105 | AE21: 1.5387859 | AF21: 1.6392142 | AG21: 1.7461969 | AH21: 1.8601618 | AI21: 1.9815645 | AJ21: 2.1108906 | AK21: 2.2486571 | AL21: 2.3954149 | AM21: 2.5517507 | AN21: 2.7182898
A23: Variable: Electric Appliances: Total Final Energy Consumption (Million Gigajoule)
A24: Scenario: Business as Usual
A25: Branch: Demand\Commercial\Hotel\Four Star\Electric Appliances\Air Conditioner
A26: Region: Indonesia
A27: Million Gigajoule to Gigajoule | B27: 1000000
A28: Branch | B28: 2022 | C28: 2023 | D28: 2024 | E28: 2025 | F28: 2026 | G28: 2027 | H28: 2028 | I28: 2029 | J28: 2030 | K28: 2031 | L28: 2032 | M28: 2033 | N28: 2034 | O28: 2035 | P28: 2036 | Q28: 2037 | R28: 2038 | S28: 2039 | T28: 2040 | U28: 2041 | V28: 2042 | W28: 2043 | X28: 2044 | Y28: 2045 | Z28: 2046 | AA28: 2047 | AB28: 2048 | AC28: 2049 | AD28: 2050 | AE28: 2051 | AF28: 2052 | AG28: 2053 | AH28: 2054 | AI28: 2055 | AJ28: 2056 | AK28: 2057 | AL28: 2058 | AM28: 2059 | AN28: 2060
A29: Air Conditioner | B29: 5.2568266 | C29: 5.5999114 | D29: 5.9653876 | E29: 6.3547164 | F29: 6.7694545 | G29: 7.2112605 | H29: 7.6819007 | I29: 8.1832571 | J29: 8.7173343 | K29: 9.2862679 | L29: 9.8923327 | M29: 10.537952 | N29: 11.225708 | O29: 11.958349 | P29: 12.738806 | Q29: 13.5702 | R29: 14.455854 | S29: 15.39931 | T29: 16.40434 | U29: 17.474963 | V29: 18.61546 | W29: 19.830391 | X29: 21.124614 | Y29: 22.503304 | Z29: 23.971974 | AA29: 25.536496 | AB29: 27.203126 | AC29: 28.978528 | AD29: 30.869801 | AE29: 32.884507 | AF29: 35.030702 | AG29: 37.316967 | AH29: 39.752445 | AI29: 42.346874 | AJ29: 45.110627 | AK29: 48.054755 | AL29: 51.191031 | AM29: 54.531994 | AN29: 58.091004
A30: Lighting and Electronics | B30: 1.6412717 | C30: 1.7483886 | D30: 1.8624966 | E30: 1.9840517 | F30: 2.1135401 | G30: 2.2514795 | H30: 2.3984215 | I30: 2.5549536 | J30: 2.7217017 | K30: 2.8993325 | L30: 3.0885564 | M30: 3.2901298 | N30: 3.5048589 | O30: 3.7336022 | P30: 3.9772744 | Q30: 4.2368497 | R30: 4.5133662 | S30: 4.8079293 | T30: 5.121717 | U30: 5.455984 | V30: 5.8120667 | W30: 6.1913891 | X30: 6.5954678 | Y30: 7.0259185 | Z30: 7.4844625 | AA30: 7.9729332 | AB30: 8.4932837 | AC30: 9.0475946 | AD30: 9.6380825 | AE30: 10.267108 | AF30: 10.937187 | AG30: 11.650999 | AH30: 12.411397 | AI30: 13.221422 | AJ30: 14.084313 | AK30: 15.003521 | AL30: 15.98272 | AM30: 17.025826 | AN30: 18.13701
A31: Elevator or Escalator | B31: 0.49158861 | C31: 0.52367196 | D31: 0.55784921 | E31: 0.59425703 | F31: 0.633041 | G31: 0.67435618 | H31: 0.71836779 | I31: 0.76525179 | J31: 0.81519567 | K31: 0.86839911 | L31: 0.92507485 | M31: 0.98544952 | N31: 1.0497645 | O31: 1.118277 | P31: 1.1912609 | Q31: 1.2690081 | R31: 1.3518295 | S31: 1.4400561 | T31: 1.5340408 | U31: 1.6341595 | V31: 1.7408123 | W31: 1.8544257 | X31: 1.9754541 | Y31: 2.1043814 | Z31: 2.2417231 | AA31: 2.3880283 | AB31: 2.5438821 | AC31: 2.7099076 | AD31: 2.8867687 | AE31: 3.0751726 | AF31: 3.2758726 | AG31: 3.4896712 | AH31: 3.7174232 | AI31: 3.9600395 | AJ31: 4.21849 | AK31: 4.4938082 | AL31: 4.7870949 | AM31: 5.0995228 | AN31: 5.4323413
A32: Other Electricity Use | B32: 0.5391617 | C32: 0.57434989 | D32: 0.61183462 | E32: 0.65176578 | F32: 0.69430303 | G32: 0.73961646 | H32: 0.78788725 | I32: 0.83930842 | J32: 0.89408557 | K32: 0.95243773 | L32: 1.0145982 | M32: 1.0808156 | N32: 1.1513546 | O32: 1.2264974 | P32: 1.3065442 | Q32: 1.3918154 | R32: 1.4826517 | S32: 1.5794164 | T32: 1.6824964 | U32: 1.7923039 | V32: 1.909278 | W32: 2.0338863 | X32: 2.1666271 | Y32: 2.3080312 | Z32: 2.458664 | AA32: 2.6191278 | AB32: 2.7900642 | AC32: 2.9721567 | AD32: 3.1661334 | AE32: 3.3727699 | AF32: 3.5928925 | AG32: 3.8273813 | AH32: 4.0771739 | AI32: 4.3432691 | AJ32: 4.6267309 | AK32: 4.9286928 | AL32: 5.2503621 | AM32: 5.593025 | AN32: 5.9580517
A34: Variable: Electric Appliances: Total Final Energy Consumption (Million Gigajoule)
A35: Scenario: Business as Usual
A36: Branch: Demand\Commercial\Hotel\Three Star\Electric Appliances\Air Conditioner
A37: Region: Indonesia
A38: Million Gigajoule to Gigajoule | B38: 1000000
A39: Branch | B39: 2022 | C39: 2023 | D39: 2024 | E39: 2025 | F39: 2026 | G39: 2027 | H39: 2028 | I39: 2029 | J39: 2030 | K39: 2031 | L39: 2032 | M39: 2033 | N39: 2034 | O39: 2035 | P39: 2036 | Q39: 2037 | R39: 2038 | S39: 2039 | T39: 2040 | U39: 2041 | V39: 2042 | W39: 2043 | X39: 2044 | Y39: 2045 | Z39: 2046 | AA39: 2047 | AB39: 2048 | AC39: 2049 | AD39: 2050 | AE39: 2051 | AF39: 2052 | AG39: 2053 | AH39: 2054 | AI39: 2055 | AJ39: 2056 | AK39: 2057 | AL39: 2058 | AM39: 2059 | AN39: 2060
A40: Air Conditioner | B40: 3.9467368 | C40: 4.2043191 | D40: 4.4787124 | E40: 4.7710139 | F40: 5.0823923 | G40: 5.4140928 | H40: 5.7674415 | I40: 6.1438514 | J40: 6.5448276 | K40: 6.9719733 | L40: 7.4269966 | M40: 7.9117167 | N40: 8.428072 | O40: 8.9781269 | P40: 9.564081 | Q40: 10.188277 | R40: 10.853211 | S40: 11.561542 | T40: 12.316102 | U40: 13.119908 | V40: 13.976174 | W40: 14.888323 | X40: 15.860004 | Y40: 16.895101 | Z40: 17.997754 | AA40: 19.172371 | AB40: 20.423648 | AC40: 21.75659 | AD40: 23.176526 | AE40: 24.689133 | AF40: 26.30046 | AG40: 28.01695 | AH40: 29.845466 | AI40: 31.793319 | AJ40: 33.868298 | AK40: 36.0787 | AL40: 38.433363 | AM40: 40.941702 | AN40: 43.613746
A41: Lighting and Electronics | B41: 1.2322391 | C41: 1.3126607 | D41: 1.398331 | E41: 1.4895926 | F41: 1.5868103 | G41: 1.6903729 | H41: 1.8006944 | I41: 1.9182161 | J41: 2.0434077 | K41: 2.1767699 | L41: 2.318836 | M41: 2.470174 | N41: 2.631389 | O41: 2.8031256 | P41: 2.9860705 | Q41: 3.1809553 | R41: 3.3885592 | S41: 3.6097122 | T41: 3.8452988 | U41: 4.0962608 | V41: 4.3636017 | W41: 4.6483905 | X41: 4.951766 | Y41: 5.2749412 | Z41: 5.6192082 | AA41: 5.9859438 | AB41: 6.3766141 | AC41: 6.7927815 | AD41: 7.2361098 | AE41: 7.7083718 | AF41: 8.2114559 | AG41: 8.7473735 | AH41: 9.3182675 | AI41: 9.9264208 | AJ41: 10.574265 | AK41: 11.26439 | AL41: 11.999557 | AM41: 12.782703 | AN41: 13.616962
A42: Elevator or Escalator | B42: 0.36907644 | C42: 0.39316408 | D42: 0.41882378 | E42: 0.44615816 | F42: 0.47527651 | G42: 0.50629525 | H42: 0.53933842 | I42: 0.57453814 | J42: 0.61203516 | K42: 0.65197941 | L42: 0.6945306 | M42: 0.73985888 | N42: 0.78814549 | O42: 0.83958351 | P42: 0.89437862 | Q42: 0.95274991 | R42: 1.0149308 | S42: 1.0811699 | T42: 1.151732 | U42: 1.2268994 | V42: 1.3069725 | W42: 1.3922716 | X42: 1.4831376 | Y42: 1.5799341 | Z42: 1.6830479 | AA42: 1.7928914 | AB42: 1.9099038 | AC42: 2.0345529 | AD42: 2.1673372 | AE42: 2.3087877 | AF42: 2.4594699 | AG42: 2.6199863 | AH42: 2.7909787 | AI42: 2.9731309 | AJ42: 3.1671711 | AK42: 3.3738754 | AL42: 3.5940701 | AM42: 3.8286357 | AN42: 4.0785102
A43: Other Electricity Use | B43: 0.40479351 | C43: 0.43121221 | D43: 0.45935512 | E43: 0.48933476 | F43: 0.52127101 | G43: 0.55529156 | H43: 0.59153246 | I43: 0.63013861 | J43: 0.67126437 | K43: 0.71507419 | L43: 0.76174324 | M43: 0.81145812 | N43: 0.86441764 | O43: 0.92083353 | P43: 0.98093139 | Q43: 1.0449515 | R43: 1.1131499 | S43: 1.1857992 | T43: 1.2631899 | U43: 1.3456316 | V43: 1.4334537 | W43: 1.5270075 | X43: 1.6266671 | Y43: 1.7328309 | Z43: 1.8459235 | AA43: 1.966397 | AB43: 2.0947331 | AC43: 2.2314451 | AD43: 2.3770796 | AE43: 2.5322188 | AF43: 2.6974831 | AG43: 2.8735333 | AH43: 3.0610734 | AI43: 3.2608532 | AJ43: 3.4736716 | AK43: 3.7003795 | AL43: 3.9418833 | AM43: 4.1991489 | AN43: 4.4732048
A45: Variable: Electric Appliances: Total Final Energy Consumption (Million Gigajoule)
A46: Scenario: Business as Usual
A47: Branch: Demand\Commercial\Hotel\Budget\Electric Appliances\Air Conditioner
A48: Region: Indonesia
A49: Million Gigajoule to Gigajoule | B49: 1000000
A50: Branch | B50: 2022 | C50: 2023 | D50: 2024 | E50: 2025 | F50: 2026 | G50: 2027 | H50: 2028 | I50: 2029 | J50: 2030 | K50: 2031 | L50: 2032 | M50: 2033 | N50: 2034 | O50: 2035 | P50: 2036 | Q50: 2037 | R50: 2038 | S50: 2039 | T50: 2040 | U50: 2041 | V50: 2042 | W50: 2043 | X50: 2044 | Y50: 2045 | Z50: 2046 | AA50: 2047 | AB50: 2048 | AC50: 2049 | AD50: 2050 | AE50: 2051 | AF50: 2052 | AG50: 2053 | AH50: 2054 | AI50: 2055 | AJ50: 2056 | AK50: 2057 | AL50: 2058 | AM50: 2059 | AN50: 2060
A51: Air Conditioner | B51: 6.6014342 | C51: 7.0322744 | D51: 7.4912331 | E51: 7.9801457 | F51: 8.5009669 | G51: 9.0557793 | H51: 9.6468014 | I51: 10.276396 | J51: 10.947081 | K51: 11.661539 | L51: 12.422625 | M51: 13.233383 | N51: 14.097054 | O51: 15.017093 | P51: 15.997178 | Q51: 17.041228 | R51: 18.153418 | S51: 19.338194 | T51: 20.600294 | U51: 21.944764 | V51: 23.376981 | W51: 24.902671 | X51: 26.527934 | Y51: 28.25927 | Z51: 30.103601 | AA51: 32.068301 | AB51: 34.161227 | AC51: 36.390747 | AD51: 38.765775 | AE51: 41.295809 | AF51: 43.990965 | AG51: 46.862018 | AH51: 49.920451 | AI51: 53.17849 | AJ51: 56.649165 | AK51: 60.346351 | AL51: 64.284833 | AM51: 68.480359 | AN51: 72.949704
A52: Lighting and Electronics | B52: 2.0610813 | C52: 2.195597 | D52: 2.3388918 | E52: 2.4915387 | F52: 2.654148 | G52: 2.82737 | H52: 3.0118973 | I52: 3.2084676 | J52: 3.4178671 | K52: 3.6409329 | L52: 3.878557 | M52: 4.1316896 | N52: 4.4013428 | O52: 4.6885948 | P52: 4.9945941 | Q52: 5.3205645 | R52: 5.6678091 | S52: 6.0377166 | T52: 6.4317659 | U52: 6.8515327 | V52: 7.2986954 | W52: 7.7750421 | X52: 8.2824773 | Y52: 8.8230301 | Z52: 9.3988618 | AA52: 10.012275 | AB52: 10.665722 | AC52: 11.361817 | AD52: 12.103342 | AE52: 12.893262 | AF52: 13.734736 | AG52: 14.631128 | AH52: 15.586023 | AI52: 16.603239 | AJ52: 17.686843 | AK52: 18.841168 | AL52: 20.07083 | AM52: 21.380746 | AN52: 22.776152
A53: Elevator or Escalator | B53: 0.61732869 | C53: 0.65761842 | D53: 0.70053764 | E53: 0.74625797 | F53: 0.79496221 | G53: 0.84684513 | H53: 0.90211416 | I53: 0.9609903 | J53: 1.023709 | K53: 1.090521 | L53: 1.1616934 | M53: 1.2375109 | N53: 1.3182766 | O53: 1.4043134 | P53: 1.4959654 | Q53: 1.593599 | R53: 1.6976047 | S53: 1.8083982 | T53: 1.9264226 | U53: 2.0521499 | V53: 2.1860827 | W53: 2.3287566 | X53: 2.480742 | Y53: 2.6426467 | Z53: 2.815118 | AA53: 2.9988457 | AB53: 3.1945642 | AC53: 3.4030562 | AD53: 3.6251554 | AE53: 3.8617499 | AF53: 4.1137855 | AG53: 4.3822702 | AH53: 4.6682774 | AI53: 4.9729508 | AJ53: 5.2975086 | AK53: 5.6432485 | AL53: 6.011553 | AM53: 6.4038948 | AN53: 6.8218426
A54: Other Electricity Use | B54: 0.67707018 | C54: 0.72125891 | D54: 0.7683316 | E54: 0.81847648 | F54: 0.87189404 | G54: 0.92879788 | H54: 0.98941553 | I54: 1.0539894 | J54: 1.1227776 | K54: 1.1960552 | L54: 1.2741153 | M54: 1.35727 | N54: 1.4458517 | O54: 1.5402147 | P54: 1.6407362 | Q54: 1.7478183 | R54: 1.861889 | S54: 1.9834045 | T54: 2.1128506 | U54: 2.250745 | V54: 2.3976391 | W54: 2.5541201 | X54: 2.7208138 | Y54: 2.8983867 | Z54: 3.0875488 | AA54: 3.2890565 | AB54: 3.5037156 | AC54: 3.7323843 | AD54: 3.9759769 | AE54: 4.2354676 | AF54: 4.5118938 | AG54: 4.8063609 | AH54: 5.1200462 | AI54: 5.4542041 | AJ54: 5.8101707 | AK54: 6.1893693 | AL54: 6.5933162 | AM54: 7.0236266 | AN54: 7.4820209
A56: Variable: Electric Appliances: Total Final Energy Consumption (Thousand Gigajoule)
A57: Scenario: Business as Usual
A58: Branch: Demand\Commercial\Hospital\Class A\Electric Appliances\Air Conditioner
A59: Region: Indonesia
A60: Thousand Gigajoule to Gigajoule | B60: 1000
A61: Branch | B61: 2022 | C61: 2023 | D61: 2024 | E61: 2025 | F61: 2026 | G61: 2027 | H61: 2028 | I61: 2029 | J61: 2030 | K61: 2031 | L61: 2032 | M61: 2033 | N61: 2034 | O61: 2035 | P61: 2036 | Q61: 2037 | R61: 2038 | S61: 2039 | T61: 2040 | U61: 2041 | V61: 2042 | W61: 2043 | X61: 2044 | Y61: 2045 | Z61: 2046 | AA61: 2047 | AB61: 2048 | AC61: 2049 | AD61: 2050 | AE61: 2051 | AF61: 2052 | AG61: 2053 | AH61: 2054 | AI61: 2055 | AJ61: 2056 | AK61: 2057 | AL61: 2058 | AM61: 2059 | AN61: 2060
A62: Air Conditioner | B62: 712.2901 | C62: 714.72574 | D62: 717.16138 | E62: 719.59701 | F62: 726.1123 | G62: 732.62759 | H62: 739.14288 | I62: 745.65817 | J62: 752.17346 | K62: 757.6458 | L62: 763.11814 | M62: 768.59048 | N62: 774.06282 | O62: 779.53516 | P62: 783.95249 | Q62: 788.36982 | R62: 792.78716 | S62: 797.20449 | T62: 801.62182 | U62: 805.00731 | V62: 808.39279 | W62: 811.77828 | X62: 815.16376 | Y62: 818.54925 | Z62: 820.94471 | AA62: 823.34017 | AB62: 825.73563 | AC62: 828.1311 | AD62: 830.52656 | AE62: 830.52656 | AF62: 830.52656 | AG62: 830.52656 | AH62: 830.52656 | AI62: 830.52656 | AJ62: 830.52656 | AK62: 830.52656 | AL62: 830.52656 | AM62: 830.52656 | AN62: 830.52656
A63: Lighting and Electronics | B63: 300.96765 | C63: 301.99679 | D63: 303.02593 | E63: 304.05507 | F63: 306.80801 | G63: 309.56095 | H63: 312.31389 | I63: 315.06683 | J63: 317.81977 | K63: 320.13203 | L63: 322.44428 | M63: 324.75654 | N63: 327.0688 | O63: 329.38105 | P63: 331.24753 | Q63: 333.11401 | R63: 334.98049 | S63: 336.84697 | T63: 338.71345 | U63: 340.14393 | V63: 341.57442 | W63: 343.00491 | X63: 344.43539 | Y63: 345.86588 | Z63: 346.87805 | AA63: 347.89021 | AB63: 348.90238 | AC63: 349.91455 | AD63: 350.92671 | AE63: 350.92671 | AF63: 350.92671 | AG63: 350.92671 | AH63: 350.92671 | AI63: 350.92671 | AJ63: 350.92671 | AK63: 350.92671 | AL63: 350.92671 | AM63: 350.92671 | AN63: 350.92671
A64: Elevator or Escalator | B64: 54.620055 | C64: 54.806825 | D64: 54.993595 | E64: 55.180365 | F64: 55.679973 | G64: 56.17958 | H64: 56.679188 | I64: 57.178795 | J64: 57.678403 | K64: 58.098035 | L64: 58.517666 | M64: 58.937298 | N64: 59.35693 | O64: 59.776561 | P64: 60.115293 | Q64: 60.454024 | R64: 60.792755 | S64: 61.131487 | T64: 61.470218 | U64: 61.729825 | V64: 61.989432 | W64: 62.249038 | X64: 62.508645 | Y64: 62.768252 | Z64: 62.951942 | AA64: 63.135631 | AB64: 63.319321 | AC64: 63.50301 | AD64: 63.6867 | AE64: 63.6867 | AF64: 63.6867 | AG64: 63.6867 | AH64: 63.6867 | AI64: 63.6867 | AJ64: 63.6867 | AK64: 63.6867 | AL64: 63.6867 | AM64: 63.6867 | AN64: 63.6867
A65: Other Electricity Use | B65: 46.81719 | C65: 46.977279 | D65: 47.137367 | E65: 47.297456 | F65: 47.725691 | G65: 48.153926 | H65: 48.582161 | I65: 49.010396 | J65: 49.438631 | K65: 49.798315 | L65: 50.158 | M65: 50.517684 | N65: 50.877368 | O65: 51.237053 | P65: 51.527394 | Q65: 51.817735 | R65: 52.108076 | S65: 52.398417 | T65: 52.688758 | U65: 52.911278 | V65: 53.133799 | W65: 53.356319 | X65: 53.578839 | Y65: 53.801359 | Z65: 53.958807 | AA65: 54.116255 | AB65: 54.273704 | AC65: 54.431152 | AD65: 54.5886 | AE65: 54.5886 | AF65: 54.5886 | AG65: 54.5886 | AH65: 54.5886 | AI65: 54.5886 | AJ65: 54.5886 | AK65: 54.5886 | AL65: 54.5886 | AM65: 54.5886 | AN65: 54.5886
A67: Variable: Electric Appliances: Total Final Energy Consumption (Thousand Gigajoule)
A68: Scenario: Business as Usual
A69: Branch: Demand\Commercial\Hospital\Class B\Electric Appliances\Air Conditioner
A70: Region: Indonesia
A71: Thousand Gigajoule to Gigajoule | B71: 1000
A72: Branch | B72: 2022 | C72: 2023 | D72: 2024 | E72: 2025 | F72: 2026 | G72: 2027 | H72: 2028 | I72: 2029 | J72: 2030 | K72: 2031 | L72: 2032 | M72: 2033 | N72: 2034 | O72: 2035 | P72: 2036 | Q72: 2037 | R72: 2038 | S72: 2039 | T72: 2040 | U72: 2041 | V72: 2042 | W72: 2043 | X72: 2044 | Y72: 2045 | Z72: 2046 | AA72: 2047 | AB72: 2048 | AC72: 2049 | AD72: 2050 | AE72: 2051 | AF72: 2052 | AG72: 2053 | AH72: 2054 | AI72: 2055 | AJ72: 2056 | AK72: 2057 | AL72: 2058 | AM72: 2059 | AN72: 2060
A73: Air Conditioner | B73: 3610.5661 | C73: 3622.9123 | D73: 3635.2584 | E73: 3647.6045 | F73: 3680.6302 | G73: 3713.6559 | H73: 3746.6816 | I73: 3779.7073 | J73: 3812.733 | K73: 3840.4721 | L73: 3868.2111 | M73: 3895.9502 | N73: 3923.6892 | O73: 3951.4283 | P73: 3973.8195 | Q73: 3996.2108 | R73: 4018.602 | S73: 4040.9933 | T73: 4063.3846 | U73: 4080.5454 | V73: 4097.7063 | W73: 4114.8671 | X73: 4132.028 | Y73: 4149.1889 | Z73: 4161.3314 | AA73: 4173.4739 | AB73: 4185.6164 | AC73: 4197.7588 | AD73: 4209.9013 | AE73: 4209.9013 | AF73: 4209.9013 | AG73: 4209.9013 | AH73: 4209.9013 | AI73: 4209.9013 | AJ73: 4209.9013 | AK73: 4209.9013 | AL73: 4209.9013 | AM73: 4209.9013 | AN73: 4209.9013
A74: Lighting and Electronics | B74: 1525.5913 | C74: 1530.808 | D74: 1536.0247 | E74: 1541.2413 | F74: 1555.1959 | G74: 1569.1504 | H74: 1583.1049 | I74: 1597.0594 | J74: 1611.014 | K74: 1622.7347 | L74: 1634.4554 | M74: 1646.1761 | N74: 1657.8968 | O74: 1669.6176 | P74: 1679.0787 | Q74: 1688.5398 | R74: 1698.0009 | S74: 1707.462 | T74: 1716.923 | U74: 1724.1741 | V74: 1731.4252 | W74: 1738.6763 | X74: 1745.9273 | Y74: 1753.1784 | Z74: 1758.309 | AA74: 1763.4397 | AB74: 1768.5703 | AC74: 1773.7009 | AD74: 1778.8316 | AE74: 1778.8316 | AF74: 1778.8316 | AG74: 1778.8316 | AH74: 1778.8316 | AI74: 1778.8316 | AJ74: 1778.8316 | AK74: 1778.8316 | AL74: 1778.8316 | AM74: 1778.8316 | AN74: 1778.8316
A75: Elevator or Escalator | B75: 276.86657 | C75: 277.8133 | D75: 278.76003 | E75: 279.70676 | F75: 282.23925 | G75: 284.77174 | H75: 287.30422 | I75: 289.83671 | J75: 292.3692 | K75: 294.49629 | L75: 296.62339 | M75: 298.75048 | N75: 300.87758 | O75: 303.00467 | P75: 304.72168 | Q75: 306.4387 | R75: 308.15571 | S75: 309.87272 | T75: 311.58974 | U75: 312.90567 | V75: 314.22161 | W75: 315.53754 | X75: 316.85348 | Y75: 318.16941 | Z75: 319.10053 | AA75: 320.03164 | AB75: 320.96276 | AC75: 321.89387 | AD75: 322.82499 | AE75: 322.82499 | AF75: 322.82499 | AG75: 322.82499 | AH75: 322.82499 | AI75: 322.82499 | AJ75: 322.82499 | AK75: 322.82499 | AL75: 322.82499 | AM75: 322.82499 | AN75: 322.82499
A76: Other Electricity Use | B76: 237.31421 | C76: 238.12569 | D76: 238.93717 | E76: 239.74865 | F76: 241.91936 | G76: 244.09006 | H76: 246.26076 | I76: 248.43147 | J76: 250.60217 | K76: 252.4254 | L76: 254.24862 | M76: 256.07184 | N76: 257.89507 | O76: 259.71829 | P76: 261.19001 | Q76: 262.66174 | R76: 264.13347 | S76: 265.60519 | T76: 267.07692 | U76: 268.20486 | V76: 269.33281 | W76: 270.46075 | X76: 271.5887 | Y76: 272.71664 | Z76: 273.51474 | AA76: 274.31284 | AB76: 275.11093 | AC76: 275.90903 | AD76: 276.70713 | AE76: 276.70713 | AF76: 276.70713 | AG76: 276.70713 | AH76: 276.70713 | AI76: 276.70713 | AJ76: 276.70713 | AK76: 276.70713 | AL76: 276.70713 | AM76: 276.70713 | AN76: 276.70713
A78: Variable: Electric Appliances: Total Final Energy Consumption (Thousand Gigajoule)
A79: Scenario: Business as Usual
A80: Branch: Demand\Commercial\Hospital\Class C\Electric Appliances\Air Conditioner
A81: Region: Indonesia
A82: Thousand Gigajoule to Gigajoule | B82: 1000
A83: Branch | B83: 2022 | C83: 2023 | D83: 2024 | E83: 2025 | F83: 2026 | G83: 2027 | H83: 2028 | I83: 2029 | J83: 2030 | K83: 2031 | L83: 2032 | M83: 2033 | N83: 2034 | O83: 2035 | P83: 2036 | Q83: 2037 | R83: 2038 | S83: 2039 | T83: 2040 | U83: 2041 | V83: 2042 | W83: 2043 | X83: 2044 | Y83: 2045 | Z83: 2046 | AA83: 2047 | AB83: 2048 | AC83: 2049 | AD83: 2050 | AE83: 2051 | AF83: 2052 | AG83: 2053 | AH83: 2054 | AI83: 2055 | AJ83: 2056 | AK83: 2057 | AL83: 2058 | AM83: 2059 | AN83: 2060
A84: Air Conditioner | B84: 2326.3951 | C84: 2334.35 | D84: 2342.305 | E84: 2350.26 | F84: 2371.5394 | G84: 2392.8189 | H84: 2414.0983 | I84: 2435.3778 | J84: 2456.6572 | K84: 2474.5303 | L84: 2492.4034 | M84: 2510.2765 | N84: 2528.1496 | O84: 2546.0227 | P84: 2560.45 | Q84: 2574.8774 | R84: 2589.3047 | S84: 2603.7321 | T84: 2618.1594 | U84: 2629.2167 | V84: 2640.2739 | W84: 2651.3312 | X84: 2662.3885 | Y84: 2673.4457 | Z84: 2681.2695 | AA84: 2689.0933 | AB84: 2696.917 | AC84: 2704.7408 | AD84: 2712.5646 | AE84: 2712.5646 | AF84: 2712.5646 | AG84: 2712.5646 | AH84: 2712.5646 | AI84: 2712.5646 | AJ84: 2712.5646 | AK84: 2712.5646 | AL84: 2712.5646 | AM84: 2712.5646 | AN84: 2712.5646
A85: Lighting and Electronics | B85: 982.98383 | C85: 986.34509 | D85: 989.70635 | E85: 993.0676 | F85: 1002.0589 | G85: 1011.0502 | H85: 1020.0415 | I85: 1029.0329 | J85: 1038.0242 | K85: 1045.5762 | L85: 1053.1282 | M85: 1060.6802 | N85: 1068.2322 | O85: 1075.7842 | P85: 1081.8803 | Q85: 1087.9764 | R85: 1094.0724 | S85: 1100.1685 | T85: 1106.2646 | U85: 1110.9366 | V85: 1115.6087 | W85: 1120.2808 | X85: 1124.9529 | Y85: 1129.625 | Z85: 1132.9308 | AA85: 1136.2366 | AB85: 1139.5424 | AC85: 1142.8482 | AD85: 1146.154 | AE85: 1146.154 | AF85: 1146.154 | AG85: 1146.154 | AH85: 1146.154 | AI85: 1146.154 | AJ85: 1146.154 | AK85: 1146.154 | AL85: 1146.154 | AM85: 1146.154 | AN85: 1146.154
A86: Elevator or Escalator | B86: 178.39336 | C86: 179.00337 | D86: 179.61337 | E86: 180.22338 | F86: 181.85514 | G86: 183.48689 | H86: 185.11865 | I86: 186.75041 | J86: 188.38217 | K86: 189.75272 | L86: 191.12327 | M86: 192.49382 | N86: 193.86436 | O86: 195.23491 | P86: 196.34124 | Q86: 197.44756 | R86: 198.55388 | S86: 199.66021 | T86: 200.76653 | U86: 201.61443 | V86: 202.46232 | W86: 203.31022 | X86: 204.15811 | Y86: 205.00601 | Z86: 205.60595 | AA86: 206.2059 | AB86: 206.80584 | AC86: 207.40579 | AD86: 208.00573 | AE86: 208.00573 | AF86: 208.00573 | AG86: 208.00573 | AH86: 208.00573 | AI86: 208.00573 | AJ86: 208.00573 | AK86: 208.00573 | AL86: 208.00573 | AM86: 208.00573 | AN86: 208.00573
A87: Other Electricity Use | B87: 152.9086 | C87: 153.43146 | D87: 153.95432 | E87: 154.47718 | F87: 155.87583 | G87: 157.27448 | H87: 158.67313 | I87: 160.07178 | J87: 161.47043 | K87: 162.64518 | L87: 163.81994 | M87: 164.9947 | N87: 166.16946 | O87: 167.34421 | P87: 168.29249 | Q87: 169.24077 | R87: 170.18904 | S87: 171.13732 | T87: 172.0856 | U87: 172.81236 | V87: 173.53913 | W87: 174.2659 | X87: 174.99267 | Y87: 175.71944 | Z87: 176.23368 | AA87: 176.74791 | AB87: 177.26215 | AC87: 177.77639 | AD87: 178.29063 | AE87: 178.29063 | AF87: 178.29063 | AG87: 178.29063 | AH87: 178.29063 | AI87: 178.29063 | AJ87: 178.29063 | AK87: 178.29063 | AL87: 178.29063 | AM87: 178.29063 | AN87: 178.29063
A89: Variable: Electric Appliances: Total Final Energy Consumption (Thousand Gigajoule)
A90: Scenario: Business as Usual
A91: Branch: Demand\Commercial\Hospital\Class D\Electric Appliances\Air Conditioner
A92: Region: Indonesia
A93: Thousand Gigajoule to Gigajoule | B93: 1000
A94: Branch | B94: 2022 | C94: 2023 | D94: 2024 | E94: 2025 | F94: 2026 | G94: 2027 | H94: 2028 | I94: 2029 | J94: 2030 | K94: 2031 | L94: 2032 | M94: 2033 | N94: 2034 | O94: 2035 | P94: 2036 | Q94: 2037 | R94: 2038 | S94: 2039 | T94: 2040 | U94: 2041 | V94: 2042 | W94: 2043 | X94: 2044 | Y94: 2045 | Z94: 2046 | AA94: 2047 | AB94: 2048 | AC94: 2049 | AD94: 2050 | AE94: 2051 | AF94: 2052 | AG94: 2053 | AH94: 2054 | AI94: 2055 | AJ94: 2056 | AK94: 2057 | AL94: 2058 | AM94: 2059 | AN94: 2060
A95: Air Conditioner | B95: 552.81718 | C95: 554.7075 | D95: 556.59783 | E95: 558.48816 | F95: 563.54475 | G95: 568.60135 | H95: 573.65795 | I95: 578.71454 | J95: 583.77114 | K95: 588.01829 | L95: 592.26544 | M95: 596.51259 | N95: 600.75974 | O95: 605.00689 | P95: 608.43524 | Q95: 611.86359 | R95: 615.29193 | S95: 618.72028 | T95: 622.14863 | U95: 624.77615 | V95: 627.40366 | W95: 630.03118 | X95: 632.65869 | Y95: 635.28621 | Z95: 637.14536 | AA95: 639.00451 | AB95: 640.86366 | AC95: 642.7228 | AD95: 644.58195 | AE95: 644.58195 | AF95: 644.58195 | AG95: 644.58195 | AH95: 644.58195 | AI95: 644.58195 | AJ95: 644.58195 | AK95: 644.58195 | AL95: 644.58195 | AM95: 644.58195 | AN95: 644.58195
A96: Lighting and Electronics | B96: 233.58472 | C96: 234.38345 | D96: 235.18218 | E96: 235.98091 | F96: 238.1175 | G96: 240.25409 | H96: 242.39068 | I96: 244.52727 | J96: 246.66386 | K96: 248.45843 | L96: 250.253 | M96: 252.04757 | N96: 253.84215 | O96: 255.63672 | P96: 257.08531 | Q96: 258.53391 | R96: 259.98251 | S96: 261.43111 | T96: 262.8797 | U96: 263.98992 | V96: 265.10014 | W96: 266.21036 | X96: 267.32057 | Y96: 268.43079 | Z96: 269.21635 | AA96: 270.0019 | AB96: 270.78746 | AC96: 271.57302 | AD96: 272.35857 | AE96: 272.35857 | AF96: 272.35857 | AG96: 272.35857 | AH96: 272.35857 | AI96: 272.35857 | AJ96: 272.35857 | AK96: 272.35857 | AL96: 272.35857 | AM96: 272.35857 | AN96: 272.35857
A97: Elevator or Escalator | B97: 42.391301 | C97: 42.536256 | D97: 42.681211 | E97: 42.826165 | F97: 43.213917 | G97: 43.601668 | H97: 43.98942 | I97: 44.377172 | J97: 44.764923 | K97: 45.090604 | L97: 45.416286 | M97: 45.741967 | N97: 46.067649 | O97: 46.39333 | P97: 46.656223 | Q97: 46.919117 | R97: 47.182011 | S97: 47.444904 | T97: 47.707798 | U97: 47.909282 | V97: 48.110766 | W97: 48.31225 | X97: 48.513734 | Y97: 48.715218 | Z97: 48.857782 | AA97: 49.000346 | AB97: 49.142909 | AC97: 49.285473 | AD97: 49.428037 | AE97: 49.428037 | AF97: 49.428037 | AG97: 49.428037 | AH97: 49.428037 | AI97: 49.428037 | AJ97: 49.428037 | AK97: 49.428037 | AL97: 49.428037 | AM97: 49.428037 | AN97: 49.428037
A98: Other Electricity Use | B98: 36.335401 | C98: 36.459648 | D98: 36.583895 | E98: 36.708142 | F98: 37.0405 | G98: 37.372859 | H98: 37.705217 | I98: 38.037576 | J98: 38.369934 | K98: 38.64909 | L98: 38.928245 | M98: 39.2074 | N98: 39.486556 | O98: 39.765711 | P98: 39.991049 | Q98: 40.216386 | R98: 40.441723 | S98: 40.667061 | T98: 40.892398 | U98: 41.065099 | V98: 41.237799 | W98: 41.4105 | X98: 41.583201 | Y98: 41.755901 | Z98: 41.878099 | AA98: 42.000296 | AB98: 42.122494 | AC98: 42.244691 | AD98: 42.366889 | AE98: 42.366889 | AF98: 42.366889 | AG98: 42.366889 | AH98: 42.366889 | AI98: 42.366889 | AJ98: 42.366889 | AK98: 42.366889 | AL98: 42.366889 | AM98: 42.366889 | AN98: 42.366889
A100: Variable: Electric Appliances: Total Final Energy Consumption (Thousand Gigajoule)
A101: Scenario: Business as Usual
A102: Branch: Demand\Commercial\Hospital\Puskesmas\Electric Appliances\Air Conditioner
A103: Region: Indonesia
A104: Thousand Gigajoule to Gigajoule | B104: 1000
A105: Branch | B105: 2022 | C105: 2023 | D105: 2024 | E105: 2025 | F105: 2026 | G105: 2027 | H105: 2028 | I105: 2029 | J105: 2030 | K105: 2031 | L105: 2032 | M105: 2033 | N105: 2034 | O105: 2035 | P105: 2036 | Q105: 2037 | R105: 2038 | S105: 2039 | T105: 2040 | U105: 2041 | V105: 2042 | W105: 2043 | X105: 2044 | Y105: 2045 | Z105: 2046 | AA105: 2047 | AB105: 2048 | AC105: 2049 | AD105: 2050 | AE105: 2051 | AF105: 2052 | AG105: 2053 | AH105: 2054 | AI105: 2055 | AJ105: 2056 | AK105: 2057 | AL105: 2058 | AM105: 2059 | AN105: 2060
A106: Air Conditioner | B106: 2409.5809 | C106: 2417.8203 | D106: 2426.0597 | E106: 2434.2992 | F106: 2456.3395 | G106: 2478.3798 | H106: 2500.4202 | I106: 2522.4605 | J106: 2544.5009 | K106: 2563.0131 | L106: 2581.5252 | M106: 2600.0374 | N106: 2618.5496 | O106: 2637.0618 | P106: 2652.005 | Q106: 2666.9483 | R106: 2681.8915 | S106: 2696.8348 | T106: 2711.778 | U106: 2723.2306 | V106: 2734.6833 | W106: 2746.1359 | X106: 2757.5885 | Y106: 2769.0412 | Z106: 2777.1447 | AA106: 2785.2482 | AB106: 2793.3517 | AC106: 2801.4553 | AD106: 2809.5588 | AE106: 2809.5588 | AF106: 2809.5588 | AG106: 2809.5588 | AH106: 2809.5588 | AI106: 2809.5588 | AJ106: 2809.5588 | AK106: 2809.5588 | AL106: 2809.5588 | AM106: 2809.5588 | AN106: 2809.5588
A107: Lighting and Electronics | B107: 1018.1328 | C107: 1021.6142 | D107: 1025.0957 | E107: 1028.5771 | F107: 1037.8899 | G107: 1047.2028 | H107: 1056.5156 | I107: 1065.8284 | J107: 1075.1412 | K107: 1082.9633 | L107: 1090.7853 | M107: 1098.6074 | N107: 1106.4294 | O107: 1114.2515 | P107: 1120.5655 | Q107: 1126.8796 | R107: 1133.1936 | S107: 1139.5076 | T107: 1145.8217 | U107: 1150.6608 | V107: 1155.5 | W107: 1160.3391 | X107: 1165.1783 | Y107: 1170.0174 | Z107: 1173.4414 | AA107: 1176.8654 | AB107: 1180.2895 | AC107: 1183.7135 | AD107: 1187.1375 | AE107: 1187.1375 | AF107: 1187.1375 | AG107: 1187.1375 | AH107: 1187.1375 | AI107: 1187.1375 | AJ107: 1187.1375 | AK107: 1187.1375 | AL107: 1187.1375 | AM107: 1187.1375 | AN107: 1187.1375
A108: Elevator or Escalator | B108: 184.77224 | C108: 185.40406 | D108: 186.03588 | E108: 186.6677 | F108: 188.3578 | G108: 190.04791 | H108: 191.73801 | I108: 193.42812 | J108: 195.11822 | K108: 196.53778 | L108: 197.95733 | M108: 199.37689 | N108: 200.79645 | O108: 202.21601 | P108: 203.36189 | Q108: 204.50777 | R108: 205.65365 | S108: 206.79954 | T108: 207.94542 | U108: 208.82363 | V108: 209.70185 | W108: 210.58006 | X108: 211.45828 | Y108: 212.33649 | Z108: 212.95789 | AA108: 213.57928 | AB108: 214.20068 | AC108: 214.82208 | AD108: 215.44348 | AE108: 215.44348 | AF108: 215.44348 | AG108: 215.44348 | AH108: 215.44348 | AI108: 215.44348 | AJ108: 215.44348 | AK108: 215.44348 | AL108: 215.44348 | AM108: 215.44348 | AN108: 215.44348
A109: Other Electricity Use | B109: 158.37621 | C109: 158.91777 | D109: 159.45933 | E109: 160.00088 | F109: 161.44955 | G109: 162.89821 | H109: 164.34687 | I109: 165.79553 | J109: 167.24419 | K109: 168.46095 | L109: 169.67772 | M109: 170.89448 | N109: 172.11124 | O109: 173.32801 | P109: 174.31019 | Q109: 175.29237 | R109: 176.27456 | S109: 177.25674 | T109: 178.23893 | U109: 178.99168 | V109: 179.74444 | W109: 180.4972 | X109: 181.24995 | Y109: 182.00271 | Z109: 182.53533 | AA109: 183.06796 | AB109: 183.60058 | AC109: 184.13321 | AD109: 184.66584 | AE109: 184.66584 | AF109: 184.66584 | AG109: 184.66584 | AH109: 184.66584 | AI109: 184.66584 | AJ109: 184.66584 | AK109: 184.66584 | AL109: 184.66584 | AM109: 184.66584 | AN109: 184.66584
...

Sheet Electricity-Conversion
A1: Variable: Electric Appliances: Total Final Energy Consumption (Gigajoule)
A2: Scenario: Business as Usual
A3: Branch: Demand\Commercial\Office\Conventional Office\Electric Appliances\Air Conditioner
A4: Region: Indonesia
A6: Branch | B6: 2022 | C6: 2023 | D6: 2024 | E6: 2025 | F6: 2026 | G6: 2027 | H6: 2028 | I6: 2029 | J6: 2030 | K6: 2031 | L6: 2032 | M6: 2033 | N6: 2034 | O6: 2035 | P6: 2036 | Q6: 2037 | R6: 2038 | S6: 2039 | T6: 2040 | U6: 2041 | V6: 2042 | W6: 2043 | X6: 2044 | Y6: 2045 | Z6: 2046 | AA6: 2047 | AB6: 2048 | AC6: 2049 | AD6: 2050 | AE6: 2051 | AF6: 2052 | AG6: 2053 | AH6: 2054 | AI6: 2055 | AJ6: 2056 | AK6: 2057 | AL6: 2058 | AM6: 2059 | AN6: 2060
A7: Air Conditioner | B7: =Electricity!B7*Electricity!$B$5 -> 45305693 | C7: =Electricity!C7*Electricity!$B$5 -> 47574826 | D7: =Electricity!D7*Electricity!$B$5 -> 48037120 | E7: =Electricity!E7*Electricity!$B$5 -> 48501453 | F7: =Electricity!F7*Electricity!$B$5 -> 49244504 | G7: =Electricity!G7*Electricity!$B$5 -> 49993009 | H7: =Electricity!H7*Electricity!$B$5 -> 50746968 | I7: =Electricity!I7*Electricity!$B$5 -> 51506382 | ... AN7: =Electricity!AN7*Electricity!$B$5 -> 68144825
A8: Lighting and Electronics | B8: =Electricity!B8*Electricity!$B$5 -> 17669927 | C8: =Electricity!C8*Electricity!$B$5 -> 18554924 | D8: =Electricity!D8*Electricity!$B$5 -> 18735226 | E8: =Electricity!E8*Electricity!$B$5 -> 18916323 | F8: =Electricity!F8*Electricity!$B$5 -> 19206125 | G8: =Electricity!G8*Electricity!$B$5 -> 19498054 | H8: =Electricity!H8*Electricity!$B$5 -> 19792109 | I8: =Electricity!I8*Electricity!$B$5 -> 20088292 | ... AN8: =Electricity!AN8*Electricity!$B$5 -> 26577545
A9: Elevator or Escalator | B9: =Electricity!B9*Electricity!$B$5 -> 4806220.2 | C9: =Electricity!C9*Electricity!$B$5 -> 5046939.5 | D9: =Electricity!D9*Electricity!$B$5 -> 5095981.5 | E9: =Electricity!E9*Electricity!$B$5 -> 5145239.9 | F9: =Electricity!F9*Electricity!$B$5 -> 5224065.9 | G9: =Electricity!G9*Electricity!$B$5 -> 5303470.6 | H9: =Electricity!H9*Electricity!$B$5 -> 5383453.7 | I9: =Electricity!I9*Electricity!$B$5 -> 5464015.5 | ... AN9: =Electricity!AN9*Electricity!$B$5 -> 7229092.2
A10: Other Electricity Use | B10: =Electricity!B10*Electricity!$B$5 -> 2897868.1 | C10: =Electricity!C10*Electricity!$B$5 -> 3043007.6 | D10: =Electricity!D10*Electricity!$B$5 -> 3072577.1 | E10: =Electricity!E10*Electricity!$B$5 -> 3102277 | F10: =Electricity!F10*Electricity!$B$5 -> 3149804.5 | G10: =Electricity!G10*Electricity!$B$5 -> 3197680.8 | H10: =Electricity!H10*Electricity!$B$5 -> 3245905.9 | I10: =Electricity!I10*Electricity!$B$5 -> 3294479.9 | ... AN10: =Electricity!AN10*Electricity!$B$5 -> 4358717.4
A12: Variable: Electric Appliances: Total Final Energy Consumption (Gigajoule)
A13: Scenario: Business as Usual
A14: Branch: Demand\Commercial\Hotel\Five Star\Electric Appliances\Air Conditioner
A15: Region: Indonesia
A17: Branch | B17: 2022 | C17: 2023 | D17: 2024 | E17: 2025 | F17: 2026 | G17: 2027 | H17: 2028 | I17: 2029 | J17: 2030 | K17: 2031 | L17: 2032 | M17: 2033 | N17: 2034 | O17: 2035 | P17: 2036 | Q17: 2037 | R17: 2038 | S17: 2039 | T17: 2040 | U17: 2041 | V17: 2042 | W17: 2043 | X17: 2044 | Y17: 2045 | Z17: 2046 | AA17: 2047 | AB17: 2048 | AC17: 2049 | AD17: 2050 | AE17: 2051 | AF17: 2052 | AG17: 2053 | AH17: 2054 | AI17: 2055 | AJ17: 2056 | AK17: 2057 | AL17: 2058 | AM17: 2059 | AN17: 2060
A18: Air Conditioner | B18: =Electricity!B18*Electricity!$B$16 -> 2398364.2 | C18: =Electricity!C18*Electricity!$B$16 -> 2554892.5 | D18: =Electricity!D18*Electricity!$B$16 -> 2721636.7 | E18: =Electricity!E18*Electricity!$B$16 -> 2899263.3 | F18: =Electricity!F18*Electricity!$B$16 -> 3088482.6 | G18: =Electricity!G18*Electricity!$B$16 -> 3290051.2 | H18: =Electricity!H18*Electricity!$B$16 -> 3504775.2 | I18: =Electricity!I18*Electricity!$B$16 -> 3733513.1 | ... AN18: =Electricity!AN18*Electricity!$B$16 -> 26503325
A19: Lighting and Electronics | B19: =Electricity!B19*Electricity!$B$16 -> 748810.54 | C19: =Electricity!C19*Electricity!$B$16 -> 797681.38 | D19: =Electricity!D19*Electricity!$B$16 -> 849741.76 | E19: =Electricity!E19*Electricity!$B$16 -> 905199.84 | F19: =Electricity!F19*Electricity!$B$16 -> 964277.37 | G19: =Electricity!G19*Electricity!$B$16 -> 1027210.6 | H19: =Electricity!H19*Electricity!$B$16 -> 1094251.1 | I19: =Electricity!I19*Electricity!$B$16 -> 1165667 | ... AN19: =Electricity!AN19*Electricity!$B$16 -> 8274793.9
A20: Elevator or Escalator | B20: =Electricity!B20*Electricity!$B$16 -> 224281.42 | C20: =Electricity!C20*Electricity!$B$16 -> 238919.06 | D20: =Electricity!D20*Electricity!$B$16 -> 254512.02 | E20: =Electricity!E20*Electricity!$B$16 -> 271122.66 | F20: =Electricity!F20*Electricity!$B$16 -> 288817.38 | G20: =Electricity!G20*Electricity!$B$16 -> 307666.93 | H20: =Electricity!H20*Electricity!$B$16 -> 327746.7 | I20: =Electricity!I20*Electricity!$B$16 -> 349136.97 | ... AN20: =Electricity!AN20*Electricity!$B$16 -> 2478440.7
A21: Other Electricity Use | B21: =Electricity!B21*Electricity!$B$16 -> 245986.07 | C21: =Electricity!C21*Electricity!$B$16 -> 262040.26 | D21: =Electricity!D21*Electricity!$B$16 -> 279142.22 | E21: =Electricity!E21*Electricity!$B$16 -> 297360.33 | F21: =Electricity!F21*Electricity!$B$16 -> 316767.44 | G21: =Electricity!G21*Electricity!$B$16 -> 337441.15 | H21: =Electricity!H21*Electricity!$B$16 -> 359464.12 | I21: =Electricity!I21*Electricity!$B$16 -> 382924.42 | ... AN21: =Electricity!AN21*Electricity!$B$16 -> 2718289.8
A23: Variable: Electric Appliances: Total Final Energy Consumption (Gigajoule)
A24: Scenario: Business as Usual
A25: Branch: Demand\Commercial\Hotel\Four Star\Electric Appliances\Air Conditioner
A26: Region: Indonesia
A28: Branch | B28: 2022 | C28: 2023 | D28: 2024 | E28: 2025 | F28: 2026 | G28: 2027 | H28: 2028 | I28: 2029 | J28: 2030 | K28: 2031 | L28: 2032 | M28: 2033 | N28: 2034 | O28: 2035 | P28: 2036 | Q28: 2037 | R28: 2038 | S28: 2039 | T28: 2040 | U28: 2041 | V28: 2042 | W28: 2043 | X28: 2044 | Y28: 2045 | Z28: 2046 | AA28: 2047 | AB28: 2048 | AC28: 2049 | AD28: 2050 | AE28: 2051 | AF28: 2052 | AG28: 2053 | AH28: 2054 | AI28: 2055 | AJ28: 2056 | AK28: 2057 | AL28: 2058 | AM28: 2059 | AN28: 2060
A29: Air Conditioner | B29: =Electricity!B29*Electricity!$B$27 -> 5256826.6 | C29: =Electricity!C29*Electricity!$B$27 -> 5599911.4 | D29: =Electricity!D29*Electricity!$B$27 -> 5965387.6 | E29: =Electricity!E29*Electricity!$B$27 -> 6354716.4 | F29: =Electricity!F29*Electricity!$B$27 -> 6769454.5 | G29: =Electricity!G29*Electricity!$B$27 -> 7211260.5 | H29: =Electricity!H29*Electricity!$B$27 -> 7681900.7 | I29: =Electricity!I29*Electricity!$B$27 -> 8183257.1 | ... AN29: =Electricity!AN29*Electricity!$B$27 -> 58091004
A30: Lighting and Electronics | B30: =Electricity!B30*Electricity!$B$27 -> 1641271.7 | C30: =Electricity!C30*Electricity!$B$27 -> 1748388.6 | D30: =Electricity!D30*Electricity!$B$27 -> 1862496.6 | E30: =Electricity!E30*Electricity!$B$27 -> 1984051.7 | F30: =Electricity!F30*Electricity!$B$27 -> 2113540.1 | G30: =Electricity!G30*Electricity!$B$27 -> 2251479.5 | H30: =Electricity!H30*Electricity!$B$27 -> 2398421.5 | I30: =Electricity!I30*Electricity!$B$27 -> 2554953.6 | ... AN30: =Electricity!AN30*Electricity!$B$27 -> 18137010
A31: Elevator or Escalator | B31: =Electricity!B31*Electricity!$B$27 -> 491588.61 | C31: =Electricity!C31*Electricity!$B$27 -> 523671.96 | D31: =Electricity!D31*Electricity!$B$27 -> 557849.21 | E31: =Electricity!E31*Electricity!$B$27 -> 594257.03 | F31: =Electricity!F31*Electricity!$B$27 -> 633041 | G31: =Electricity!G31*Electricity!$B$27 -> 674356.18 | H31: =Electricity!H31*Electricity!$B$27 -> 718367.79 | I31: =Electricity!I31*Electricity!$B$27 -> 765251.79 | ... AN31: =Electricity!AN31*Electricity!$B$27 -> 5432341.3
A32: Other Electricity Use | B32: =Electricity!B32*Electricity!$B$27 -> 539161.7 | C32: =Electricity!C32*Electricity!$B$27 -> 574349.89 | D32: =Electricity!D32*Electricity!$B$27 -> 611834.62 | E32: =Electricity!E32*Electricity!$B$27 -> 651765.78 | F32: =Electricity!F32*Electricity!$B$27 -> 694303.03 | G32: =Electricity!G32*Electricity!$B$27 -> 739616.46 | H32: =Electricity!H32*Electricity!$B$27 -> 787887.25 | I32: =Electricity!I32*Electricity!$B$27 -> 839308.42 | ... AN32: =Electricity!AN32*Electricity!$B$27 -> 5958051.7
A34: Variable: Electric Appliances: Total Final Energy Consumption (Gigajoule)
A35: Scenario: Business as Usual
A36: Branch: Demand\Commercial\Hotel\Three Star\Electric Appliances\Air Conditioner
A37: Region: Indonesia
A39: Branch | B39: 2022 | C39: 2023 | D39: 2024 | E39: 2025 | F39: 2026 | G39: 2027 | H39: 2028 | I39: 2029 | J39: 2030 | K39: 2031 | L39: 2032 | M39: 2033 | N39: 2034 | O39: 2035 | P39: 2036 | Q39: 2037 | R39: 2038 | S39: 2039 | T39: 2040 | U39: 2041 | V39: 2042 | W39: 2043 | X39: 2044 | Y39: 2045 | Z39: 2046 | AA39: 2047 | AB39: 2048 | AC39: 2049 | AD39: 2050 | AE39: 2051 | AF39: 2052 | AG39: 2053 | AH39: 2054 | AI39: 2055 | AJ39: 2056 | AK39: 2057 | AL39: 2058 | AM39: 2059 | AN39: 2060
A40: Air Conditioner | B40: =Electricity!B40*Electricity!$B$38 -> 3946736.8 | C40: =Electricity!C40*Electricity!$B$38 -> 4204319.1 | D40: =Electricity!D40*Electricity!$B$38 -> 4478712.4 | E40: =Electricity!E40*Electricity!$B$38 -> 4771013.9 | F40: =Electricity!F40*Electricity!$B$38 -> 5082392.3 | G40: =Electricity!G40*Electricity!$B$38 -> 5414092.8 | H40: =Electricity!H40*Electricity!$B$38 -> 5767441.5 | I40: =Electricity!I40*Electricity!$B$38 -> 6143851.4 | ... AN40: =Electricity!AN40*Electricity!$B$38 -> 43613746
A41: Lighting and Electronics | B41: =Electricity!B41*Electricity!$B$38 -> 1232239.1 | C41: =Electricity!C41*Electricity!$B$38 -> 1312660.7 | D41: =Electricity!D41*Electricity!$B$38 -> 1398331 | E41: =Electricity!E41*Electricity!$B$38 -> 1489592.6 | F41: =Electricity!F41*Electricity!$B$38 -> 1586810.3 | G41: =Electricity!G41*Electricity!$B$38 -> 1690372.9 | H41: =Electricity!H41*Electricity!$B$38 -> 1800694.4 | I41: =Electricity!I41*Electricity!$B$38 -> 1918216.1 | ... AN41: =Electricity!AN41*Electricity!$B$38 -> 13616962
A42: Elevator or Escalator | B42: =Electricity!B42*Electricity!$B$38 -> 369076.44 | C42: =Electricity!C42*Electricity!$B$38 -> 393164.08 | D42: =Electricity!D42*Electricity!$B$38 -> 418823.78 | E42: =Electricity!E42*Electricity!$B$38 -> 446158.16 | F42: =Electricity!F42*Electricity!$B$38 -> 475276.51 | G42: =Electricity!G42*Electricity!$B$38 -> 506295.25 | H42: =Electricity!H42*Electricity!$B$38 -> 539338.42 | I42: =Electricity!I42*Electricity!$B$38 -> 574538.14 | ... AN42: =Electricity!AN42*Electricity!$B$38 -> 4078510.2
A43: Other Electricity Use | B43: =Electricity!B43*Electricity!$B$38 -> 404793.51 | C43: =Electricity!C43*Electricity!$B$38 -> 431212.21 | D43: =Electricity!D43*Electricity!$B$38 -> 459355.12 | E43: =Electricity!E43*Electricity!$B$38 -> 489334.76 | F43: =Electricity!F43*Electricity!$B$38 -> 521271.01 | G43: =Electricity!G43*Electricity!$B$38 -> 555291.56 | H43: =Electricity!H43*Electricity!$B$38 -> 591532.46 | I43: =Electricity!I43*Electricity!$B$38 -> 630138.61 | ... AN43: =Electricity!AN43*Electricity!$B$38 -> 4473204.8
A45: Variable: Electric Appliances: Total Final Energy Consumption (Gigajoule)
A46: Scenario: Business as Usual
A47: Branch: Demand\Commercial\Hotel\Budget\Electric Appliances\Air Conditioner
A48: Region: Indonesia
A50: Branch | B50: 2022 | C50: 2023 | D50: 2024 | E50: 2025 | F50: 2026 | G50: 2027 | H50: 2028 | I50: 2029 | J50: 2030 | K50: 2031 | L50: 2032 | M50: 2033 | N50: 2034 | O50: 2035 | P50: 2036 | Q50: 2037 | R50: 2038 | S50: 2039 | T50: 2040 | U50: 2041 | V50: 2042 | W50: 2043 | X50: 2044 | Y50: 2045 | Z50: 2046 | AA50: 2047 | AB50: 2048 | AC50: 2049 | AD50: 2050 | AE50: 2051 | AF50: 2052 | AG50: 2053 | AH50: 2054 | AI50: 2055 | AJ50: 2056 | AK50: 2057 | AL50: 2058 | AM50: 2059 | AN50: 2060
A51: Air Conditioner | B51: =Electricity!B51*Electricity!$B$49 -> 6601434.2 | C51: =Electricity!C51*Electricity!$B$49 -> 7032274.4 | D51: =Electricity!D51*Electricity!$B$49 -> 7491233.1 | E51: =Electricity!E51*Electricity!$B$49 -> 7980145.7 | F51: =Electricity!F51*Electricity!$B$49 -> 8500966.9 | G51: =Electricity!G51*Electricity!$B$49 -> 9055779.3 | H51: =Electricity!H51*Electricity!$B$49 -> 9646801.4 | I51: =Electricity!I51*Electricity!$B$49 -> 10276396 | ... AN51: =Electricity!AN51*Electricity!$B$49 -> 72949704
A52: Lighting and Electronics | B52: =Electricity!B52*Electricity!$B$49 -> 2061081.3 | C52: =Electricity!C52*Electricity!$B$49 -> 2195597 | D52: =Electricity!D52*Electricity!$B$49 -> 2338891.8 | E52: =Electricity!E52*Electricity!$B$49 -> 2491538.7 | F52: =Electricity!F52*Electricity!$B$49 -> 2654148 | G52: =Electricity!G52*Electricity!$B$49 -> 2827370 | H52: =Electricity!H52*Electricity!$B$49 -> 3011897.3 | I52: =Electricity!I52*Electricity!$B$49 -> 3208467.6 | ... AN52: =Electricity!AN52*Electricity!$B$49 -> 22776152
A53: Elevator or Escalator | B53: =Electricity!B53*Electricity!$B$49 -> 617328.69 | C53: =Electricity!C53*Electricity!$B$49 -> 657618.42 | D53: =Electricity!D53*Electricity!$B$49 -> 700537.64 | E53: =Electricity!E53*Electricity!$B$49 -> 746257.97 | F53: =Electricity!F53*Electricity!$B$49 -> 794962.21 | G53: =Electricity!G53*Electricity!$B$49 -> 846845.13 | H53: =Electricity!H53*Electricity!$B$49 -> 902114.16 | I53: =Electricity!I53*Electricity!$B$49 -> 960990.3 | ... AN53: =Electricity!AN53*Electricity!$B$49 -> 6821842.6
A54: Other Electricity Use | B54: =Electricity!B54*Electricity!$B$49 -> 677070.18 | C54: =Electricity!C54*Electricity!$B$49 -> 721258.91 | D54: =Electricity!D54*Electricity!$B$49 -> 768331.6 | E54: =Electricity!E54*Electricity!$B$49 -> 818476.48 | F54: =Electricity!F54*Electricity!$B$49 -> 871894.04 | G54: =Electricity!G54*Electricity!$B$49 -> 928797.88 | H54: =Electricity!H54*Electricity!$B$49 -> 989415.53 | I54: =Electricity!I54*Electricity!$B$49 -> 1053989.4 | ... AN54: =Electricity!AN54*Electricity!$B$49 -> 7482020.9
A56: Variable: Electric Appliances: Total Final Energy Consumption (Gigajoule)
A57: Scenario: Business as Usual
A58: Branch: Demand\Commercial\Hospital\Class A\Electric Appliances\Air Conditioner
A59: Region: Indonesia
A61: Branch | B61: 2022 | C61: 2023 | D61: 2024 | E61: 2025 | F61: 2026 | G61: 2027 | H61: 2028 | I61: 2029 | J61: 2030 | K61: 2031 | L61: 2032 | M61: 2033 | N61: 2034 | O61: 2035 | P61: 2036 | Q61: 2037 | R61: 2038 | S61: 2039 | T61: 2040 | U61: 2041 | V61: 2042 | W61: 2043 | X61: 2044 | Y61: 2045 | Z61: 2046 | AA61: 2047 | AB61: 2048 | AC61: 2049 | AD61: 2050 | AE61: 2051 | AF61: 2052 | AG61: 2053 | AH61: 2054 | AI61: 2055 | AJ61: 2056 | AK61: 2057 | AL61: 2058 | AM61: 2059 | AN61: 2060
A62: Air Conditioner | B62: =Electricity!B62*Electricity!$B$60 -> 712290.1 | C62: =Electricity!C62*Electricity!$B$60 -> 714725.74 | D62: =Electricity!D62*Electricity!$B$60 -> 717161.38 | E62: =Electricity!E62*Electricity!$B$60 -> 719597.01 | F62: =Electricity!F62*Electricity!$B$60 -> 726112.3 | G62: =Electricity!G62*Electricity!$B$60 -> 732627.59 | H62: =Electricity!H62*Electricity!$B$60 -> 739142.88 | I62: =Electricity!I62*Electricity!$B$60 -> 745658.17 | ... AN62: =Electricity!AN62*Electricity!$B$60 -> 830526.56
A63: Lighting and Electronics | B63: =Electricity!B63*Electricity!$B$60 -> 300967.65 | C63: =Electricity!C63*Electricity!$B$60 -> 301996.79 | D63: =Electricity!D63*Electricity!$B$60 -> 303025.93 | E63: =Electricity!E63*Electricity!$B$60 -> 304055.07 | F63: =Electricity!F63*Electricity!$B$60 -> 306808.01 | G63: =Electricity!G63*Electricity!$B$60 -> 309560.95 | H63: =Electricity!H63*Electricity!$B$60 -> 312313.89 | I63: =Electricity!I63*Electricity!$B$60 -> 315066.83 | ... AN63: =Electricity!AN63*Electricity!$B$60 -> 350926.71
A64: Elevator or Escalator | B64: =Electricity!B64*Electricity!$B$60 -> 54620.055 | C64: =Electricity!C64*Electricity!$B$60 -> 54806.825 | D64: =Electricity!D64*Electricity!$B$60 -> 54993.595 | E64: =Electricity!E64*Electricity!$B$60 -> 55180.365 | F64: =Electricity!F64*Electricity!$B$60 -> 55679.973 | G64: =Electricity!G64*Electricity!$B$60 -> 56179.58 | H64: =Electricity!H64*Electricity!$B$60 -> 56679.188 | I64: =Electricity!I64*Electricity!$B$60 -> 57178.795 | ... AN64: =Electricity!AN64*Electricity!$B$60 -> 63686.7
A65: Other Electricity Use | B65: =Electricity!B65*Electricity!$B$60 -> 46817.19 | C65: =Electricity!C65*Electricity!$B$60 -> 46977.279 | D65: =Electricity!D65*Electricity!$B$60 -> 47137.367 | E65: =Electricity!E65*Electricity!$B$60 -> 47297.456 | F65: =Electricity!F65*Electricity!$B$60 -> 47725.691 | G65: =Electricity!G65*Electricity!$B$60 -> 48153.926 | H65: =Electricity!H65*Electricity!$B$60 -> 48582.161 | I65: =Electricity!I65*Electricity!$B$60 -> 49010.396 | ... AN65: =Electricity!AN65*Electricity!$B$60 -> 54588.6
A67: Variable: Electric Appliances: Total Final Energy Consumption (Gigajoule)
A68: Scenario: Business as Usual
A69: Branch: Demand\Commercial\Hospital\Class B\Electric Appliances\Air Conditioner
A70: Region: Indonesia
A72: Branch | B72: 2022 | C72: 2023 | D72: 2024 | E72: 2025 | F72: 2026 | G72: 2027 | H72: 2028 | I72: 2029 | J72: 2030 | K72: 2031 | L72: 2032 | M72: 2033 | N72: 2034 | O72: 2035 | P72: 2036 | Q72: 2037 | R72: 2038 | S72: 2039 | T72: 2040 | U72: 2041 | V72: 2042 | W72: 2043 | X72: 2044 | Y72: 2045 | Z72: 2046 | AA72: 2047 | AB72: 2048 | AC72: 2049 | AD72: 2050 | AE72: 2051 | AF72: 2052 | AG72: 2053 | AH72: 2054 | AI72: 2055 | AJ72: 2056 | AK72: 2057 | AL72: 2058 | AM72: 2059 | AN72: 2060
A73: Air Conditioner | B73: =Electricity!B73*Electricity!$B$71 -> 3610566.1 | C73: =Electricity!C73*Electricity!$B$71 -> 3622912.3 | D73: =Electricity!D73*Electricity!$B$71 -> 3635258.4 | E73: =Electricity!E73*Electricity!$B$71 -> 3647604.5 | F73: =Electricity!F73*Electricity!$B$71 -> 3680630.2 | G73: =Electricity!G73*Electricity!$B$71 -> 3713655.9 | H73: =Electricity!H73*Electricity!$B$71 -> 3746681.6 | I73: =Electricity!I73*Electricity!$B$71 -> 3779707.3 | ... AN73: =Electricity!AN73*Electricity!$B$71 -> 4209901.3
A74: Lighting and Electronics | B74: =Electricity!B74*Electricity!$B$71 -> 1525591.3 | C74: =Electricity!C74*Electricity!$B$71 -> 1530808 | D74: =Electricity!D74*Electricity!$B$71 -> 1536024.7 | E74: =Electricity!E74*Electricity!$B$71 -> 1541241.3 | F74: =Electricity!F74*Electricity!$B$71 -> 1555195.9 | G74: =Electricity!G74*Electricity!$B$71 -> 1569150.4 | H74: =Electricity!H74*Electricity!$B$71 -> 1583104.9 | I74: =Electricity!I74*Electricity!$B$71 -> 1597059.4 | ... AN74: =Electricity!AN74*Electricity!$B$71 -> 1778831.6
A75: Elevator or Escalator | B75: =Electricity!B75*Electricity!$B$71 -> 276866.57 | C75: =Electricity!C75*Electricity!$B$71 -> 277813.3 | D75: =Electricity!D75*Electricity!$B$71 -> 278760.03 | E75: =Electricity!E75*Electricity!$B$71 -> 279706.76 | F75: =Electricity!F75*Electricity!$B$71 -> 282239.25 | G75: =Electricity!G75*Electricity!$B$71 -> 284771.74 | H75: =Electricity!H75*Electricity!$B$71 -> 287304.22 | I75: =Electricity!I75*Electricity!$B$71 -> 289836.71 | ... AN75: =Electricity!AN75*Electricity!$B$71 -> 322824.99
A76: Other Electricity Use | B76: =Electricity!B76*Electricity!$B$71 -> 237314.21 | C76: =Electricity!C76*Electricity!$B$71 -> 238125.69 | D76: =Electricity!D76*Electricity!$B$71 -> 238937.17 | E76: =Electricity!E76*Electricity!$B$71 -> 239748.65 | F76: =Electricity!F76*Electricity!$B$71 -> 241919.36 | G76: =Electricity!G76*Electricity!$B$71 -> 244090.06 | H76: =Electricity!H76*Electricity!$B$71 -> 246260.76 | I76: =Electricity!I76*Electricity!$B$71 -> 248431.47 | ... AN76: =Electricity!AN76*Electricity!$B$71 -> 276707.13
A78: Variable: Electric Appliances: Total Final Energy Consumption (Gigajoule)
A79: Scenario: Business as Usual
A80: Branch: Demand\Commercial\Hospital\Class C\Electric Appliances\Air Conditioner
A81: Region: Indonesia
A83: Branch | B83: 2022 | C83: 2023 | D83: 2024 | E83: 2025 | F83: 2026 | G83: 2027 | H83: 2028 | I83: 2029 | J83: 2030 | K83: 2031 | L83: 2032 | M83: 2033 | N83: 2034 | O83: 2035 | P83: 2036 | Q83: 2037 | R83: 2038 | S83: 2039 | T83: 2040 | U83: 2041 | V83: 2042 | W83: 2043 | X83: 2044 | Y83: 2045 | Z83: 2046 | AA83: 2047 | AB83: 2048 | AC83: 2049 | AD83: 2050 | AE83: 2051 | AF83: 2052 | AG83: 2053 | AH83: 2054 | AI83: 2055 | AJ83: 2056 | AK83: 2057 | AL83: 2058 | AM83: 2059 | AN83: 2060
A84: Air Conditioner | B84: =Electricity!B84*Electricity!$B$82 -> 2326395.1 | C84: =Electricity!C84*Electricity!$B$82 -> 2334350 | D84: =Electricity!D84*Electricity!$B$82 -> 2342305 | E84: =Electricity!E84*Electricity!$B$82 -> 2350260 | F84: =Electricity!F84*Electricity!$B$82 -> 2371539.4 | G84: =Electricity!G84*Electricity!$B$82 -> 2392818.9 | H84: =Electricity!H84*Electricity!$B$82 -> 2414098.3 | I84: =Electricity!I84*Electricity!$B$82 -> 2435377.8 | ... AN84: =Electricity!AN84*Electricity!$B$82 -> 2712564.6
A85: Lighting and Electronics | B85: =Electricity!B85*Electricity!$B$82 -> 982983.83 | C85: =Electricity!C85*Electricity!$B$82 -> 986345.09 | D85: =Electricity!D85*Electricity!$B$82 -> 989706.35 | E85: =Electricity!E85*Electricity!$B$82 -> 993067.6 | F85: =Electricity!F85*Electricity!$B$82 -> 1002058.9 | G85: =Electricity!G85*Electricity!$B$82 -> 1011050.2 | H85: =Electricity!H85*Electricity!$B$82 -> 1020041.5 | I85: =Electricity!I85*Electricity!$B$82 -> 1029032.9 | ... AN85: =Electricity!AN85*Electricity!$B$82 -> 1146154
A86: Elevator or Escalator | B86: =Electricity!B86*Electricity!$B$82 -> 178393.36 | C86: =Electricity!C86*Electricity!$B$82 -> 179003.37 | D86: =Electricity!D86*Electricity!$B$82 -> 179613.37 | E86: =Electricity!E86*Electricity!$B$82 -> 180223.38 | F86: =Electricity!F86*Electricity!$B$82 -> 181855.14 | G86: =Electricity!G86*Electricity!$B$82 -> 183486.89 | H86: =Electricity!H86*Electricity!$B$82 -> 185118.65 | I86: =Electricity!I86*Electricity!$B$82 -> 186750.41 | ... AN86: =Electricity!AN86*Electricity!$B$82 -> 208005.73
A87: Other Electricity Use | B87: =Electricity!B87*Electricity!$B$82 -> 152908.6 | C87: =Electricity!C87*Electricity!$B$82 -> 153431.46 | D87: =Electricity!D87*Electricity!$B$82 -> 153954.32 | E87: =Electricity!E87*Electricity!$B$82 -> 154477.18 | F87: =Electricity!F87*Electricity!$B$82 -> 155875.83 | G87: =Electricity!G87*Electricity!$B$82 -> 157274.48 | H87: =Electricity!H87*Electricity!$B$82 -> 158673.13 | I87: =Electricity!I87*Electricity!$B$82 -> 160071.78 | ... AN87: =Electricity!AN87*Electricity!$B$82 -> 178290.63
A89: Variable: Electric Appliances: Total Final Energy Consumption (Gigajoule)
A90: Scenario: Business as Usual
A91: Branch: Demand\Commercial\Hospital\Class D\Electric Appliances\Air Conditioner
A92: Region: Indonesia
A94: Branch | B94: 2022 | C94: 2023 | D94: 2024 | E94: 2025 | F94: 2026 | G94: 2027 | H94: 2028 | I94: 2029 | J94: 2030 | K94: 2031 | L94: 2032 | M94: 2033 | N94: 2034 | O94: 2035 | P94: 2036 | Q94: 2037 | R94: 2038 | S94: 2039 | T94: 2040 | U94: 2041 | V94: 2042 | W94: 2043 | X94: 2044 | Y94: 2045 | Z94: 2046 | AA94: 2047 | AB94: 2048 | AC94: 2049 | AD94: 2050 | AE94: 2051 | AF94: 2052 | AG94: 2053 | AH94: 2054 | AI94: 2055 | AJ94: 2056 | AK94: 2057 | AL94: 2058 | AM94: 2059 | AN94: 2060
A95: Air Conditioner | B95: =Electricity!B95*Electricity!$B$93 -> 552817.18 | C95: =Electricity!C95*Electricity!$B$93 -> 554707.5 | D95: =Electricity!D95*Electricity!$B$93 -> 556597.83 | E95: =Electricity!E95*Electricity!$B$93 -> 558488.16 | F95: =Electricity!F95*Electricity!$B$93 -> 563544.75 | G95: =Electricity!G95*Electricity!$B$93 -> 568601.35 | H95: =Electricity!H95*Electricity!$B$93 -> 573657.95 | I95: =Electricity!I95*Electricity!$B$93 -> 578714.54 | ... AN95: =Electricity!AN95*Electricity!$B$93 -> 644581.95
A96: Lighting and Electronics | B96: =Electricity!B96*Electricity!$B$93 -> 233584.72 | C96: =Electricity!C96*Electricity!$B$93 -> 234383.45 | D96: =Electricity!D96*Electricity!$B$93 -> 235182.18 | E96: =Electricity!E96*Electricity!$B$93 -> 235980.91 | F96: =Electricity!F96*Electricity!$B$93 -> 238117.5 | G96: =Electricity!G96*Electricity!$B$93 -> 240254.09 | H96: =Electricity!H96*Electricity!$B$93 -> 242390.68 | I96: =Electricity!I96*Electricity!$B$93 -> 244527.27 | ... AN96: =Electricity!AN96*Electricity!$B$93 -> 272358.57
A97: Elevator or Escalator | B97: =Electricity!B97*Electricity!$B$93 -> 42391.301 | C97: =Electricity!C97*Electricity!$B$93 -> 42536.256 | D97: =Electricity!D97*Electricity!$B$93 -> 42681.211 | E97: =Electricity!E97*Electricity!$B$93 -> 42826.165 | F97: =Electricity!F97*Electricity!$B$93 -> 43213.917 | G97: =Electricity!G97*Electricity!$B$93 -> 43601.668 | H97: =Electricity!H97*Electricity!$B$93 -> 43989.42 | I97: =Electricity!I97*Electricity!$B$93 -> 44377.172 | ... AN97: =Electricity!AN97*Electricity!$B$93 -> 49428.037
A98: Other Electricity Use | B98: =Electricity!B98*Electricity!$B$93 -> 36335.401 | C98: =Electricity!C98*Electricity!$B$93 -> 36459.648 | D98: =Electricity!D98*Electricity!$B$93 -> 36583.895 | E98: =Electricity!E98*Electricity!$B$93 -> 36708.142 | F98: =Electricity!F98*Electricity!$B$93 -> 37040.5 | G98: =Electricity!G98*Electricity!$B$93 -> 37372.859 | H98: =Electricity!H98*Electricity!$B$93 -> 37705.217 | I98: =Electricity!I98*Electricity!$B$93 -> 38037.576 | ... AN98: =Electricity!AN98*Electricity!$B$93 -> 42366.889
A100: Variable: Electric Appliances: Total Final Energy Consumption (Gigajoule)
A101: Scenario: Business as Usual
A102: Branch: Demand\Commercial\Hospital\Puskesmas\Electric Appliances\Air Conditioner
A103: Region: Indonesia
A105: Branch | B105: 2022 | C105: 2023 | D105: 2024 | E105: 2025 | F105: 2026 | G105: 2027 | H105: 2028 | I105: 2029 | J105: 2030 | K105: 2031 | L105: 2032 | M105: 2033 | N105: 2034 | O105: 2035 | P105: 2036 | Q105: 2037 | R105: 2038 | S105: 2039 | T105: 2040 | U105: 2041 | V105: 2042 | W105: 2043 | X105: 2044 | Y105: 2045 | Z105: 2046 | AA105: 2047 | AB105: 2048 | AC105: 2049 | AD105: 2050 | AE105: 2051 | AF105: 2052 | AG105: 2053 | AH105: 2054 | AI105: 2055 | AJ105: 2056 | AK105: 2057 | AL105: 2058 | AM105: 2059 | AN105: 2060
A106: Air Conditioner | B106: =Electricity!B106*Electricity!$B$104 -> 2409580.9 | C106: =Electricity!C106*Electricity!$B$104 -> 2417820.3 | D106: =Electricity!D106*Electricity!$B$104 -> 2426059.7 | E106: =Electricity!E106*Electricity!$B$104 -> 2434299.2 | F106: =Electricity!F106*Electricity!$B$104 -> 2456339.5 | G106: =Electricity!G106*Electricity!$B$104 -> 2478379.8 | H106: =Electricity!H106*Electricity!$B$104 -> 2500420.2 | I106: =Electricity!I106*Electricity!$B$104 -> 2522460.5 | ... AN106: =Electricity!AN106*Electricity!$B$104 -> 2809558.8
A107: Lighting and Electronics | B107: =Electricity!B107*Electricity!$B$104 -> 1018132.8 | C107: =Electricity!C107*Electricity!$B$104 -> 1021614.2 | D107: =Electricity!D107*Electricity!$B$104 -> 1025095.7 | E107: =Electricity!E107*Electricity!$B$104 -> 1028577.1 | F107: =Electricity!F107*Electricity!$B$104 -> 1037889.9 | G107: =Electricity!G107*Electricity!$B$104 -> 1047202.8 | H107: =Electricity!H107*Electricity!$B$104 -> 1056515.6 | I107: =Electricity!I107*Electricity!$B$104 -> 1065828.4 | ... AN107: =Electricity!AN107*Electricity!$B$104 -> 1187137.5
A108: Elevator or Escalator | B108: =Electricity!B108*Electricity!$B$104 -> 184772.24 | C108: =Electricity!C108*Electricity!$B$104 -> 185404.06 | D108: =Electricity!D108*Electricity!$B$104 -> 186035.88 | E108: =Electricity!E108*Electricity!$B$104 -> 186667.7 | F108: =Electricity!F108*Electricity!$B$104 -> 188357.8 | G108: =Electricity!G108*Electricity!$B$104 -> 190047.91 | H108: =Electricity!H108*Electricity!$B$104 -> 191738.01 | I108: =Electricity!I108*Electricity!$B$104 -> 193428.12 | ... AN108: =Electricity!AN108*Electricity!$B$104 -> 215443.48
A109: Other Electricity Use | B109: =Electricity!B109*Electricity!$B$104 -> 158376.21 | C109: =Electricity!C109*Electricity!$B$104 -> 158917.77 | D109: =Electricity!D109*Electricity!$B$104 -> 159459.33 | E109: =Electricity!E109*Electricity!$B$104 -> 160000.88 | F109: =Electricity!F109*Electricity!$B$104 -> 161449.55 | G109: =Electricity!G109*Electricity!$B$104 -> 162898.21 | H109: =Electricity!H109*Electricity!$B$104 -> 164346.87 | I109: =Electricity!I109*Electricity!$B$104 -> 165795.53 | ... AN109: =Electricity!AN109*Electricity!$B$104 -> 184665.84
A111: Variable: Electric Appliances: Total Final Energy Consumption (Gigajoule)
A112: Scenario: Business as Usual
A113: Branch: Demand\Commercial\Hospital\Puskesmas Non Ranap\Electric Appliances\Air Conditioner
A114: Region: Indonesia
A116: Branch | B116: 2022 | C116: 2023 | D116: 2024 | E116: 2025 | F116: 2026 | G116: 2027 | H116: 2028 | I116: 2029 | J116: 2030 | K116: 2031 | L116: 2032 | M116: 2033 | N116: 2034 | O116: 2035 | P116: 2036 | Q116: 2037 | R116: 2038 | S116: 2039 | T116: 2040 | U116: 2041 | V116: 2042 | W116: 2043 | X116: 2044 | Y116: 2045 | Z116: 2046 | AA116: 2047 | AB116: 2048 | AC116: 2049 | AD116: 2050 | AE116: 2051 | AF116: 2052 | AG116: 2053 | AH116: 2054 | AI116: 2055 | AJ116: 2056 | AK116: 2057 | AL116: 2058 | AM116: 2059 | AN116: 2060
A117: Air Conditioner | B117: =Electricity!B117*Electricity!$B$115 -> 3560259.6 | C117: =Electricity!C117*Electricity!$B$115 -> 3572433.7 | D117: =Electricity!D117*Electricity!$B$115 -> 3584607.8 | E117: =Electricity!E117*Electricity!$B$115 -> 3596781.9 | F117: =Electricity!F117*Electricity!$B$115 -> 3629347.5 | G117: =Electricity!G117*Electricity!$B$115 -> 3661913 | H117: =Electricity!H117*Electricity!$B$115 -> 3694478.6 | I117: =Electricity!I117*Electricity!$B$115 -> 3727044.1 | ... AN117: =Electricity!AN117*Electricity!$B$115 -> 4151244.2
A118: Lighting and Electronics | B118: =Electricity!B118*Electricity!$B$115 -> 1504335 | C118: =Electricity!C118*Electricity!$B$115 -> 1509479 | D118: =Electricity!D118*Electricity!$B$115 -> 1514623 | E118: =Electricity!E118*Electricity!$B$115 -> 1519767 | F118: =Electricity!F118*Electricity!$B$115 -> 1533527.1 | G118: =Electricity!G118*Electricity!$B$115 -> 1547287.2 | H118: =Electricity!H118*Electricity!$B$115 -> 1561047.3 | I118: =Electricity!I118*Electricity!$B$115 -> 1574807.4 | ... AN118: =Electricity!AN118*Electricity!$B$115 -> 1754046.8
A119: Elevator or Escalator | B119: =Electricity!B119*Electricity!$B$115 -> 273008.95 | C119: =Electricity!C119*Electricity!$B$115 -> 273942.49 | D119: =Electricity!D119*Electricity!$B$115 -> 274876.03 | E119: =Electricity!E119*Electricity!$B$115 -> 275809.57 | F119: =Electricity!F119*Electricity!$B$115 -> 278306.77 | G119: =Electricity!G119*Electricity!$B$115 -> 280803.97 | H119: =Electricity!H119*Electricity!$B$115 -> 283301.17 | I119: =Electricity!I119*Electricity!$B$115 -> 285798.38 | ... AN119: =Electricity!AN119*Electricity!$B$115 -> 318327.02
A120: Other Electricity Use | B120: =Electricity!B120*Electricity!$B$115 -> 234007.67 | C120: =Electricity!C120*Electricity!$B$115 -> 234807.85 | D120: =Electricity!D120*Electricity!$B$115 -> 235608.03 | E120: =Electricity!E120*Electricity!$B$115 -> 236408.2 | F120: =Electricity!F120*Electricity!$B$115 -> 238548.66 | G120: =Electricity!G120*Electricity!$B$115 -> 240689.12 | H120: =Electricity!H120*Electricity!$B$115 -> 242829.58 | I120: =Electricity!I120*Electricity!$B$115 -> 244970.04 | ... AN120: =Electricity!AN120*Electricity!$B$115 -> 272851.73
A122: Variable: Electric Appliances: Total Final Energy Consumption (Gigajoule)
...

Sheet Total Other Sectors
A1: Year | B1: 2022 | C1: 2023 | D1: 2024 | E1: 2025 | F1: 2026 | G1: 2027 | H1: 2028 | I1: 2029 | J1: 2030 | K1: 2031 | L1: 2032 | M1: 2033 | N1: 2034 | O1: 2035 | P1: 2036 | Q1: 2037 | R1: 2038 | S1: 2039 | T1: 2040 | U1: 2041 | V1: 2042 | W1: 2043 | X1: 2044 | Y1: 2045 | Z1: 2046 | AA1: 2047 | AB1: 2048 | AC1: 2049 | AD1: 2050 | AE1: 2051 | AF1: 2052 | AG1: 2053 | AH1: 2054 | AI1: 2055 | AJ1: 2056 | AK1: 2057 | AL1: 2058 | AM1: 2059 | AN1: 2060
A2: Biomass Heat | B2: ='Commercial-Conversion'!B17+'Commercial-Conversion'!B32+'Commercial-Conversion'!B47+'Commercial-Conversion'!B62+'Commercial-Conversion'!B77+'Commercial-Conversion'!B92+'Commercial-Conversion'!B122+'Commercial-Conversion'!B152 -> 7420588.2 | C2: ='Commercial-Conversion'!C17+'Commercial-Conversion'!C32+'Commercial-Conversion'!C47+'Commercial-Conversion'!C62+'Commercial-Conversion'!C77+'Commercial-Conversion'!C92+'Commercial-Conversion'!C122+'Commercial-Conversion'!C152 -> 7755874.3 | D2: ='Commercial-Conversion'!D17+'Commercial-Conversion'!D32+'Commercial-Conversion'!D47+'Commercial-Conversion'!D62+'Commercial-Conversion'!D77+'Commercial-Conversion'!D92+'Commercial-Conversion'!D122+'Commercial-Conversion'!D152 -> 8112505 | E2: ='Commercial-Conversion'!E17+'Commercial-Conversion'!E32+'Commercial-Conversion'!E47+'Commercial-Conversion'!E62+'Commercial-Conversion'!E77+'Commercial-Conversion'!E92+'Commercial-Conversion'!E122+'Commercial-Conversion'!E152 -> 8491873.3 | F2: ='Commercial-Conversion'!F17+'Commercial-Conversion'!F32+'Commercial-Conversion'!F47+'Commercial-Conversion'!F62+'Commercial-Conversion'!F77+'Commercial-Conversion'!F92+'Commercial-Conversion'!F122+'Commercial-Conversion'!F152 -> 8909263.7 | G2: ='Commercial-Conversion'!G17+'Commercial-Conversion'!G32+'Commercial-Conversion'!G47+'Commercial-Conversion'!G62+'Commercial-Conversion'!G77+'Commercial-Conversion'!G92+'Commercial-Conversion'!G122+'Commercial-Conversion'!G152 -> 9352456.6 | H2: ='Commercial-Conversion'!H17+'Commercial-Conversion'!H32+'Commercial-Conversion'!H47+'Commercial-Conversion'!H62+'Commercial-Conversion'!H77+'Commercial-Conversion'!H92+'Commercial-Conversion'!H122+'Commercial-Conversion'!H152 -> 9823135.8 | I2: ='Commercial-Conversion'!I17+'Commercial-Conversion'!I32+'Commercial-Conversion'!I47+'Commercial-Conversion'!I62+'Commercial-Conversion'!I77+'Commercial-Conversion'!I92+'Commercial-Conversion'!I122+'Commercial-Conversion'!I152 -> 10323095 | ... AN2: ='Commercial-Conversion'!AN17+'Commercial-Conversion'!AN32+'Commercial-Conversion'!AN47+'Commercial-Conversion'!AN62+'Commercial-Conversion'!AN77+'Commercial-Conversion'!AN92+'Commercial-Conversion'!AN122+'Commercial-Conversion'!AN152 -> 58184941
A3: Solar Heat | B3: ='Commercial-Conversion'!B18+'Commercial-Conversion'!B33+'Commercial-Conversion'!B48+'Commercial-Conversion'!B63+'Commercial-Conversion'!B78+'Commercial-Conversion'!B93+'Commercial-Conversion'!B108+'Commercial-Conversion'!B123+'Commercial-Conversion'!B138+'Commercial-Conversion'!B153 -> 5359282.6 | C3: ='Commercial-Conversion'!C18+'Commercial-Conversion'!C33+'Commercial-Conversion'!C48+'Commercial-Conversion'!C63+'Commercial-Conversion'!C78+'Commercial-Conversion'!C93+'Commercial-Conversion'!C108+'Commercial-Conversion'!C123+'Commercial-Conversion'!C138+'Commercial-Conversion'!C153 -> 5566922.1 | D3: ='Commercial-Conversion'!D18+'Commercial-Conversion'!D33+'Commercial-Conversion'!D48+'Commercial-Conversion'!D63+'Commercial-Conversion'!D78+'Commercial-Conversion'!D93+'Commercial-Conversion'!D108+'Commercial-Conversion'!D123+'Commercial-Conversion'!D138+'Commercial-Conversion'!D153 -> 5787600.3 | E3: ='Commercial-Conversion'!E18+'Commercial-Conversion'!E33+'Commercial-Conversion'!E48+'Commercial-Conversion'!E63+'Commercial-Conversion'!E78+'Commercial-Conversion'!E93+'Commercial-Conversion'!E108+'Commercial-Conversion'!E123+'Commercial-Conversion'!E138+'Commercial-Conversion'!E153 -> 6022168 | F3: ='Commercial-Conversion'!F18+'Commercial-Conversion'!F33+'Commercial-Conversion'!F48+'Commercial-Conversion'!F63+'Commercial-Conversion'!F78+'Commercial-Conversion'!F93+'Commercial-Conversion'!F108+'Commercial-Conversion'!F123+'Commercial-Conversion'!F138+'Commercial-Conversion'!F153 -> 6284694.8 | G3: ='Commercial-Conversion'!G18+'Commercial-Conversion'!G33+'Commercial-Conversion'!G48+'Commercial-Conversion'!G63+'Commercial-Conversion'!G78+'Commercial-Conversion'!G93+'Commercial-Conversion'!G108+'Commercial-Conversion'!G123+'Commercial-Conversion'!G138+'Commercial-Conversion'!G153 -> 6562983.4 | H3: ='Commercial-Conversion'!H18+'Commercial-Conversion'!H33+'Commercial-Conversion'!H48+'Commercial-Conversion'!H63+'Commercial-Conversion'!H78+'Commercial-Conversion'!H93+'Commercial-Conversion'!H108+'Commercial-Conversion'!H123+'Commercial-Conversion'!H138+'Commercial-Conversion'!H153 -> 6858062.3 | I3: ='Commercial-Conversion'!I18+'Commercial-Conversion'!I33+'Commercial-Conversion'!I48+'Commercial-Conversion'!I63+'Commercial-Conversion'!I78+'Commercial-Conversion'!I93+'Commercial-Conversion'!I108+'Commercial-Conversion'!I123+'Commercial-Conversion'!I138+'Commercial-Conversion'!I153 -> 7171027.6 | ... AN3: ='Commercial-Conversion'!AN18+'Commercial-Conversion'!AN33+'Commercial-Conversion'!AN48+'Commercial-Conversion'!AN63+'Commercial-Conversion'!AN78+'Commercial-Conversion'!AN93+'Commercial-Conversion'!AN108+'Commercial-Conversion'!AN123+'Commercial-Conversion'!AN138+'Commercial-Conversion'!AN153 -> 36506529
A4: Gas Heat | B4: ='Commercial-Conversion'!B49+'Commercial-Conversion'!B79+'Commercial-Conversion'!B94+'Commercial-Conversion'!B109+'Commercial-Conversion'!B124+'Commercial-Conversion'!B139+'Commercial-Conversion'!B154 -> 2299912.3 | C4: ='Commercial-Conversion'!C49+'Commercial-Conversion'!C79+'Commercial-Conversion'!C94+'Commercial-Conversion'!C109+'Commercial-Conversion'!C124+'Commercial-Conversion'!C139+'Commercial-Conversion'!C154 -> 2339649 | D4: ='Commercial-Conversion'!D49+'Commercial-Conversion'!D79+'Commercial-Conversion'!D94+'Commercial-Conversion'!D109+'Commercial-Conversion'!D124+'Commercial-Conversion'!D139+'Commercial-Conversion'!D154 -> 2381580.9 | E4: ='Commercial-Conversion'!E49+'Commercial-Conversion'!E79+'Commercial-Conversion'!E94+'Commercial-Conversion'!E109+'Commercial-Conversion'!E124+'Commercial-Conversion'!E139+'Commercial-Conversion'!E154 -> 2425851.1 | F4: ='Commercial-Conversion'!F49+'Commercial-Conversion'!F79+'Commercial-Conversion'!F94+'Commercial-Conversion'!F109+'Commercial-Conversion'!F124+'Commercial-Conversion'!F139+'Commercial-Conversion'!F154 -> 2482833.4 | G4: ='Commercial-Conversion'!G49+'Commercial-Conversion'!G79+'Commercial-Conversion'!G94+'Commercial-Conversion'!G109+'Commercial-Conversion'!G124+'Commercial-Conversion'!G139+'Commercial-Conversion'!G154 -> 2542469.4 | H4: ='Commercial-Conversion'!H49+'Commercial-Conversion'!H79+'Commercial-Conversion'!H94+'Commercial-Conversion'!H109+'Commercial-Conversion'!H124+'Commercial-Conversion'!H139+'Commercial-Conversion'!H154 -> 2604932.1 | I4: ='Commercial-Conversion'!I49+'Commercial-Conversion'!I79+'Commercial-Conversion'!I94+'Commercial-Conversion'!I109+'Commercial-Conversion'!I124+'Commercial-Conversion'!I139+'Commercial-Conversion'!I154 -> 2670406.1 | ... AN4: ='Commercial-Conversion'!AN49+'Commercial-Conversion'!AN79+'Commercial-Conversion'!AN94+'Commercial-Conversion'!AN109+'Commercial-Conversion'!AN124+'Commercial-Conversion'!AN139+'Commercial-Conversion'!AN154 -> 7775765.5
A5: Kerosene Heat | B5: ='Commercial-Conversion'!B80+'Commercial-Conversion'!B110+'Commercial-Conversion'!B125+'Commercial-Conversion'!B155+'Commercial-Conversion'!B207 -> 639821.05 | C5: ='Commercial-Conversion'!C80+'Commercial-Conversion'!C110+'Commercial-Conversion'!C125+'Commercial-Conversion'!C155+'Commercial-Conversion'!C207 -> 642008.88 | D5: ='Commercial-Conversion'!D80+'Commercial-Conversion'!D110+'Commercial-Conversion'!D125+'Commercial-Conversion'!D155+'Commercial-Conversion'!D207 -> 644196.71 | E5: ='Commercial-Conversion'!E80+'Commercial-Conversion'!E110+'Commercial-Conversion'!E125+'Commercial-Conversion'!E155+'Commercial-Conversion'!E207 -> 646384.54 | F5: ='Commercial-Conversion'!F80+'Commercial-Conversion'!F110+'Commercial-Conversion'!F125+'Commercial-Conversion'!F155+'Commercial-Conversion'!F207 -> 652236.96 | G5: ='Commercial-Conversion'!G80+'Commercial-Conversion'!G110+'Commercial-Conversion'!G125+'Commercial-Conversion'!G155+'Commercial-Conversion'!G207 -> 658089.38 | H5: ='Commercial-Conversion'!H80+'Commercial-Conversion'!H110+'Commercial-Conversion'!H125+'Commercial-Conversion'!H155+'Commercial-Conversion'!H207 -> 663941.8 | I5: ='Commercial-Conversion'!I80+'Commercial-Conversion'!I110+'Commercial-Conversion'!I125+'Commercial-Conversion'!I155+'Commercial-Conversion'!I207 -> 669794.22 | ... AN5: ='Commercial-Conversion'!AN80+'Commercial-Conversion'!AN110+'Commercial-Conversion'!AN125+'Commercial-Conversion'!AN155+'Commercial-Conversion'!AN207 -> 746028.02
A6: Gasoil Generator | B6: ='Commercial-Conversion'!B7+'Commercial-Conversion'!B21+'Commercial-Conversion'!B36+'Commercial-Conversion'!B51+'Commercial-Conversion'!B66+'Commercial-Conversion'!B81+'Commercial-Conversion'!B96+'Commercial-Conversion'!B111+'Commercial-Conversion'!B126+'Commercial-Conversion'!B141+'Commercial-Conversion'!B156+'Commercial-Conversion'!B167+'Commercial-Conversion'!B177+'Commercial-Conversion'!B187+'Commercial-Conversion'!B197+'Commercial-Conversion'!B208 -> 989804.97 | C6: ='Commercial-Conversion'!C7+'Commercial-Conversion'!C21+'Commercial-Conversion'!C36+'Commercial-Conversion'!C51+'Commercial-Conversion'!C66+'Commercial-Conversion'!C81+'Commercial-Conversion'!C96+'Commercial-Conversion'!C111+'Commercial-Conversion'!C126+'Commercial-Conversion'!C141+'Commercial-Conversion'!C156+'Commercial-Conversion'!C167+'Commercial-Conversion'!C177+'Commercial-Conversion'!C187+'Commercial-Conversion'!C197+'Commercial-Conversion'!C208 -> 1016431.5 | D6: ='Commercial-Conversion'!D7+'Commercial-Conversion'!D21+'Commercial-Conversion'!D36+'Commercial-Conversion'!D51+'Commercial-Conversion'!D66+'Commercial-Conversion'!D81+'Commercial-Conversion'!D96+'Commercial-Conversion'!D111+'Commercial-Conversion'!D126+'Commercial-Conversion'!D141+'Commercial-Conversion'!D156+'Commercial-Conversion'!D167+'Commercial-Conversion'!D177+'Commercial-Conversion'!D187+'Commercial-Conversion'!D197+'Commercial-Conversion'!D208 -> 1030514.8 | E6: ='Commercial-Conversion'!E7+'Commercial-Conversion'!E21+'Commercial-Conversion'!E36+'Commercial-Conversion'!E51+'Commercial-Conversion'!E66+'Commercial-Conversion'!E81+'Commercial-Conversion'!E96+'Commercial-Conversion'!E111+'Commercial-Conversion'!E126+'Commercial-Conversion'!E141+'Commercial-Conversion'!E156+'Commercial-Conversion'!E167+'Commercial-Conversion'!E177+'Commercial-Conversion'!E187+'Commercial-Conversion'!E197+'Commercial-Conversion'!E208 -> 1045193.8 | F6: ='Commercial-Conversion'!F7+'Commercial-Conversion'!F21+'Commercial-Conversion'!F36+'Commercial-Conversion'!F51+'Commercial-Conversion'!F66+'Commercial-Conversion'!F81+'Commercial-Conversion'!F96+'Commercial-Conversion'!F111+'Commercial-Conversion'!F126+'Commercial-Conversion'!F141+'Commercial-Conversion'!F156+'Commercial-Conversion'!F167+'Commercial-Conversion'!F177+'Commercial-Conversion'!F187+'Commercial-Conversion'!F197+'Commercial-Conversion'!F208 -> 1065563.8 | G6: ='Commercial-Conversion'!G7+'Commercial-Conversion'!G21+'Commercial-Conversion'!G36+'Commercial-Conversion'!G51+'Commercial-Conversion'!G66+'Commercial-Conversion'!G81+'Commercial-Conversion'!G96+'Commercial-Conversion'!G111+'Commercial-Conversion'!G126+'Commercial-Conversion'!G141+'Commercial-Conversion'!G156+'Commercial-Conversion'!G167+'Commercial-Conversion'!G177+'Commercial-Conversion'!G187+'Commercial-Conversion'!G197+'Commercial-Conversion'!G208 -> 1086632.4 | H6: ='Commercial-Conversion'!H7+'Commercial-Conversion'!H21+'Commercial-Conversion'!H36+'Commercial-Conversion'!H51+'Commercial-Conversion'!H66+'Commercial-Conversion'!H81+'Commercial-Conversion'!H96+'Commercial-Conversion'!H111+'Commercial-Conversion'!H126+'Commercial-Conversion'!H141+'Commercial-Conversion'!H156+'Commercial-Conversion'!H167+'Commercial-Conversion'!H177+'Commercial-Conversion'!H187+'Commercial-Conversion'!H197+'Commercial-Conversion'!H208 -> 1108442.5 | I6: ='Commercial-Conversion'!I7+'Commercial-Conversion'!I21+'Commercial-Conversion'!I36+'Commercial-Conversion'!I51+'Commercial-Conversion'!I66+'Commercial-Conversion'!I81+'Commercial-Conversion'!I96+'Commercial-Conversion'!I111+'Commercial-Conversion'!I126+'Commercial-Conversion'!I141+'Commercial-Conversion'!I156+'Commercial-Conversion'!I167+'Commercial-Conversion'!I177+'Commercial-Conversion'!I187+'Commercial-Conversion'!I197+'Commercial-Conversion'!I208 -> 1131040 | ... AN6: ='Commercial-Conversion'!AN7+'Commercial-Conversion'!AN21+'Commercial-Conversion'!AN36+'Commercial-Conversion'!AN51+'Commercial-Conversion'!AN66+'Commercial-Conversion'!AN81+'Commercial-Conversion'!AN96+'Commercial-Conversion'!AN111+'Commercial-Conversion'!AN126+'Commercial-Conversion'!AN141+'Commercial-Conversion'!AN156+'Commercial-Conversion'!AN167+'Commercial-Conversion'!AN177+'Commercial-Conversion'!AN187+'Commercial-Conversion'!AN197+'Commercial-Conversion'!AN208 -> 2530011.8
A7: Biogasoil Generator | B7: ='Commercial-Conversion'!B8+'Commercial-Conversion'!B22+'Commercial-Conversion'!B37+'Commercial-Conversion'!B52+'Commercial-Conversion'!B67+'Commercial-Conversion'!B82+'Commercial-Conversion'!B97+'Commercial-Conversion'!B112+'Commercial-Conversion'!B127+'Commercial-Conversion'!B142+'Commercial-Conversion'!B157+'Commercial-Conversion'!B168+'Commercial-Conversion'!B178+'Commercial-Conversion'!B188+'Commercial-Conversion'!B198+'Commercial-Conversion'!B209 -> 10147171 | C7: ='Commercial-Conversion'!C8+'Commercial-Conversion'!C22+'Commercial-Conversion'!C37+'Commercial-Conversion'!C52+'Commercial-Conversion'!C67+'Commercial-Conversion'!C82+'Commercial-Conversion'!C97+'Commercial-Conversion'!C112+'Commercial-Conversion'!C127+'Commercial-Conversion'!C142+'Commercial-Conversion'!C157+'Commercial-Conversion'!C168+'Commercial-Conversion'!C178+'Commercial-Conversion'!C188+'Commercial-Conversion'!C198+'Commercial-Conversion'!C209 -> 10420138 | D7: ='Commercial-Conversion'!D8+'Commercial-Conversion'!D22+'Commercial-Conversion'!D37+'Commercial-Conversion'!D52+'Commercial-Conversion'!D67+'Commercial-Conversion'!D82+'Commercial-Conversion'!D97+'Commercial-Conversion'!D112+'Commercial-Conversion'!D127+'Commercial-Conversion'!D142+'Commercial-Conversion'!D157+'Commercial-Conversion'!D168+'Commercial-Conversion'!D178+'Commercial-Conversion'!D188+'Commercial-Conversion'!D198+'Commercial-Conversion'!D209 -> 10564516 | E7: ='Commercial-Conversion'!E8+'Commercial-Conversion'!E22+'Commercial-Conversion'!E37+'Commercial-Conversion'!E52+'Commercial-Conversion'!E67+'Commercial-Conversion'!E82+'Commercial-Conversion'!E97+'Commercial-Conversion'!E112+'Commercial-Conversion'!E127+'Commercial-Conversion'!E142+'Commercial-Conversion'!E157+'Commercial-Conversion'!E168+'Commercial-Conversion'!E178+'Commercial-Conversion'!E188+'Commercial-Conversion'!E198+'Commercial-Conversion'!E209 -> 10715001 | F7: ='Commercial-Conversion'!F8+'Commercial-Conversion'!F22+'Commercial-Conversion'!F37+'Commercial-Conversion'!F52+'Commercial-Conversion'!F67+'Commercial-Conversion'!F82+'Commercial-Conversion'!F97+'Commercial-Conversion'!F112+'Commercial-Conversion'!F127+'Commercial-Conversion'!F142+'Commercial-Conversion'!F157+'Commercial-Conversion'!F168+'Commercial-Conversion'!F178+'Commercial-Conversion'!F188+'Commercial-Conversion'!F198+'Commercial-Conversion'!F209 -> 10923828 | G7: ='Commercial-Conversion'!G8+'Commercial-Conversion'!G22+'Commercial-Conversion'!G37+'Commercial-Conversion'!G52+'Commercial-Conversion'!G67+'Commercial-Conversion'!G82+'Commercial-Conversion'!G97+'Commercial-Conversion'!G112+'Commercial-Conversion'!G127+'Commercial-Conversion'!G142+'Commercial-Conversion'!G157+'Commercial-Conversion'!G168+'Commercial-Conversion'!G178+'Commercial-Conversion'!G188+'Commercial-Conversion'!G198+'Commercial-Conversion'!G209 -> 11139816 | H7: ='Commercial-Conversion'!H8+'Commercial-Conversion'!H22+'Commercial-Conversion'!H37+'Commercial-Conversion'!H52+'Commercial-Conversion'!H67+'Commercial-Conversion'!H82+'Commercial-Conversion'!H97+'Commercial-Conversion'!H112+'Commercial-Conversion'!H127+'Commercial-Conversion'!H142+'Commercial-Conversion'!H157+'Commercial-Conversion'!H168+'Commercial-Conversion'!H178+'Commercial-Conversion'!H188+'Commercial-Conversion'!H198+'Commercial-Conversion'!H209 -> 11363408 | I7: ='Commercial-Conversion'!I8+'Commercial-Conversion'!I22+'Commercial-Conversion'!I37+'Commercial-Conversion'!I52+'Commercial-Conversion'!I67+'Commercial-Conversion'!I82+'Commercial-Conversion'!I97+'Commercial-Conversion'!I112+'Commercial-Conversion'!I127+'Commercial-Conversion'!I142+'Commercial-Conversion'!I157+'Commercial-Conversion'!I168+'Commercial-Conversion'!I178+'Commercial-Conversion'!I188+'Commercial-Conversion'!I198+'Commercial-Conversion'!I209 -> 11595071 | ... AN7: ='Commercial-Conversion'!AN8+'Commercial-Conversion'!AN22+'Commercial-Conversion'!AN37+'Commercial-Conversion'!AN52+'Commercial-Conversion'!AN67+'Commercial-Conversion'!AN82+'Commercial-Conversion'!AN97+'Commercial-Conversion'!AN112+'Commercial-Conversion'!AN127+'Commercial-Conversion'!AN142+'Commercial-Conversion'!AN157+'Commercial-Conversion'!AN168+'Commercial-Conversion'!AN178+'Commercial-Conversion'!AN188+'Commercial-Conversion'!AN198+'Commercial-Conversion'!AN209 -> 25936919
A8: MDF Generator | B8: ='Commercial-Conversion'!B9+'Commercial-Conversion'!B23+'Commercial-Conversion'!B38+'Commercial-Conversion'!B53+'Commercial-Conversion'!B68+'Commercial-Conversion'!B83+'Commercial-Conversion'!B98+'Commercial-Conversion'!B113+'Commercial-Conversion'!B128+'Commercial-Conversion'!B143+'Commercial-Conversion'!B158+'Commercial-Conversion'!B169+'Commercial-Conversion'!B179+'Commercial-Conversion'!B189+'Commercial-Conversion'!B199+'Commercial-Conversion'!B210 -> 8814.5057 | C8: ='Commercial-Conversion'!C9+'Commercial-Conversion'!C23+'Commercial-Conversion'!C38+'Commercial-Conversion'!C53+'Commercial-Conversion'!C68+'Commercial-Conversion'!C83+'Commercial-Conversion'!C98+'Commercial-Conversion'!C113+'Commercial-Conversion'!C128+'Commercial-Conversion'!C143+'Commercial-Conversion'!C158+'Commercial-Conversion'!C169+'Commercial-Conversion'!C179+'Commercial-Conversion'!C189+'Commercial-Conversion'!C199+'Commercial-Conversion'!C210 -> 9051.6437 | D8: ='Commercial-Conversion'!D9+'Commercial-Conversion'!D23+'Commercial-Conversion'!D38+'Commercial-Conversion'!D53+'Commercial-Conversion'!D68+'Commercial-Conversion'!D83+'Commercial-Conversion'!D98+'Commercial-Conversion'!D113+'Commercial-Conversion'!D128+'Commercial-Conversion'!D143+'Commercial-Conversion'!D158+'Commercial-Conversion'!D169+'Commercial-Conversion'!D179+'Commercial-Conversion'!D189+'Commercial-Conversion'!D199+'Commercial-Conversion'!D210 -> 9177.1 | E8: ='Commercial-Conversion'!E9+'Commercial-Conversion'!E23+'Commercial-Conversion'!E38+'Commercial-Conversion'!E53+'Commercial-Conversion'!E68+'Commercial-Conversion'!E83+'Commercial-Conversion'!E98+'Commercial-Conversion'!E113+'Commercial-Conversion'!E128+'Commercial-Conversion'!E143+'Commercial-Conversion'!E158+'Commercial-Conversion'!E169+'Commercial-Conversion'!E179+'Commercial-Conversion'!E189+'Commercial-Conversion'!E199+'Commercial-Conversion'!E210 -> 9307.8629 | F8: ='Commercial-Conversion'!F9+'Commercial-Conversion'!F23+'Commercial-Conversion'!F38+'Commercial-Conversion'!F53+'Commercial-Conversion'!F68+'Commercial-Conversion'!F83+'Commercial-Conversion'!F98+'Commercial-Conversion'!F113+'Commercial-Conversion'!F128+'Commercial-Conversion'!F143+'Commercial-Conversion'!F158+'Commercial-Conversion'!F169+'Commercial-Conversion'!F179+'Commercial-Conversion'!F189+'Commercial-Conversion'!F199+'Commercial-Conversion'!F210 -> 9489.3012 | G8: ='Commercial-Conversion'!G9+'Commercial-Conversion'!G23+'Commercial-Conversion'!G38+'Commercial-Conversion'!G53+'Commercial-Conversion'!G68+'Commercial-Conversion'!G83+'Commercial-Conversion'!G98+'Commercial-Conversion'!G113+'Commercial-Conversion'!G128+'Commercial-Conversion'!G143+'Commercial-Conversion'!G158+'Commercial-Conversion'!G169+'Commercial-Conversion'!G179+'Commercial-Conversion'!G189+'Commercial-Conversion'!G199+'Commercial-Conversion'!G210 -> 9676.9631 | H8: ='Commercial-Conversion'!H9+'Commercial-Conversion'!H23+'Commercial-Conversion'!H38+'Commercial-Conversion'!H53+'Commercial-Conversion'!H68+'Commercial-Conversion'!H83+'Commercial-Conversion'!H98+'Commercial-Conversion'!H113+'Commercial-Conversion'!H128+'Commercial-Conversion'!H143+'Commercial-Conversion'!H158+'Commercial-Conversion'!H169+'Commercial-Conversion'!H179+'Commercial-Conversion'!H189+'Commercial-Conversion'!H199+'Commercial-Conversion'!H210 -> 9871.2315 | I8: ='Commercial-Conversion'!I9+'Commercial-Conversion'!I23+'Commercial-Conversion'!I38+'Commercial-Conversion'!I53+'Commercial-Conversion'!I68+'Commercial-Conversion'!I83+'Commercial-Conversion'!I98+'Commercial-Conversion'!I113+'Commercial-Conversion'!I128+'Commercial-Conversion'!I143+'Commercial-Conversion'!I158+'Commercial-Conversion'!I169+'Commercial-Conversion'!I179+'Commercial-Conversion'!I189+'Commercial-Conversion'!I199+'Commercial-Conversion'!I210 -> 10072.514 | ... AN8: ='Commercial-Conversion'!AN9+'Commercial-Conversion'!AN23+'Commercial-Conversion'!AN38+'Commercial-Conversion'!AN53+'Commercial-Conversion'!AN68+'Commercial-Conversion'!AN83+'Commercial-Conversion'!AN98+'Commercial-Conversion'!AN113+'Commercial-Conversion'!AN128+'Commercial-Conversion'!AN143+'Commercial-Conversion'!AN158+'Commercial-Conversion'!AN169+'Commercial-Conversion'!AN179+'Commercial-Conversion'!AN189+'Commercial-Conversion'!AN199+'Commercial-Conversion'!AN210 -> 22534.472
A9: LPG Heat | B9: ='Commercial-Conversion'!B144+'Commercial-Conversion'!B129+'Commercial-Conversion'!B84 -> 434127.26 | C9: ='Commercial-Conversion'!C144+'Commercial-Conversion'!C129+'Commercial-Conversion'!C84 -> 435611.73 | D9: ='Commercial-Conversion'!D144+'Commercial-Conversion'!D129+'Commercial-Conversion'!D84 -> 437096.21 | E9: ='Commercial-Conversion'!E144+'Commercial-Conversion'!E129+'Commercial-Conversion'!E84 -> 438580.68 | F9: ='Commercial-Conversion'!F144+'Commercial-Conversion'!F129+'Commercial-Conversion'!F84 -> 442551.62 | G9: ='Commercial-Conversion'!G144+'Commercial-Conversion'!G129+'Commercial-Conversion'!G84 -> 446522.57 | H9: ='Commercial-Conversion'!H144+'Commercial-Conversion'!H129+'Commercial-Conversion'!H84 -> 450493.51 | I9: ='Commercial-Conversion'!I144+'Commercial-Conversion'!I129+'Commercial-Conversion'!I84 -> 454464.46 | ... AN9: ='Commercial-Conversion'!AN144+'Commercial-Conversion'!AN129+'Commercial-Conversion'!AN84 -> 506190.13
A14: Year | B14: Biomass Heat | C14: Biomass Heat (Backcast) | D14: Solar Heat | E14: Solar Heat (Backcast) | F14: Gas Heat | G14: Gas Heat (Backcast) | H14: Kerosene Heat | I14: Kerosene Heat (Backcast) | J14: Gasoil Generator | K14: Gasoil Generator (Backcast) | L14: Biogasoil Generator | M14: Biogasoil Generator (Backcast) | N14: MDF Generator | O14: MDF Generator (Backcast) | P14: LPG Heat | Q14: LPG Heat (Backcast)
A15: 2019 | C15: =_xlfn.FORECAST.LINEAR(A15,B$16:B$20,A$16:A$20) -> 6379155.5 | E15: =_xlfn.FORECAST.LINEAR(A15,D$16:D$29,A$16:A$29) -> 4304780.2 | G15: =_xlfn.FORECAST.LINEAR(A15,F$16:F$25,A$16:A$25) -> 2123372.4 | I15: =_xlfn.FORECAST.LINEAR(A15,H$16:H$30,A$16:A$30) -> 620356.01 | K15: =_xlfn.FORECAST.LINEAR(A15,J$16:J$30,A$16:A$30) -> 920047.57 | M15: =_xlfn.FORECAST.LINEAR(A15,L$16:L$25,A$16:A$25) -> 9559672.8 | O15: =_xlfn.FORECAST.LINEAR(A15,N$16:N$28,A$16:A$28) -> 8238.0256 | Q15: =_xlfn.FORECAST.LINEAR(A15,P$16:P$28,A$16:A$28) -> 421286.81
A16: 2020 | C16: =_xlfn.FORECAST.LINEAR(A16,B$16:B$20,A$16:A$20) -> 6725113.9 | E16: =_xlfn.FORECAST.LINEAR(A16,D$16:D$29,A$16:A$29) -> 4600360.2 | G16: =_xlfn.FORECAST.LINEAR(A16,F$16:F$25,A$16:A$25) -> 2176461.9 | I16: =_xlfn.FORECAST.LINEAR(A16,H$16:H$30,A$16:A$30) -> 625306.73 | K16: =_xlfn.FORECAST.LINEAR(A16,J$16:J$30,A$16:A$30) -> 941630.24 | M16: =_xlfn.FORECAST.LINEAR(A16,L$16:L$25,A$16:A$25) -> 9759510.6 | O16: =_xlfn.FORECAST.LINEAR(A16,N$16:N$28,A$16:A$28) -> 8423.3653 | Q16: =_xlfn.FORECAST.LINEAR(A16,P$16:P$28,A$16:A$28) -> 424589.14
A17: 2021 | C17: =_xlfn.FORECAST.LINEAR(A17,B$16:B$20,A$16:A$20) -> 7071072.3 | E17: =_xlfn.FORECAST.LINEAR(A17,D$16:D$29,A$16:A$29) -> 4895940.3 | G17: =_xlfn.FORECAST.LINEAR(A17,F$16:F$25,A$16:A$25) -> 2229551.4 | I17: =_xlfn.FORECAST.LINEAR(A17,H$16:H$30,A$16:A$30) -> 630257.45 | K17: =_xlfn.FORECAST.LINEAR(A17,J$16:J$30,A$16:A$30) -> 963212.92 | M17: =_xlfn.FORECAST.LINEAR(A17,L$16:L$25,A$16:A$25) -> 9959348.4 | O17: =_xlfn.FORECAST.LINEAR(A17,N$16:N$28,A$16:A$28) -> 8608.705 | Q17: =_xlfn.FORECAST.LINEAR(A17,P$16:P$28,A$16:A$28) -> 427891.47
A18: 2022 | B18: {=TRANSPOSE(B2:AN2)} -> 7420588.2 | D18: {=TRANSPOSE(B3:AN3)} -> 5359282.6 | F18: {=TRANSPOSE(B4:AN4)} -> 2299912.3 | H18: {=TRANSPOSE(B5:AN5)} -> 639821.05 | J18: {=TRANSPOSE(B6:AN6)} -> 989804.97 | L18: {=TRANSPOSE(B7:AN7)} -> 10147171 | N18: {=TRANSPOSE(B8:AN8)} -> 8814.5057 | P18: {=TRANSPOSE(B9:AN9)} -> 434127.26
A19: 2023 | B19: 7755874.3 | D19: 5566922.1 | F19: 2339649 | H19: 642008.88 | J19: 1016431.5 | L19: 10420138 | N19: 9051.6437 | P19: 435611.73
A20: 2024 | B20: 8112505 | D20: 5787600.3 | F20: 2381580.9 | H20: 644196.71 | J20: 1030514.8 | L20: 10564516 | N20: 9177.1 | P20: 437096.21
A21: 2025 | B21: 8491873.3 | D21: 6022168 | F21: 2425851.1 | H21: 646384.54 | J21: 1045193.8 | L21: 10715001 | N21: 9307.8629 | P21: 438580.68
A22: 2026 | B22: 8909263.7 | D22: 6284694.8 | F22: 2482833.4 | H22: 652236.96 | J22: 1065563.8 | L22: 10923828 | N22: 9489.3012 | P22: 442551.62
A23: 2027 | B23: 9352456.6 | D23: 6562983.4 | F23: 2542469.4 | H23: 658089.38 | J23: 1086632.4 | L23: 11139816 | N23: 9676.9631 | P23: 446522.57
A24: 2028 | B24: 9823135.8 | D24: 6858062.3 | F24: 2604932.1 | H24: 663941.8 | J24: 1108442.5 | L24: 11363408 | N24: 9871.2315 | P24: 450493.51
A25: 2029 | B25: 10323095 | D25: 7171027.6 | F25: 2670406.1 | H25: 669794.22 | J25: 1131040 | L25: 11595071 | N25: 10072.514 | P25: 454464.46
A26: 2030 | B26: 10854246 | D26: 7503046.4 | F26: 2739087.9 | H26: 675646.64 | J26: 1154473.7 | L26: 11835305 | N26: 10281.245 | P26: 458435.4
A27: 2031 | B27: 11415096 | D27: 7851997.3 | F27: 2808573.9 | H27: 680562.21 | J27: 1177486.7 | L27: 12071228 | N27: 10486.235 | P27: 461770.69
A28: 2032 | B28: 12011341 | D28: 8222570.1 | F28: 2881700.1 | H28: 685477.79 | J28: 1201436.7 | L28: 12316757 | N28: 10699.572 | P28: 465105.98
A29: 2033 | B29: 12645292 | D29: 8616175.7 | F29: 2958704 | H29: 690393.37 | J29: 1226382.8 | L29: 12572497 | N29: 10921.782 | P29: 468441.26
A30: 2034 | B30: 13319409 | D30: 9034317.6 | F30: 3039838.7 | H30: 695308.95 | J30: 1252387.7 | L30: 12839091 | N30: 11153.425 | P30: 471776.55
... A56: 2060 | B56: 58184941 | D56: 36506529 | F56: 7775765.5 | H56: 746028.02 | J56: 2530011.8 | L56: 25936919 | N56: 22534.472 | P56: 506190.13

Sheet Total Electricity Consumption
A1: Year | B1: 2022 | C1: 2023 | D1: 2024 | E1: 2025 | F1: 2026 | G1: 2027 | H1: 2028 | I1: 2029 | J1: 2030 | K1: 2031 | L1: 2032 | M1: 2033 | N1: 2034 | O1: 2035 | P1: 2036 | Q1: 2037 | R1: 2038 | S1: 2039 | T1: 2040 | U1: 2041 | V1: 2042 | W1: 2043 | X1: 2044 | Y1: 2045 | Z1: 2046 | AA1: 2047 | AB1: 2048 | AC1: 2049 | AD1: 2050 | AE1: 2051 | AF1: 2052 | AG1: 2053 | AH1: 2054 | AI1: 2055 | AJ1: 2056 | AK1: 2057 | AL1: 2058 | AM1: 2059 | AN1: 2060
A2: Air Conditioner | B2: ='Electricity-Conversion'!B7+'Electricity-Conversion'!B18+'Electricity-Conversion'!B29+'Electricity-Conversion'!B40+'Electricity-Conversion'!B51+'Electricity-Conversion'!B62+'Electricity-Conversion'!B73+'Electricity-Conversion'!B84+'Electricity-Conversion'!B95+'Electricity-Conversion'!B106+'Electricity-Conversion'!B117+'Electricity-Conversion'!B128+'Electricity-Conversion'!B139+'Electricity-Conversion'!B150+'Electricity-Conversion'!B161+'Electricity-Conversion'!B173 -> 1.5910214e+08 | C2: ='Electricity-Conversion'!C7+'Electricity-Conversion'!C18+'Electricity-Conversion'!C29+'Electricity-Conversion'!C40+'Electricity-Conversion'!C51+'Electricity-Conversion'!C62+'Electricity-Conversion'!C73+'Electricity-Conversion'!C84+'Electricity-Conversion'!C95+'Electricity-Conversion'!C106+'Electricity-Conversion'!C117+'Electricity-Conversion'!C128+'Electricity-Conversion'!C139+'Electricity-Conversion'!C150+'Electricity-Conversion'!C161+'Electricity-Conversion'!C173 -> 1.6377277e+08 | D2: ='Electricity-Conversion'!D7+'Electricity-Conversion'!D18+'Electricity-Conversion'!D29+'Electricity-Conversion'!D40+'Electricity-Conversion'!D51+'Electricity-Conversion'!D62+'Electricity-Conversion'!D73+'Electricity-Conversion'!D84+'Electricity-Conversion'!D95+'Electricity-Conversion'!D106+'Electricity-Conversion'!D117+'Electricity-Conversion'!D128+'Electricity-Conversion'!D139+'Electricity-Conversion'!D150+'Electricity-Conversion'!D161+'Electricity-Conversion'!D173 -> 1.6676219e+08 | E2: ='Electricity-Conversion'!E7+'Electricity-Conversion'!E18+'Electricity-Conversion'!E29+'Electricity-Conversion'!E40+'Electricity-Conversion'!E51+'Electricity-Conversion'!E62+'Electricity-Conversion'!E73+'Electricity-Conversion'!E84+'Electricity-Conversion'!E95+'Electricity-Conversion'!E106+'Electricity-Conversion'!E117+'Electricity-Conversion'!E128+'Electricity-Conversion'!E139+'Electricity-Conversion'!E150+'Electricity-Conversion'!E161+'Electricity-Conversion'!E173 -> 1.6988676e+08 | F2: ='Electricity-Conversion'!F7+'Electricity-Conversion'!F18+'Electricity-Conversion'!F29+'Electricity-Conversion'!F40+'Electricity-Conversion'!F51+'Electricity-Conversion'!F62+'Electricity-Conversion'!F73+'Electricity-Conversion'!F84+'Electricity-Conversion'!F95+'Electricity-Conversion'!F106+'Electricity-Conversion'!F117+'Electricity-Conversion'!F128+'Electricity-Conversion'!F139+'Electricity-Conversion'!F150+'Electricity-Conversion'!F161+'Electricity-Conversion'!F173 -> 1.7385231e+08 | G2: ='Electricity-Conversion'!G7+'Electricity-Conversion'!G18+'Electricity-Conversion'!G29+'Electricity-Conversion'!G40+'Electricity-Conversion'!G51+'Electricity-Conversion'!G62+'Electricity-Conversion'!G73+'Electricity-Conversion'!G84+'Electricity-Conversion'!G95+'Electricity-Conversion'!G106+'Electricity-Conversion'!G117+'Electricity-Conversion'!G128+'Electricity-Conversion'!G139+'Electricity-Conversion'!G150+'Electricity-Conversion'!G161+'Electricity-Conversion'!G173 -> 1.7797272e+08 | H2: ='Electricity-Conversion'!H7+'Electricity-Conversion'!H18+'Electricity-Conversion'!H29+'Electricity-Conversion'!H40+'Electricity-Conversion'!H51+'Electricity-Conversion'!H62+'Electricity-Conversion'!H73+'Electricity-Conversion'!H84+'Electricity-Conversion'!H95+'Electricity-Conversion'!H106+'Electricity-Conversion'!H117+'Electricity-Conversion'!H128+'Electricity-Conversion'!H139+'Electricity-Conversion'!H150+'Electricity-Conversion'!H161+'Electricity-Conversion'!H173 -> 1.822569e+08 | I2: ='Electricity-Conversion'!I7+'Electricity-Conversion'!I18+'Electricity-Conversion'!I29+'Electricity-Conversion'!I40+'Electricity-Conversion'!I51+'Electricity-Conversion'!I62+'Electricity-Conversion'!I73+'Electricity-Conversion'!I84+'Electricity-Conversion'!I95+'Electricity-Conversion'!I106+'Electricity-Conversion'!I117+'Electricity-Conversion'!I128+'Electricity-Conversion'!I139+'Electricity-Conversion'!I150+'Electricity-Conversion'!I161+'Electricity-Conversion'!I173 -> 1.8671429e+08 | ... AN2: ='Electricity-Conversion'!AN7+'Electricity-Conversion'!AN18+'Electricity-Conversion'!AN29+'Electricity-Conversion'!AN40+'Electricity-Conversion'!AN51+'Electricity-Conversion'!AN62+'Electricity-Conversion'!AN73+'Electricity-Conversion'!AN84+'Electricity-Conversion'!AN95+'Electricity-Conversion'!AN106+'Electricity-Conversion'!AN117+'Electricity-Conversion'!AN128+'Electricity-Conversion'!AN139+'Electricity-Conversion'!AN150+'Electricity-Conversion'!AN161+'Electricity-Conversion'!AN173 -> 4.807172e+08
A3: Lighting and Electronics | B3: ='Electricity-Conversion'!B8+'Electricity-Conversion'!B19+'Electricity-Conversion'!B30+'Electricity-Conversion'!B41+'Electricity-Conversion'!B52+'Electricity-Conversion'!B63+'Electricity-Conversion'!B74+'Electricity-Conversion'!B85+'Electricity-Conversion'!B96+'Electricity-Conversion'!B107+'Electricity-Conversion'!B118+'Electricity-Conversion'!B129+'Electricity-Conversion'!B140+'Electricity-Conversion'!B151+'Electricity-Conversion'!B162+'Electricity-Conversion'!B174 -> 61859331 | C3: ='Electricity-Conversion'!C8+'Electricity-Conversion'!C19+'Electricity-Conversion'!C30+'Electricity-Conversion'!C41+'Electricity-Conversion'!C52+'Electricity-Conversion'!C63+'Electricity-Conversion'!C74+'Electricity-Conversion'!C85+'Electricity-Conversion'!C96+'Electricity-Conversion'!C107+'Electricity-Conversion'!C118+'Electricity-Conversion'!C129+'Electricity-Conversion'!C140+'Electricity-Conversion'!C151+'Electricity-Conversion'!C162+'Electricity-Conversion'!C174 -> 63624672 | D3: ='Electricity-Conversion'!D8+'Electricity-Conversion'!D19+'Electricity-Conversion'!D30+'Electricity-Conversion'!D41+'Electricity-Conversion'!D52+'Electricity-Conversion'!D63+'Electricity-Conversion'!D74+'Electricity-Conversion'!D85+'Electricity-Conversion'!D96+'Electricity-Conversion'!D107+'Electricity-Conversion'!D118+'Electricity-Conversion'!D129+'Electricity-Conversion'!D140+'Electricity-Conversion'!D151+'Electricity-Conversion'!D162+'Electricity-Conversion'!D174 -> 64730020 | E3: ='Electricity-Conversion'!E8+'Electricity-Conversion'!E19+'Electricity-Conversion'!E30+'Electricity-Conversion'!E41+'Electricity-Conversion'!E52+'Electricity-Conversion'!E63+'Electricity-Conversion'!E74+'Electricity-Conversion'!E85+'Electricity-Conversion'!E96+'Electricity-Conversion'!E107+'Electricity-Conversion'!E118+'Electricity-Conversion'!E129+'Electricity-Conversion'!E140+'Electricity-Conversion'!E151+'Electricity-Conversion'!E162+'Electricity-Conversion'!E174 -> 65883470 | F3: ='Electricity-Conversion'!F8+'Electricity-Conversion'!F19+'Electricity-Conversion'!F30+'Electricity-Conversion'!F41+'Electricity-Conversion'!F52+'Electricity-Conversion'!F63+'Electricity-Conversion'!F74+'Electricity-Conversion'!F85+'Electricity-Conversion'!F96+'Electricity-Conversion'!F107+'Electricity-Conversion'!F118+'Electricity-Conversion'!F129+'Electricity-Conversion'!F140+'Electricity-Conversion'!F151+'Electricity-Conversion'!F162+'Electricity-Conversion'!F174 -> 67362437 | G3: ='Electricity-Conversion'!G8+'Electricity-Conversion'!G19+'Electricity-Conversion'!G30+'Electricity-Conversion'!G41+'Electricity-Conversion'!G52+'Electricity-Conversion'!G63+'Electricity-Conversion'!G74+'Electricity-Conversion'!G85+'Electricity-Conversion'!G96+'Electricity-Conversion'!G107+'Electricity-Conversion'!G118+'Electricity-Conversion'!G129+'Electricity-Conversion'!G140+'Electricity-Conversion'!G151+'Electricity-Conversion'!G162+'Electricity-Conversion'!G174 -> 68896520 | H3: ='Electricity-Conversion'!H8+'Electricity-Conversion'!H19+'Electricity-Conversion'!H30+'Electricity-Conversion'!H41+'Electricity-Conversion'!H52+'Electricity-Conversion'!H63+'Electricity-Conversion'!H74+'Electricity-Conversion'!H85+'Electricity-Conversion'!H96+'Electricity-Conversion'!H107+'Electricity-Conversion'!H118+'Electricity-Conversion'!H129+'Electricity-Conversion'!H140+'Electricity-Conversion'!H151+'Electricity-Conversion'!H162+'Electricity-Conversion'!H174 -> 70488814 | I3: ='Electricity-Conversion'!I8+'Electricity-Conversion'!I19+'Electricity-Conversion'!I30+'Electricity-Conversion'!I41+'Electricity-Conversion'!I52+'Electricity-Conversion'!I63+'Electricity-Conversion'!I74+'Electricity-Conversion'!I85+'Electricity-Conversion'!I96+'Electricity-Conversion'!I107+'Electricity-Conversion'!I118+'Electricity-Conversion'!I129+'Electricity-Conversion'!I140+'Electricity-Conversion'!I151+'Electricity-Conversion'!I162+'Electricity-Conversion'!I174 -> 72142599 | ... AN3: ='Electricity-Conversion'!AN8+'Electricity-Conversion'!AN19+'Electricity-Conversion'!AN30+'Electricity-Conversion'!AN41+'Electricity-Conversion'!AN52+'Electricity-Conversion'!AN63+'Electricity-Conversion'!AN74+'Electricity-Conversion'!AN85+'Electricity-Conversion'!AN96+'Electricity-Conversion'!AN107+'Electricity-Conversion'!AN118+'Electricity-Conversion'!AN129+'Electricity-Conversion'!AN140+'Electricity-Conversion'!AN151+'Electricity-Conversion'!AN162+'Electricity-Conversion'!AN174 -> 1.7686778e+08
A4: Elevator or Escalator | B4: ='Electricity-Conversion'!B141+'Electricity-Conversion'!B152+'Electricity-Conversion'!B163+'Electricity-Conversion'!B175+'Electricity-Conversion'!B130+'Electricity-Conversion'!B119+'Electricity-Conversion'!B108+'Electricity-Conversion'!B97+'Electricity-Conversion'!B86+'Electricity-Conversion'!B75+'Electricity-Conversion'!B64+'Electricity-Conversion'!B53+'Electricity-Conversion'!B42+'Electricity-Conversion'!B31+'Electricity-Conversion'!B20+'Electricity-Conversion'!B9 -> 16096471 | C4: ='Electricity-Conversion'!C141+'Electricity-Conversion'!C152+'Electricity-Conversion'!C163+'Electricity-Conversion'!C175+'Electricity-Conversion'!C130+'Electricity-Conversion'!C119+'Electricity-Conversion'!C108+'Electricity-Conversion'!C97+'Electricity-Conversion'!C86+'Electricity-Conversion'!C75+'Electricity-Conversion'!C64+'Electricity-Conversion'!C53+'Electricity-Conversion'!C42+'Electricity-Conversion'!C31+'Electricity-Conversion'!C20+'Electricity-Conversion'!C9 -> 16568465 | D4: ='Electricity-Conversion'!D141+'Electricity-Conversion'!D152+'Electricity-Conversion'!D163+'Electricity-Conversion'!D175+'Electricity-Conversion'!D130+'Electricity-Conversion'!D119+'Electricity-Conversion'!D108+'Electricity-Conversion'!D97+'Electricity-Conversion'!D86+'Electricity-Conversion'!D75+'Electricity-Conversion'!D64+'Electricity-Conversion'!D53+'Electricity-Conversion'!D42+'Electricity-Conversion'!D31+'Electricity-Conversion'!D20+'Electricity-Conversion'!D9 -> 16860772 | E4: ='Electricity-Conversion'!E141+'Electricity-Conversion'!E152+'Electricity-Conversion'!E163+'Electricity-Conversion'!E175+'Electricity-Conversion'!E130+'Electricity-Conversion'!E119+'Electricity-Conversion'!E108+'Electricity-Conversion'!E97+'Electricity-Conversion'!E86+'Electricity-Conversion'!E75+'Electricity-Conversion'!E64+'Electricity-Conversion'!E53+'Electricity-Conversion'!E42+'Electricity-Conversion'!E31+'Electricity-Conversion'!E20+'Electricity-Conversion'!E9 -> 17165998 | F4: ='Electricity-Conversion'!F141+'Electricity-Conversion'!F152+'Electricity-Conversion'!F163+'Electricity-Conversion'!F175+'Electricity-Conversion'!F130+'Electricity-Conversion'!F119+'Electricity-Conversion'!F108+'Electricity-Conversion'!F97+'Electricity-Conversion'!F86+'Electricity-Conversion'!F75+'Electricity-Conversion'!F64+'Electricity-Conversion'!F53+'Electricity-Conversion'!F42+'Electricity-Conversion'!F31+'Electricity-Conversion'!F20+'Electricity-Conversion'!F9 -> 17556717 | G4: ='Electricity-Conversion'!G141+'Electricity-Conversion'!G152+'Electricity-Conversion'!G163+'Electricity-Conversion'!G175+'Electricity-Conversion'!G130+'Electricity-Conversion'!G119+'Electricity-Conversion'!G108+'Electricity-Conversion'!G97+'Electricity-Conversion'!G86+'Electricity-Conversion'!G75+'Electricity-Conversion'!G64+'Electricity-Conversion'!G53+'Electricity-Conversion'!G42+'Electricity-Conversion'!G31+'Electricity-Conversion'!G20+'Electricity-Conversion'!G9 -> 17962268 | H4: ='Electricity-Conversion'!H141+'Electricity-Conversion'!H152+'Electricity-Conversion'!H163+'Electricity-Conversion'!H175+'Electricity-Conversion'!H130+'Electricity-Conversion'!H119+'Electricity-Conversion'!H108+'Electricity-Conversion'!H97+'Electricity-Conversion'!H86+'Electricity-Conversion'!H75+'Electricity-Conversion'!H64+'Electricity-Conversion'!H53+'Electricity-Conversion'!H42+'Electricity-Conversion'!H31+'Electricity-Conversion'!H20+'Electricity-Conversion'!H9 -> 18383498 | I4: ='Electricity-Conversion'!I141+'Electricity-Conversion'!I152+'Electricity-Conversion'!I163+'Electricity-Conversion'!I175+'Electricity-Conversion'!I130+'Electricity-Conversion'!I119+'Electricity-Conversion'!I108+'Electricity-Conversion'!I97+'Electricity-Conversion'!I86+'Electricity-Conversion'!I75+'Electricity-Conversion'!I64+'Electricity-Conversion'!I53+'Electricity-Conversion'!I42+'Electricity-Conversion'!I31+'Electricity-Conversion'!I20+'Electricity-Conversion'!I9 -> 18821303 | ... AN4: ='Electricity-Conversion'!AN141+'Electricity-Conversion'!AN152+'Electricity-Conversion'!AN163+'Electricity-Conversion'!AN175+'Electricity-Conversion'!AN130+'Electricity-Conversion'!AN119+'Electricity-Conversion'!AN108+'Electricity-Conversion'!AN97+'Electricity-Conversion'!AN86+'Electricity-Conversion'!AN75+'Electricity-Conversion'!AN64+'Electricity-Conversion'!AN53+'Electricity-Conversion'!AN42+'Electricity-Conversion'!AN31+'Electricity-Conversion'!AN20+'Electricity-Conversion'!AN9 -> 47072095
A5: Other Electricity Use | B5: ='Electricity-Conversion'!B10+'Electricity-Conversion'!B21+'Electricity-Conversion'!B32+'Electricity-Conversion'!B43+'Electricity-Conversion'!B54+'Electricity-Conversion'!B65+'Electricity-Conversion'!B76+'Electricity-Conversion'!B87+'Electricity-Conversion'!B98+'Electricity-Conversion'!B109+'Electricity-Conversion'!B120+'Electricity-Conversion'!B131+'Electricity-Conversion'!B142+'Electricity-Conversion'!B153+'Electricity-Conversion'!B164+'Electricity-Conversion'!B176 -> 10929408 | C5: ='Electricity-Conversion'!C10+'Electricity-Conversion'!C21+'Electricity-Conversion'!C32+'Electricity-Conversion'!C43+'Electricity-Conversion'!C54+'Electricity-Conversion'!C65+'Electricity-Conversion'!C76+'Electricity-Conversion'!C87+'Electricity-Conversion'!C98+'Electricity-Conversion'!C109+'Electricity-Conversion'!C120+'Electricity-Conversion'!C131+'Electricity-Conversion'!C142+'Electricity-Conversion'!C153+'Electricity-Conversion'!C164+'Electricity-Conversion'!C176 -> 11275267 | D5: ='Electricity-Conversion'!D10+'Electricity-Conversion'!D21+'Electricity-Conversion'!D32+'Electricity-Conversion'!D43+'Electricity-Conversion'!D54+'Electricity-Conversion'!D65+'Electricity-Conversion'!D76+'Electricity-Conversion'!D87+'Electricity-Conversion'!D98+'Electricity-Conversion'!D109+'Electricity-Conversion'!D120+'Electricity-Conversion'!D131+'Electricity-Conversion'!D142+'Electricity-Conversion'!D153+'Electricity-Conversion'!D164+'Electricity-Conversion'!D176 -> 11516643 | E5: ='Electricity-Conversion'!E10+'Electricity-Conversion'!E21+'Electricity-Conversion'!E32+'Electricity-Conversion'!E43+'Electricity-Conversion'!E54+'Electricity-Conversion'!E65+'Electricity-Conversion'!E76+'Electricity-Conversion'!E87+'Electricity-Conversion'!E98+'Electricity-Conversion'!E109+'Electricity-Conversion'!E120+'Electricity-Conversion'!E131+'Electricity-Conversion'!E142+'Electricity-Conversion'!E153+'Electricity-Conversion'!E164+'Electricity-Conversion'!E176 -> 11769913 | F5: ='Electricity-Conversion'!F10+'Electricity-Conversion'!F21+'Electricity-Conversion'!F32+'Electricity-Conversion'!F43+'Electricity-Conversion'!F54+'Electricity-Conversion'!F65+'Electricity-Conversion'!F76+'Electricity-Conversion'!F87+'Electricity-Conversion'!F98+'Electricity-Conversion'!F109+'Electricity-Conversion'!F120+'Electricity-Conversion'!F131+'Electricity-Conversion'!F142+'Electricity-Conversion'!F153+'Electricity-Conversion'!F164+'Electricity-Conversion'!F176 -> 12080570 | G5: ='Electricity-Conversion'!G10+'Electricity-Conversion'!G21+'Electricity-Conversion'!G32+'Electricity-Conversion'!G43+'Electricity-Conversion'!G54+'Electricity-Conversion'!G65+'Electricity-Conversion'!G76+'Electricity-Conversion'!G87+'Electricity-Conversion'!G98+'Electricity-Conversion'!G109+'Electricity-Conversion'!G120+'Electricity-Conversion'!G131+'Electricity-Conversion'!G142+'Electricity-Conversion'!G153+'Electricity-Conversion'!G164+'Electricity-Conversion'!G176 -> 12404817 | H5: ='Electricity-Conversion'!H10+'Electricity-Conversion'!H21+'Electricity-Conversion'!H32+'Electricity-Conversion'!H43+'Electricity-Conversion'!H54+'Electricity-Conversion'!H65+'Electricity-Conversion'!H76+'Electricity-Conversion'!H87+'Electricity-Conversion'!H98+'Electricity-Conversion'!H109+'Electricity-Conversion'!H120+'Electricity-Conversion'!H131+'Electricity-Conversion'!H142+'Electricity-Conversion'!H153+'Electricity-Conversion'!H164+'Electricity-Conversion'!H176 -> 12743466 | I5: ='Electricity-Conversion'!I10+'Electricity-Conversion'!I21+'Electricity-Conversion'!I32+'Electricity-Conversion'!I43+'Electricity-Conversion'!I54+'Electricity-Conversion'!I65+'Electricity-Conversion'!I76+'Electricity-Conversion'!I87+'Electricity-Conversion'!I98+'Electricity-Conversion'!I109+'Electricity-Conversion'!I120+'Electricity-Conversion'!I131+'Electricity-Conversion'!I142+'Electricity-Conversion'!I153+'Electricity-Conversion'!I164+'Electricity-Conversion'!I176 -> 13097373 | ... AN5: ='Electricity-Conversion'!AN10+'Electricity-Conversion'!AN21+'Electricity-Conversion'!AN32+'Electricity-Conversion'!AN43+'Electricity-Conversion'!AN54+'Electricity-Conversion'!AN65+'Electricity-Conversion'!AN76+'Electricity-Conversion'!AN87+'Electricity-Conversion'!AN98+'Electricity-Conversion'!AN109+'Electricity-Conversion'!AN120+'Electricity-Conversion'!AN131+'Electricity-Conversion'!AN142+'Electricity-Conversion'!AN153+'Electricity-Conversion'!AN164+'Electricity-Conversion'!AN176 -> 38693349
A14: Year | B14: Air Conditioner | C14: Air Conditioner (Backcast) | D14: Lighting and Electronics | E14: Lighting and Electronics (Backcast) | F14: Elevator or Escalator | G14: Elevator or Escalator (Backcast) | H14: Other Electricity Use | I14: Other Electricity Use (Backcast)
A15: 2019 | C15: =_xlfn.FORECAST.LINEAR(A15,B$16:B$30,A$16:A$30) -> 1.4483674e+08 | E15: =_xlfn.FORECAST.LINEAR(A15,D$16:D$25,A$16:A$25) -> 57565943 | G15: =_xlfn.FORECAST.LINEAR(A15,F$16:F$30,A$16:A$30) -> 14706887 | I15: =_xlfn.FORECAST.LINEAR(A15,H$16:H$30,A$16:A$30) -> 9769869.5
A16: 2020 | C16: =_xlfn.FORECAST.LINEAR(A16,B$16:B$30,A$16:A$30) -> 1.4913467e+08 | E16: =_xlfn.FORECAST.LINEAR(A16,D$16:D$25,A$16:A$25) -> 58997873 | G16: =_xlfn.FORECAST.LINEAR(A16,F$16:F$30,A$16:A$30) -> 15128791 | I16: =_xlfn.FORECAST.LINEAR(A16,H$16:H$30,A$16:A$30) -> 10112514
A17: 2021 | C17: =_xlfn.FORECAST.LINEAR(A17,B$16:B$30,A$16:A$30) -> 1.534326e+08 | E17: =_xlfn.FORECAST.LINEAR(A17,D$16:D$25,A$16:A$25) -> 60429802 | G17: =_xlfn.FORECAST.LINEAR(A17,F$16:F$30,A$16:A$30) -> 15550696 | I17: =_xlfn.FORECAST.LINEAR(A17,H$16:H$30,A$16:A$30) -> 10455158
A18: 2022 | B18: {=TRANSPOSE(B2:AN2)} -> 1.5910214e+08 | D18: {=TRANSPOSE(B3:AN3)} -> 61859331 | F18: {=TRANSPOSE(B4:AN4)} -> 16096471 | H18: {=TRANSPOSE(B5:AN5)} -> 10929408
A19: 2023 | B19: 1.6377277e+08 | D19: 63624672 | F19: 16568465 | H19: 11275267
A20: 2024 | B20: 1.6676219e+08 | D20: 64730020 | F20: 16860772 | H20: 11516643
A21: 2025 | B21: 1.6988676e+08 | D21: 65883470 | F21: 17165998 | H21: 11769913
A22: 2026 | B22: 1.7385231e+08 | D22: 67362437 | F22: 17556717 | H22: 12080570
A23: 2027 | B23: 1.7797272e+08 | D23: 68896520 | F23: 17962268 | H23: 12404817
A24: 2028 | B24: 1.822569e+08 | D24: 70488814 | F24: 18383498 | H24: 12743466
A25: 2029 | B25: 1.8671429e+08 | D25: 72142599 | F25: 18821303 | H25: 13097373
A26: 2030 | B26: 1.9135489e+08 | D26: 73861350 | F26: 19276636 | H26: 13467452
A27: 2031 | B27: 1.9600872e+08 | D27: 75577682 | F27: 19731914 | H27: 13843085
A28: 2032 | B28: 2.0086677e+08 | D28: 77366224 | F28: 20206706 | H28: 14236831
A29: 2033 | B29: 2.0594099e+08 | D29: 79231108 | F29: 20702147 | H29: 14649781
A30: 2034 | B30: 2.1124404e+08 | D30: 81176716 | F30: 21219442 | H30: 15083096
... A56: 2060 | B56: 4.807172e+08 | D56: 1.7686778e+08 | F56: 47072095 | H56: 38693349

Sheet Commercial-Heating
A1: Year | B1: 2019 | C1: 2020 | D1: 2021 | E1: 2022 | F1: 2023 | G1: 2024 | H1: 2025 | I1: 2026 | J1: 2027 | K1: 2028 | L1: 2029 | M1: 2030 | N1: 2031 | O1: 2032 | P1: 2033 | Q1: 2034 | R1: 2035 | S1: 2036 | T1: 2037 | U1: 2038 | V1: 2039 | W1: 2040 | X1: 2041 | Y1: 2042 | Z1: 2043 | AA1: 2044 | AB1: 2045 | AC1: 2046 | AD1: 2047 | AE1: 2048 | AF1: 2049 | AG1: 2050 | AH1: 2051 | AI1: 2052 | AJ1: 2053 | AK1: 2054 | AL1: 2055 | AM1: 2056 | AN1: 2057 | AO1: 2058 | AP1: 2059 | AQ1: 2060
A2: electricity | B2: 0 | C2: 0 | D2: 0 | E2: 0 | F2: 0 | G2: 0 | H2: 0 | I2: 0 | J2: 0 | K2: 0 | L2: 0 | M2: 0 | N2: 0 | O2: 0 | P2: 0 | Q2: 0 | R2: 0 | S2: 0 | T2: 0 | U2: 0 | V2: 0 | W2: 0 | X2: 0 | Y2: 0 | Z2: 0 | AA2: 0 | AB2: 0 | AC2: 0 | AD2: 0 | AE2: 0 | AF2: 0 | AG2: 0 | AH2: 0 | AI2: 0 | AJ2: 0 | AK2: 0 | AL2: 0 | AM2: 0 | AN2: 0 | AO2: 0 | AP2: 0 | AQ2: 0
A3: coal | B3: 0 | C3: 0 | D3: 0 | E3: 0 | F3: 0 | G3: 0 | H3: 0 | I3: 0 | J3: 0 | K3: 0 | L3: 0 | M3: 0 | N3: 0 | O3: 0 | P3: 0 | Q3: 0 | R3: 0 | S3: 0 | T3: 0 | U3: 0 | V3: 0 | W3: 0 | X3: 0 | Y3: 0 | Z3: 0 | AA3: 0 | AB3: 0 | AC3: 0 | AD3: 0 | AE3: 0 | AF3: 0 | AG3: 0 | AH3: 0 | AI3: 0 | AJ3: 0 | AK3: 0 | AL3: 0 | AM3: 0 | AN3: 0 | AO3: 0 | AP3: 0 | AQ3: 0
A4: natural gas | B4: 0 | C4: 0 | D4: 0 | E4: 0 | F4: 0 | G4: 0 | H4: 0 | I4: 0 | J4: 0 | K4: 0 | L4: 0 | M4: 0 | N4: 0 | O4: 0 | P4: 0 | Q4: 0 | R4: 0 | S4: 0 | T4: 0 | U4: 0 | V4: 0 | W4: 0 | X4: 0 | Y4: 0 | Z4: 0 | AA4: 0 | AB4: 0 | AC4: 0 | AD4: 0 | AE4: 0 | AF4: 0 | AG4: 0 | AH4: 0 | AI4: 0 | AJ4: 0 | AK4: 0 | AL4: 0 | AM4: 0 | AN4: 0 | AO4: 0 | AP4: 0 | AQ4: 0
