Workbook

Sheet About
A1: BCS BAU CCS Subsidy
A3: Source: | B3: None needed
A5: Notes:
A6: Indonesia does not currently have a CCS subsidy
A7: This variable captures any BAU subsidies for CCS, specified in dollars per ton captured.
A8: For electricity, adjust the credit value based on its duration relative to the financing repayment period
A10: 0.785 | B10: 2022 to 2012 USD
A12: Tax Credit Amount | B12: 0
A14: Duration | B14: 0

Sheet Electricity Calculations
A1: Credit Amount | B1: =About!B12 -> 0
A2: Repayment Period for Financing | B2: 20
A3: 45Q Credit Duration | B3: 12
A4: Credit Value | B4: =B1*B3/B2 -> 0

Sheet BCS-BCS
A1: $ / metric ton | B1: 2021 | C1: 2022 | D1: 2023 | E1: 2024 | F1: 2025 | G1: 2026 | H1: 2027 | I1: 2028 | J1: 2029 | K1: 2030 | L1: 2031 | M1: 2032 | N1: 2033 | O1: 2034 | P1: 2035 | Q1: 2036 | R1: 2037 | S1: 2038 | T1: 2039 | U1: 2040 | V1: 2041 | W1: 2042 | X1: 2043 | Y1: 2044 | Z1: 2045 | AA1: 2046 | AB1: 2047 | AC1: 2048 | AD1: 2049 | AE1: 2050
A2: electricity sector | B2: 0 | C2: 0 | D2: =About!$B$12*About!$A$10 -> 0 | E2: =About!$B$12*About!$A$10 -> 0 | F2: =About!$B$12*About!$A$10 -> 0 | G2: =About!$B$12*About!$A$10 -> 0 | H2: =About!$B$12*About!$A$10 -> 0 | I2: =About!$B$12*About!$A$10 -> 0 | J2: =About!$B$12*About!$A$10 -> 0 | K2: =About!$B$12*About!$A$10 -> 0 | ... M2: =About!$B$12*About!$A$10 -> 0 | N2: 0 | O2: 0 | P2: 0 | Q2: 0 | R2: 0 | S2: 0 | T2: 0 | U2: 0 | V2: 0 | W2: 0 | X2: 0 | Y2: 0 | Z2: 0 | AA2: 0 | AB2: 0 | AC2: 0 | AD2: 0 | AE2: 0
A3: industry sector | B3: 0 | C3: 0 | D3: =About!$B$12*About!$A$10 -> 0 | E3: =About!$B$12*About!$A$10 -> 0 | F3: =About!$B$12*About!$A$10 -> 0 | G3: =About!$B$12*About!$A$10 -> 0 | H3: =About!$B$12*About!$A$10 -> 0 | I3: =About!$B$12*About!$A$10 -> 0 | J3: =About!$B$12*About!$A$10 -> 0 | K3: =About!$B$12*About!$A$10 -> 0 | ... M3: =About!$B$12*About!$A$10 -> 0 | N3: 0 | O3: 0 | P3: 0 | Q3: 0 | R3: 0 | S3: 0 | T3: 0 | U3: 0 | V3: 0 | W3: 0 | X3: 0 | Y3: 0 | Z3: 0 | AA3: 0 | AB3: 0 | AC3: 0 | AD3: 0 | AE3: 0

Sheet BCS-DoSfCS
A1: Years | B1: 2021 | C1: 2022 | D1: 2023 | E1: 2024 | F1: 2025 | G1: 2026 | H1: 2027 | I1: 2028 | J1: 2029 | K1: 2030 | L1: 2031 | M1: 2032 | N1: 2033 | O1: 2034 | P1: 2035 | Q1: 2036 | R1: 2037 | S1: 2038 | T1: 2039 | U1: 2040 | V1: 2041 | W1: 2042 | X1: 2043 | Y1: 2044 | Z1: 2045 | AA1: 2046 | AB1: 2047 | AC1: 2048 | AD1: 2049 | AE1: 2050
A2: Duration | B2: 0 | C2: =$B$2 -> 0 | D2: =$B$2 -> 0 | E2: =$B$2 -> 0 | F2: =$B$2 -> 0 | G2: =$B$2 -> 0 | H2: =$B$2 -> 0 | I2: =$B$2 -> 0 | J2: =$B$2 -> 0 | ... AE2: =$B$2 -> 0
