Workbook
Name acres_per_hectare: #REF!
Name acres_per_million_hectares: #REF!
Name acres_per_million_hectares: #REF!
Name C_to_CO2: '[1]Conversion Factors'!$A$4
Name grams_per_ton: #REF!

Sheet About
A1: PLANAbPiaSY Potential Land Area Newly Affected by Policy in a Single Year
A3: Sources: | B3: COPENHAGEN CONSENSUS ON CLIMATE
B4: An Analysis of Forestry Carbon Sequestration as a Response to Climate Change
B5: 2009
B6: Carbon Sequestration rate for Afforestation, reforestation and restoration
B7: https://aede.osu.edu/sites/aede/files/publication_files/Analysis%20of%20Forestry%20Carbon.pdf#:~:text=Deforestation%20causes%20about%205%20billion%20tons%20CO2,in%20biomass%20(see%20Kindermann%20et%20al.%2C%202008).
B8: Page 7 to 9
B10: Global Watch Forest
B11: Potential land area (deforestation)
B12: 2015-2020
B13: Deforestation rate
B14: https://www.globalforestwatch.org/dashboards/country/IDN/?category=climate&location=WyJjb3VudHJ5IiwiSUROIl0%3D
B17: PennState Extension
B18: Carbon Accounting in Forest Management
B19: 2023
B20: Carbon Sequestration rate for forest management
B21: https://extension.psu.edu/carbon-accounting-in-forest-management#:~:text=Delaying%20harvest%20is%20another%20common,stored%20beyond%20the%20baseline%20amount.
B24: Griscom et al.
B25: Natural climate solutions
B26: Country level maximum mitigation potential
B27: 2017
B28: Carbon Sequestration rate for forest management
B29: https://www.pnas.org/doi/10.1073/pnas.1710465114
B32: Griscom et al.
B33: Indonesia targets 2.3m hectares of protected forests for food & biofuel crop production
B34: 2025
B35: Forest set asides
B36: https://news.mongabay.com/2025/02/indonesia-targets-2-3m-hectares-of-protected-forests-for-food-biofuel-crop-production/#:~:text=Out%20of%20Indonesia%27s%2027%20million,among%20environmental%20groups%20and%20lawmakers.
A38: Notes
A39: In the US EPS, we repurpose the forest restoration policy to represent
A40: grassland restoration and avoided conversion.
A42: Because most forest management policies in the US are targeted at privately
A43: owned lands, we calculate the available acreage for the forest management
A44: policy based on a share of private owned forests.
A46: Guidance regarding acres available per year in TNC data:

Sheet Set Asides
A1: Annual Acreage Cut
A2: thousand acres
B3: Clearcut | C3: Partial Cut
A4: All Owners | B4: 3774 | C4: 6081
A6: We assume that a "Partial Cut" results in 50% deforestation on a given acre,
A7: so we weight partial cut half as heavily as clearcut when determining the number
A8: of acres cut per year.
A10: Acres Cut per Year
A11: =B4+(0.5*C4) -> 6814.5 | B11: thousand acres
A12: =A11*1000 -> 6814500 | B12: acres
A14: How many of these acres are available annually for set-asides?
A15: This depends on the speed with which timber harvesting could be scaled
A16: down, given the need to find replacement materials for forest products.
A17: It also is likely not desirable to completely cease timber harvesting,
A18: as wood is a renewable resource and may be better than fabricating
A19: certain replacement materials. Lacking good data on this,
A20: we will assume that timber harvesting could be reduced from its
A21: present scale by 2% of its current level per year. The model run
A22: period (2016-2050) is 35 years long, so if the policy were to
A23: be implemented in full strength throughout the entire model run,
A24: there would be a total 70% reduction in timber harvesting per year
A25: by the end.
A27: 0.02 | B27: potential reduction in timber harvesting achievable per year
A29: =A12*A27 -> 136290 | B29: acres potentially available for forest set-asides per year

Sheet CO2 Sequestrated
B1: g CO2 / acre / yr | D1: g to ton | G1: ton CO2 / acre / yr
A2: forest set asides | B2: 0 | D2: 1000000 | F2: forest set asides | G2: =B2/$D$2 -> 0
A3: afforestation and reforestation | B3: 7921902 | F3: afforestation and reforestation | G3: =B3/$D$2 -> 7.921902
A4: improved forest management | B4: 0 | F4: improved forest management | G4: =B4/$D$2 -> 0
A5: avoid deforestation | B5: 7921902 | F5: avoid deforestation | G5: =B5/$D$2 -> 7.921902
A6: peatland restoration | B6: 7253293 | F6: peatland restoration | G6: =B6/$D$2 -> 7.253293
A7: forest restoration | B7: 3712996 | F7: forest restoration | G7: =B7/$D$2 -> 3.712996

Sheet Potential land area
A1: Afforestation and Reforestation | E1: Forest Management | I1: Deforestation | M1: Peatland Restoration
A2: Carbon sequestration rate (t CO2e/acres/year) | B2: ='CO2 Sequestrated'!G3 -> 7.921902 | E2: Carbon sequestration rate (t CO2e/ha/year) | F2: 0.2 to 85 | I2: Year | J2: 2015-2020 | M2: Carbon sequestration rate (t CO2e/ha/year) | N2: ='CO2 Sequestrated'!G6 -> 7.253293
E3: Average (t CO2e/ha/year) | F3: =(2+85)/2 -> 43.5 | I3: Deforestation rate (kha/year) | J3: 650
A4: Reforestation (Tg CO2e/year) | B4: 212.02 | E4: ha to acres | F4: 2.4710538 | I4: kha to acres | J4: 2471 | M4: ha to acres | N4: 2.4710538
A5: Tg CO2e to t CO2e | B5: 1000000 | E5: Average (t CO2e/acres/year) | F5: =F3/F4 -> 17.603825 | I5: avoid deforestation (acres/year) | J5: =J3*J4 -> 1606150
E6: Forest management (Tg CO2e/year) | F6: 80.25 | M6: Peatland restoration (Tg CO2e/year) | N6: 363.85 | O6: 1.5 | P6: 2
E7: Tg CO2e to t CO2e | F7: 1000000 | M7: Tg CO2e to t CO2e | N7: 1000000
A8: Reforestation (t CO2e/year) | B8: =B4*B5 -> 212020000 | E8: Forest management (t CO2e/year) | F8: =F6*F7 -> 80250000 | M8: Peatland restoration (t CO2e/year) | N8: =N6*N7 -> 363850000 | O8: =O6*N7 -> 1500000 | P8: =P6*N7 -> 2000000
A9: Afforestation and Reforestation (acres) | B9: =B8/B2 -> 26763775 | E9: Forest management (acres/year) | F9: =F8/F5 -> 4558668.2 | M9: Peatland restoration (acres) | N9: =(N8/N2)*N4 -> 1.2395652e+08 | O9: =(O8/N2)*N4 -> 511020.4 | P9: =(P8*N13)/N4 -> 2967964.5
M11: Peatland Sequestration Rate (Mg C/ha/year) | N11: 0.5 to 1.5
M12: Mg C to t CO2 | N12: 3.667
A13: Forest Restoration | E13: Forest Set Asides | M13: Peatland Sequestration Rate (t CO₂/ha/year) | N13: =((0.5+1.5)/2)*N12 -> 3.667
A14: Carbon sequestration rate (tonnes/ha/year) | B14: ='CO2 Sequestrated'!G7 -> 3.712996 | E14: Forest Set Asides (acres) | F14: 50100000 | M14: Peatland restoration (acres) | N14: =(O8/N13)*N4 -> 1010793.8
E15: Source: Mongabay (2025)
A16: ha to acres | B16: 2.4710538 | E16: Length of sumulation | F16: 50
A17: Average (t CO2e/acres/year) | B17: =B15/B16 -> 0 | E17: Forest Set Asides (acres/year) | F17: =F14/F16 -> 1002000
A18: Forest restoration (Tg CO2e/year) | B18: 21.56
A19: Tg CO2e to t CO2e | B19: 1000000
A20: Forest restoration (t CO2e/year) | B20: =B18*B19 -> 21560000
A21: Forest restoration (acres) | B21: =B20/B14 -> 5806631.6
A26: Griscom et al. has a 2030 value and therefore we use the acres estimated in 2030 as the maximum annual rate.
A30: Despite their considerable environmental significance, only 6 % of Indonesian peatlands remain intact while 13.4–14.9 million ha (87–97 %) are considered degraded
A31: https://www.sciencedirect.com/science/article/pii/S2212041624001001?ref=pdf_download&fr=RR-2&rr=967b26ebdf079032
A33: Nevertheless, degraded and drained peatlands are estimated to emit 1.9 gigatonnes of CO2e annually
A34: https://www.nature.org/en-us/about-us/where-we-work/asia-pacific/indonesia/stories-in-indonesia/peatland-conservation/
A36: Indonesia’s peatlands have not been fully and accurately mapped, so estimates of their extent vary widely, ranging from the official figure of approximately 15 million hectares (ha) to more than 22 million ha.2,
A37: https://gggi.org/wp-content/uploads/2020/11/Indonesia-Peat-Insight-Brief_October2020_tentative.pdf
B39: Millions ha | C39: Millions acres | D39: Acres | E39: 2030 target millions ha | F39: 2030 target acres
A40: Peatland area | B40: 22 | C40: =N4*B40 -> 54.363184 | D40: =C40*1000000 -> 54363184 | E40: 1.7 | F40: =E40*N4*1000000 -> 4200791.5
A41: Degradated land | B41: =(13.4+14.9)/2 -> 14.15 | C41: =N4*B41 -> 34.965411 | D41: =C41*1000000 -> 34965411
A43: Emissions from degradated land (Gt CO2e/year) | B43: 1.9
F47: 60 t CO2 per ha
A64: https://gggi.org/wp-content/uploads/2020/11/Indonesia-Peat-Insight-Brief_October2020_tentative.pdf
A67: Conversely, rewetting 590 km2/year aligns with Indonesia’s FOLU Net Sink 2030 target (−140 Mt CO2e) and mitigates 1.4–1.6 MtCO2 annually
A68: https://www.mdpi.com/3042-4658/2/3/17

Sheet PLANAbPiaSY
A1: Potential Land Area (acres/year) | B1: 2020 | C1: 2021 | D1: 2022 | E1: 2023 | F1: 2024 | G1: 2025 | H1: 2026 | I1: 2027 | J1: 2028 | K1: 2029 | L1: 2030 | M1: 2031 | N1: 2032 | O1: 2033 | P1: 2034 | Q1: 2035 | R1: 2036 | S1: 2037 | T1: 2038 | U1: 2039 | V1: 2040 | W1: 2041 | X1: 2042 | Y1: 2043 | Z1: 2044 | AA1: 2045 | AB1: 2046 | AC1: 2047 | AD1: 2048 | AE1: 2049 | AF1: 2050 | AG1: 2051 | AH1: 2052 | AI1: 2053 | AJ1: 2054 | AK1: 2055 | AL1: 2056 | AM1: 2057 | AN1: 2058 | AO1: 2059 | AP1: 2060 | AQ1: 2061 | AR1: 2062 | AS1: 2063 | AT1: 2064 | AU1: 2065 | AV1: 2066 | AW1: 2067 | AX1: 2068 | AY1: 2069 | AZ1: 2070
A2: forest set asides | B2: ='Potential land area'!F17 -> 1002000 | C2: =B2 -> 1002000 | D2: =C2 -> 1002000 | E2: =D2 -> 1002000 | F2: =E2 -> 1002000 | G2: =F2 -> 1002000 | H2: =G2 -> 1002000 | I2: =H2 -> 1002000 | J2: =I2 -> 1002000 | ... AZ2: =AY2 -> 1002000
A3: afforestation and reforestation | B3: ='Potential land area'!B9 -> 26763775 | C3: =B3 -> 26763775 | D3: =C3 -> 26763775 | E3: =D3 -> 26763775 | F3: =E3 -> 26763775 | G3: =F3 -> 26763775 | H3: =G3 -> 26763775 | I3: =H3 -> 26763775 | J3: =I3 -> 26763775 | ... AZ3: =AY3 -> 26763775
A4: improved forest management | B4: ='Potential land area'!F9 -> 4558668.2 | C4: =B4 -> 4558668.2 | D4: =C4 -> 4558668.2 | E4: =D4 -> 4558668.2 | F4: =E4 -> 4558668.2 | G4: =F4 -> 4558668.2 | H4: =G4 -> 4558668.2 | I4: =H4 -> 4558668.2 | J4: =I4 -> 4558668.2 | ... AZ4: =AY4 -> 4558668.2
A5: avoid deforestation | B5: ='Potential land area'!J5 -> 1606150 | C5: =B5 -> 1606150 | D5: =C5 -> 1606150 | E5: =D5 -> 1606150 | F5: =E5 -> 1606150 | G5: =F5 -> 1606150 | H5: =G5 -> 1606150 | I5: =H5 -> 1606150 | J5: =I5 -> 1606150 | ... AZ5: =AY5 -> 1606150
A6: peatland restoration | B6: 0 | C6: =B6 -> 0 | D6: =C6 -> 0 | E6: =D6 -> 0 | F6: =E6 -> 0 | G6: =F6 -> 0 | H6: =G6 -> 0 | I6: ='Potential land area'!P9 -> 2967964.5 | J6: =I6 -> 2967964.5 | K6: =J6 -> 2967964.5 | L6: =K6 -> 2967964.5 | M6: =L6 -> 2967964.5 | N6: =M6 -> 2967964.5 | O6: =N6 -> 2967964.5 | P6: =O6 -> 2967964.5 | Q6: =P6 -> 2967964.5 | ... T6: =S6 -> 2967964.5 | U6: 0 | V6: =U6 -> 0 | W6: =V6 -> 0 | X6: =W6 -> 0 | Y6: =X6 -> 0 | Z6: =Y6 -> 0 | AA6: =Z6 -> 0 | AB6: =AA6 -> 0 | AC6: =AB6 -> 0 | ... AZ6: =AY6 -> 0
A7: forest restoration | B7: ='Potential land area'!B21 -> 5806631.6 | C7: =B7 -> 5806631.6 | D7: =C7 -> 5806631.6 | E7: =D7 -> 5806631.6 | F7: =E7 -> 5806631.6 | G7: =F7 -> 5806631.6 | H7: =G7 -> 5806631.6 | I7: =H7 -> 5806631.6 | J7: =I7 -> 5806631.6 | ... AZ7: =AY7 -> 5806631.6
